id_compra,fecha,id_proveedor,proveedor,id_almacen,almacen,id_producto,producto,cantidad,precio_compra,monto
1,2022-12-01,1,Prov Vehículos,1,SURCO,1,AUTO HONDA ACCORD 2014,4,23400,93600
2,2022-12-01,1,Prov Vehículos,1,SURCO,2,AUTO HONDA CIVIC 2014,10,18850,188500
3,2022-12-01,1,Prov Vehículos,1,SURCO,4,AUTO HONDA CRV 2014,9,23400,210600
4,2022-12-01,1,Prov Vehículos,1,SURCO,5,AUTO HONDA PILOT 2013,9,18850,169650
5,2022-12-01,1,Prov Vehículos,1,SURCO,6,AUTO HONDA FIT 2016,10,21450,214500
6,2022-12-01,1,Prov Vehículos,1,SURCO,7,AUTO HONDA CITY 2016,5,26000,130000
7,2022-12-01,1,Prov Vehículos,1,SURCO,8,CAMIONETA HONDA ELEMENT 2013,5,33800,169000
8,2022-12-01,1,Prov Vehículos,1,SURCO,9,CAMIONETA HONDA CROSSTOUR 2013,6,37050,222300
9,2022-12-01,1,Prov Vehículos,1,SURCO,10,CAMIONETA HONDA CR-Z 2015,6,29900,179400
10,2022-12-01,1,Prov Vehículos,1,SURCO,11,CAMIONETA HONDA RID LINE PICK UP 2014,5,40950,204750
11,2022-12-01,2,Prov Repuestos,2,LA MOLINA,38,ACEITE DE MOTOR 5W30 FULL SINTÉTICO,178,96,17088
12,2022-12-01,2,Prov Repuestos,1,SURCO,39,FILTRO DE COMBUSTIBLE,22,92,2024
13,2022-12-01,2,Prov Repuestos,2,LA MOLINA,41,AMORTIGUADORES POSTERIORES,134,96,12864
14,2022-12-01,2,Prov Repuestos,2,LA MOLINA,42,"LLANTAS 18""",119,46,5474
15,2022-12-01,2,Prov Repuestos,1,SURCO,43,BATERÍA DE 18 PLACAS,75,90,6750
16,2022-12-01,1,Prov Vehículos,1,SURCO,1,AUTO HONDA ACCORD 2014,11,23400,257400
17,2022-12-01,1,Prov Vehículos,1,SURCO,2,AUTO HONDA CIVIC 2014,2,18850,37700
18,2022-12-01,1,Prov Vehículos,1,SURCO,3,AUTO HONDA ODISSEY 2013,10,26000,260000
19,2022-12-01,1,Prov Vehículos,1,SURCO,4,AUTO HONDA CRV 2014,3,23400,70200
20,2022-12-01,1,Prov Vehículos,1,SURCO,5,AUTO HONDA PILOT 2013,13,18850,245050
21,2022-12-01,1,Prov Vehículos,1,SURCO,7,AUTO HONDA CITY 2016,9,26000,234000
22,2022-12-01,1,Prov Vehículos,1,SURCO,8,CAMIONETA HONDA ELEMENT 2013,5,33800,169000
23,2022-12-01,1,Prov Vehículos,1,SURCO,9,CAMIONETA HONDA CROSSTOUR 2013,7,37050,259350
24,2022-12-01,1,Prov Vehículos,1,SURCO,10,CAMIONETA HONDA CR-Z 2015,2,29900,59800
25,2022-12-01,1,Prov Vehículos,1,SURCO,11,CAMIONETA HONDA RID LINE PICK UP 2014,9,40950,368550
26,2022-12-01,2,Prov Repuestos,1,SURCO,39,FILTRO DE COMBUSTIBLE,16,92,1472
27,2022-12-01,2,Prov Repuestos,2,LA MOLINA,40,AMORTIGUADORES DELANTEROS,126,241,30366
28,2022-12-01,2,Prov Repuestos,2,LA MOLINA,42,"LLANTAS 18""",166,46,7636
29,2022-12-01,2,Prov Repuestos,1,SURCO,43,BATERÍA DE 18 PLACAS,61,90,5490
30,2022-12-15,1,Prov Vehículos,1,SURCO,1,AUTO HONDA ACCORD 2014,9,23400,210600
31,2022-12-15,1,Prov Vehículos,1,SURCO,2,AUTO HONDA CIVIC 2014,7,18850,131950
32,2022-12-15,1,Prov Vehículos,1,SURCO,3,AUTO HONDA ODISSEY 2013,7,26000,182000
33,2022-12-15,1,Prov Vehículos,1,SURCO,4,AUTO HONDA CRV 2014,9,23400,210600
34,2022-12-15,1,Prov Vehículos,1,SURCO,5,AUTO HONDA PILOT 2013,7,18850,131950
35,2022-12-15,1,Prov Vehículos,1,SURCO,6,AUTO HONDA FIT 2016,10,21450,214500
36,2022-12-15,1,Prov Vehículos,1,SURCO,7,AUTO HONDA CITY 2016,13,26000,338000
37,2022-12-15,1,Prov Vehículos,1,SURCO,8,CAMIONETA HONDA ELEMENT 2013,7,33800,236600
38,2022-12-15,1,Prov Vehículos,1,SURCO,9,CAMIONETA HONDA CROSSTOUR 2013,2,37050,74100
39,2022-12-15,1,Prov Vehículos,1,SURCO,10,CAMIONETA HONDA CR-Z 2015,5,29900,149500
40,2022-12-15,1,Prov Vehículos,1,SURCO,11,CAMIONETA HONDA RID LINE PICK UP 2014,2,40950,81900
41,2023-01-01,1,Prov Vehículos,2,LA MOLINA,3,AUTO HONDA ODISSEY 2013,3,26000,78000
42,2023-03-15,1,Prov Vehículos,2,LA MOLINA,10,CAMIONETA HONDA CR-Z 2015,1,25000,25000
43,2023-03-15,2,Prov Repuestos,2,LA MOLINA,43,BATERÍA DE 18 PLACAS,9,104,936
44,2023-04-01,1,Prov Vehículos,2,LA MOLINA,6,AUTO HONDA FIT 2016,1,19500,19500
45,2023-04-01,2,Prov Repuestos,1,SURCO,42,"LLANTAS 18""",10,36,360
46,2023-04-01,2,Prov Repuestos,2,LA MOLINA,43,BATERÍA DE 18 PLACAS,25,94,2350
47,2023-04-15,1,Prov Vehículos,2,LA MOLINA,6,AUTO HONDA FIT 2016,8,19500,156000
48,2023-04-15,2,Prov Repuestos,1,SURCO,42,"LLANTAS 18""",20,36,720
49,2023-04-15,2,Prov Repuestos,1,SURCO,43,BATERÍA DE 18 PLACAS,14,94,1316
50,2023-05-01,1,Prov Vehículos,2,LA MOLINA,2,AUTO HONDA CIVIC 2014,1,15500,15500
51,2023-05-01,1,Prov Vehículos,2,LA MOLINA,6,AUTO HONDA FIT 2016,3,19500,58500
52,2023-05-01,1,Prov Vehículos,2,LA MOLINA,10,CAMIONETA HONDA CR-Z 2015,1,25000,25000
53,2023-05-01,2,Prov Repuestos,2,LA MOLINA,38,ACEITE DE MOTOR 5W30 FULL SINTÉTICO,57,105,5985
54,2023-05-01,2,Prov Repuestos,1,SURCO,42,"LLANTAS 18""",7,68,476
55,2023-05-01,2,Prov Repuestos,1,SURCO,43,BATERÍA DE 18 PLACAS,8,93,744
56,2023-05-15,2,Prov Repuestos,2,LA MOLINA,42,"LLANTAS 18""",37,68,2516
57,2023-05-15,2,Prov Repuestos,1,SURCO,43,BATERÍA DE 18 PLACAS,12,93,1116
58,2023-06-01,2,Prov Repuestos,2,LA MOLINA,42,"LLANTAS 18""",46,64,2944
59,2023-06-01,2,Prov Repuestos,1,SURCO,43,BATERÍA DE 18 PLACAS,38,83,3154
60,2023-06-15,2,Prov Repuestos,2,LA MOLINA,43,BATERÍA DE 18 PLACAS,40,83,3320
61,2023-07-01,2,Prov Repuestos,1,SURCO,39,FILTRO DE COMBUSTIBLE,10,101,1010
62,2023-07-01,2,Prov Repuestos,2,LA MOLINA,42,"LLANTAS 18""",154,60,9240
63,2023-07-01,2,Prov Repuestos,1,SURCO,43,BATERÍA DE 18 PLACAS,35,102,3570
64,2023-07-15,1,Prov Vehículos,2,LA MOLINA,6,AUTO HONDA FIT 2016,3,19800,59400
65,2023-07-15,2,Prov Repuestos,2,LA MOLINA,43,BATERÍA DE 18 PLACAS,30,102,3060
66,2023-08-01,1,Prov Vehículos,2,LA MOLINA,4,AUTO HONDA CRV 2014,1,18000,18000
67,2023-08-01,1,Prov Vehículos,2,LA MOLINA,10,CAMIONETA HONDA CR-Z 2015,2,25200,50400
68,2023-08-01,2,Prov Repuestos,1,SURCO,42,"LLANTAS 18""",35,48,1680
69,2023-08-15,1,Prov Vehículos,2,LA MOLINA,6,AUTO HONDA FIT 2016,1,19800,19800
70,2023-08-15,1,Prov Vehículos,2,LA MOLINA,10,CAMIONETA HONDA CR-Z 2015,3,25200,75600
71,2023-08-15,2,Prov Repuestos,1,SURCO,42,"LLANTAS 18""",14,48,672
72,2023-08-15,2,Prov Repuestos,1,SURCO,43,BATERÍA DE 18 PLACAS,24,86,2064
73,2023-09-01,1,Prov Vehículos,2,LA MOLINA,2,AUTO HONDA CIVIC 2014,3,12000,36000
74,2023-09-01,1,Prov Vehículos,2,LA MOLINA,4,AUTO HONDA CRV 2014,1,15000,15000
75,2023-09-01,1,Prov Vehículos,2,LA MOLINA,10,CAMIONETA HONDA CR-Z 2015,1,21000,21000
76,2023-09-01,1,Prov Vehículos,2,LA MOLINA,11,CAMIONETA HONDA RID LINE PICK UP 2014,2,28000,56000
77,2023-09-01,2,Prov Repuestos,2,LA MOLINA,38,ACEITE DE MOTOR 5W30 FULL SINTÉTICO,130,112,14560
78,2023-09-01,2,Prov Repuestos,2,LA MOLINA,40,AMORTIGUADORES DELANTEROS,124,217,26908
79,2023-09-01,2,Prov Repuestos,2,LA MOLINA,41,AMORTIGUADORES POSTERIORES,118,106,12508
80,2023-09-01,2,Prov Repuestos,2,LA MOLINA,42,"LLANTAS 18""",71,69,4899
81,2023-09-15,2,Prov Repuestos,1,SURCO,38,ACEITE DE MOTOR 5W30 FULL SINTÉTICO,28,112,3136
82,2023-09-15,2,Prov Repuestos,1,SURCO,39,FILTRO DE COMBUSTIBLE,1,93,93
83,2023-09-15,2,Prov Repuestos,1,SURCO,43,BATERÍA DE 18 PLACAS,12,62,744
84,2023-10-01,2,Prov Repuestos,1,SURCO,39,FILTRO DE COMBUSTIBLE,1,118,118
85,2023-10-15,2,Prov Repuestos,1,SURCO,39,FILTRO DE COMBUSTIBLE,5,118,590
86,2023-11-01,2,Prov Repuestos,1,SURCO,39,FILTRO DE COMBUSTIBLE,10,118,1180
87,2023-11-01,2,Prov Repuestos,2,LA MOLINA,40,AMORTIGUADORES DELANTEROS,56,226,12656
88,2023-11-01,2,Prov Repuestos,2,LA MOLINA,43,BATERÍA DE 18 PLACAS,79,79,6241
89,2023-11-15,1,Prov Vehículos,2,LA MOLINA,4,AUTO HONDA CRV 2014,3,21600,64800
90,2023-11-15,1,Prov Vehículos,2,LA MOLINA,6,AUTO HONDA FIT 2016,3,21600,64800
91,2023-11-15,1,Prov Vehículos,2,LA MOLINA,10,CAMIONETA HONDA CR-Z 2015,2,34800,69600
92,2023-11-15,1,Prov Vehículos,2,LA MOLINA,11,CAMIONETA HONDA RID LINE PICK UP 2014,3,22800,68400
93,2023-12-01,1,Prov Vehículos,2,LA MOLINA,1,AUTO HONDA ACCORD 2014,1,19500,19500
94,2023-12-01,1,Prov Vehículos,2,LA MOLINA,3,AUTO HONDA ODISSEY 2013,3,22750,68250
95,2023-12-01,1,Prov Vehículos,2,LA MOLINA,4,AUTO HONDA CRV 2014,2,23400,46800
96,2023-12-01,1,Prov Vehículos,2,LA MOLINA,7,AUTO HONDA CITY 2016,4,22750,91000
97,2023-12-01,1,Prov Vehículos,2,LA MOLINA,8,CAMIONETA HONDA ELEMENT 2013,2,31200,62400
98,2023-12-01,1,Prov Vehículos,2,LA MOLINA,9,CAMIONETA HONDA CROSSTOUR 2013,1,30550,30550
99,2023-12-01,1,Prov Vehículos,2,LA MOLINA,10,CAMIONETA HONDA CR-Z 2015,2,37700,75400
100,2023-12-01,1,Prov Vehículos,2,LA MOLINA,11,CAMIONETA HONDA RID LINE PICK UP 2014,3,24700,74100
101,2023-12-01,2,Prov Repuestos,1,SURCO,43,BATERÍA DE 18 PLACAS,60,102,6120
102,2023-12-15,1,Prov Vehículos,1,SURCO,2,AUTO HONDA CIVIC 2014,2,21450,42900
103,2023-12-15,1,Prov Vehículos,1,SURCO,5,AUTO HONDA PILOT 2013,3,26650,79950
104,2023-12-15,1,Prov Vehículos,1,SURCO,6,AUTO HONDA FIT 2016,4,23400,93600
105,2023-12-15,1,Prov Vehículos,1,SURCO,8,CAMIONETA HONDA ELEMENT 2013,4,31200,124800
106,2023-12-15,1,Prov Vehículos,1,SURCO,10,CAMIONETA HONDA CR-Z 2015,3,37700,113100
107,2023-12-15,2,Prov Repuestos,2,LA MOLINA,40,AMORTIGUADORES DELANTEROS,124,227,28148
108,2023-12-15,2,Prov Repuestos,1,SURCO,43,BATERÍA DE 18 PLACAS,19,102,1938
109,2024-01-01,1,Prov Vehículos,1,SURCO,1,AUTO HONDA ACCORD 2014,2,21450,42900
110,2024-01-01,1,Prov Vehículos,1,SURCO,2,AUTO HONDA CIVIC 2014,2,21450,42900
111,2024-01-01,1,Prov Vehículos,1,SURCO,4,AUTO HONDA CRV 2014,8,23400,187200
112,2024-01-01,1,Prov Vehículos,1,SURCO,5,AUTO HONDA PILOT 2013,5,26650,133250
113,2024-01-01,1,Prov Vehículos,1,SURCO,6,AUTO HONDA FIT 2016,6,23400,140400
114,2024-01-01,1,Prov Vehículos,1,SURCO,9,CAMIONETA HONDA CROSSTOUR 2013,2,30550,61100
115,2024-01-01,1,Prov Vehículos,1,SURCO,10,CAMIONETA HONDA CR-Z 2015,1,31850,31850
116,2024-01-01,2,Prov Repuestos,1,SURCO,39,FILTRO DE COMBUSTIBLE,18,110,1980
117,2024-01-01,2,Prov Repuestos,1,SURCO,40,AMORTIGUADORES DELANTEROS,7,257,1799
118,2024-01-01,2,Prov Repuestos,1,SURCO,43,BATERÍA DE 18 PLACAS,3,93,279
119,2024-01-15,2,Prov Repuestos,1,SURCO,43,BATERÍA DE 18 PLACAS,14,93,1302
120,2024-02-01,1,Prov Vehículos,2,LA MOLINA,1,AUTO HONDA ACCORD 2014,1,16500,16500
121,2024-02-01,1,Prov Vehículos,2,LA MOLINA,2,AUTO HONDA CIVIC 2014,3,16000,48000
122,2024-02-01,1,Prov Vehículos,2,LA MOLINA,3,AUTO HONDA ODISSEY 2013,1,17500,17500
123,2024-02-01,1,Prov Vehículos,2,LA MOLINA,4,AUTO HONDA CRV 2014,1,18000,18000
124,2024-02-01,1,Prov Vehículos,2,LA MOLINA,5,AUTO HONDA PILOT 2013,1,20000,20000
125,2024-02-01,1,Prov Vehículos,2,LA MOLINA,7,AUTO HONDA CITY 2016,1,20500,20500
126,2024-02-01,1,Prov Vehículos,2,LA MOLINA,9,CAMIONETA HONDA CROSSTOUR 2013,1,25500,25500
127,2024-02-01,1,Prov Vehículos,2,LA MOLINA,10,CAMIONETA HONDA CR-Z 2015,1,24500,24500
128,2024-02-01,1,Prov Vehículos,2,LA MOLINA,11,CAMIONETA HONDA RID LINE PICK UP 2014,1,19000,19000
129,2024-02-01,2,Prov Repuestos,1,SURCO,40,AMORTIGUADORES DELANTEROS,11,212,2332
130,2024-02-01,2,Prov Repuestos,1,SURCO,43,BATERÍA DE 18 PLACAS,19,95,1805
131,2024-02-15,1,Prov Vehículos,2,LA MOLINA,1,AUTO HONDA ACCORD 2014,6,16500,99000
132,2024-02-15,1,Prov Vehículos,2,LA MOLINA,3,AUTO HONDA ODISSEY 2013,3,17500,52500
133,2024-02-15,1,Prov Vehículos,2,LA MOLINA,5,AUTO HONDA PILOT 2013,1,20000,20000
134,2024-02-15,1,Prov Vehículos,2,LA MOLINA,7,AUTO HONDA CITY 2016,3,20500,61500
135,2024-02-15,1,Prov Vehículos,2,LA MOLINA,8,CAMIONETA HONDA ELEMENT 2013,2,24000,48000
136,2024-02-15,1,Prov Vehículos,2,LA MOLINA,9,CAMIONETA HONDA CROSSTOUR 2013,2,25500,51000
137,2024-02-15,1,Prov Vehículos,2,LA MOLINA,11,CAMIONETA HONDA RID LINE PICK UP 2014,2,19000,38000
138,2024-02-15,2,Prov Repuestos,2,LA MOLINA,38,ACEITE DE MOTOR 5W30 FULL SINTÉTICO,118,110,12980
139,2024-02-15,2,Prov Repuestos,2,LA MOLINA,40,AMORTIGUADORES DELANTEROS,45,212,9540
140,2024-02-15,2,Prov Repuestos,2,LA MOLINA,43,BATERÍA DE 18 PLACAS,37,95,3515
141,2024-03-01,1,Prov Vehículos,2,LA MOLINA,4,AUTO HONDA CRV 2014,1,18000,18000
142,2024-03-01,1,Prov Vehículos,2,LA MOLINA,5,AUTO HONDA PILOT 2013,1,20000,20000
143,2024-03-01,1,Prov Vehículos,2,LA MOLINA,8,CAMIONETA HONDA ELEMENT 2013,2,23500,47000
144,2024-03-01,1,Prov Vehículos,2,LA MOLINA,9,CAMIONETA HONDA CROSSTOUR 2013,2,25500,51000
145,2024-03-01,1,Prov Vehículos,2,LA MOLINA,10,CAMIONETA HONDA CR-Z 2015,1,24500,24500
146,2024-03-01,1,Prov Vehículos,2,LA MOLINA,11,CAMIONETA HONDA RID LINE PICK UP 2014,1,24000,24000
147,2024-03-01,2,Prov Repuestos,1,SURCO,42,"LLANTAS 18""",39,66,2574
148,2024-03-01,2,Prov Repuestos,1,SURCO,43,BATERÍA DE 18 PLACAS,6,77,462
149,2024-03-15,1,Prov Vehículos,1,SURCO,1,AUTO HONDA ACCORD 2014,1,16500,16500
150,2024-03-15,1,Prov Vehículos,1,SURCO,2,AUTO HONDA CIVIC 2014,1,16000,16000
151,2024-03-15,1,Prov Vehículos,1,SURCO,4,AUTO HONDA CRV 2014,1,18000,18000
152,2024-03-15,1,Prov Vehículos,1,SURCO,7,AUTO HONDA CITY 2016,1,20500,20500
153,2024-03-15,2,Prov Repuestos,1,SURCO,38,ACEITE DE MOTOR 5W30 FULL SINTÉTICO,42,86,3612
154,2024-03-15,2,Prov Repuestos,1,SURCO,39,FILTRO DE COMBUSTIBLE,2,98,196
155,2024-03-15,2,Prov Repuestos,1,SURCO,43,BATERÍA DE 18 PLACAS,41,77,3157
156,2024-04-01,1,Prov Vehículos,1,SURCO,2,AUTO HONDA CIVIC 2014,4,16000,64000
157,2024-04-01,1,Prov Vehículos,1,SURCO,4,AUTO HONDA CRV 2014,2,18000,36000
158,2024-04-01,1,Prov Vehículos,1,SURCO,5,AUTO HONDA PILOT 2013,2,15000,30000
159,2024-04-01,1,Prov Vehículos,1,SURCO,6,AUTO HONDA FIT 2016,1,19000,19000
160,2024-04-01,1,Prov Vehículos,1,SURCO,8,CAMIONETA HONDA ELEMENT 2013,1,23500,23500
161,2024-04-01,1,Prov Vehículos,1,SURCO,9,CAMIONETA HONDA CROSSTOUR 2013,1,19000,19000
162,2024-04-01,1,Prov Vehículos,1,SURCO,10,CAMIONETA HONDA CR-Z 2015,2,24500,49000
163,2024-04-01,1,Prov Vehículos,1,SURCO,11,CAMIONETA HONDA RID LINE PICK UP 2014,1,24000,24000
164,2024-04-01,2,Prov Repuestos,2,LA MOLINA,38,ACEITE DE MOTOR 5W30 FULL SINTÉTICO,10,106,1060
165,2024-04-01,2,Prov Repuestos,2,LA MOLINA,40,AMORTIGUADORES DELANTEROS,101,238,24038
166,2024-04-01,2,Prov Repuestos,2,LA MOLINA,42,"LLANTAS 18""",81,69,5589
167,2024-04-15,1,Prov Vehículos,1,SURCO,2,AUTO HONDA CIVIC 2014,1,16000,16000
168,2024-04-15,1,Prov Vehículos,1,SURCO,3,AUTO HONDA ODISSEY 2013,1,17500,17500
169,2024-04-15,1,Prov Vehículos,1,SURCO,5,AUTO HONDA PILOT 2013,1,15000,15000
170,2024-04-15,1,Prov Vehículos,1,SURCO,7,AUTO HONDA CITY 2016,2,20500,41000
171,2024-04-15,1,Prov Vehículos,1,SURCO,8,CAMIONETA HONDA ELEMENT 2013,2,23500,47000
172,2024-04-15,1,Prov Vehículos,1,SURCO,9,CAMIONETA HONDA CROSSTOUR 2013,1,19000,19000
173,2024-04-15,1,Prov Vehículos,1,SURCO,11,CAMIONETA HONDA RID LINE PICK UP 2014,1,24000,24000
174,2024-04-15,2,Prov Repuestos,2,LA MOLINA,39,FILTRO DE COMBUSTIBLE,3,106,318
175,2024-05-01,2,Prov Repuestos,2,LA MOLINA,38,ACEITE DE MOTOR 5W30 FULL SINTÉTICO,69,118,8142
176,2024-05-01,2,Prov Repuestos,2,LA MOLINA,40,AMORTIGUADORES DELANTEROS,60,211,12660
177,2024-05-01,2,Prov Repuestos,1,SURCO,43,BATERÍA DE 18 PLACAS,3,86,258
178,2024-05-15,2,Prov Repuestos,1,SURCO,43,BATERÍA DE 18 PLACAS,29,86,2494
179,2024-06-01,2,Prov Repuestos,1,SURCO,43,BATERÍA DE 18 PLACAS,6,99,594
180,2024-06-15,1,Prov Vehículos,2,LA MOLINA,1,AUTO HONDA ACCORD 2014,2,14500,29000
181,2024-06-15,1,Prov Vehículos,2,LA MOLINA,3,AUTO HONDA ODISSEY 2013,5,17500,87500
182,2024-06-15,1,Prov Vehículos,2,LA MOLINA,4,AUTO HONDA CRV 2014,3,18500,55500
183,2024-06-15,1,Prov Vehículos,2,LA MOLINA,6,AUTO HONDA FIT 2016,1,16000,16000
184,2024-06-15,1,Prov Vehículos,2,LA MOLINA,8,CAMIONETA HONDA ELEMENT 2013,3,30000,90000
185,2024-06-15,1,Prov Vehículos,2,LA MOLINA,9,CAMIONETA HONDA CROSSTOUR 2013,1,19000,19000
186,2024-06-15,1,Prov Vehículos,2,LA MOLINA,10,CAMIONETA HONDA CR-Z 2015,2,26000,52000
187,2024-06-15,1,Prov Vehículos,2,LA MOLINA,11,CAMIONETA HONDA RID LINE PICK UP 2014,3,29000,87000
188,2024-06-15,2,Prov Repuestos,1,SURCO,39,FILTRO DE COMBUSTIBLE,11,106,1166
189,2024-06-15,2,Prov Repuestos,2,LA MOLINA,40,AMORTIGUADORES DELANTEROS,57,227,12939
190,2024-06-15,2,Prov Repuestos,2,LA MOLINA,41,AMORTIGUADORES POSTERIORES,102,109,11118
191,2024-06-15,2,Prov Repuestos,1,SURCO,43,BATERÍA DE 18 PLACAS,9,99,891
192,2024-07-01,1,Prov Vehículos,1,SURCO,1,AUTO HONDA ACCORD 2014,4,24600,98400
193,2024-07-01,1,Prov Vehículos,1,SURCO,2,AUTO HONDA CIVIC 2014,3,22800,68400
194,2024-07-01,1,Prov Vehículos,1,SURCO,3,AUTO HONDA ODISSEY 2013,5,18600,93000
195,2024-07-01,1,Prov Vehículos,2,LA MOLINA,4,AUTO HONDA CRV 2014,8,22200,177600
196,2024-07-01,1,Prov Vehículos,1,SURCO,5,AUTO HONDA PILOT 2013,3,19200,57600
197,2024-07-01,1,Prov Vehículos,1,SURCO,6,AUTO HONDA FIT 2016,1,19200,19200
198,2024-07-01,1,Prov Vehículos,1,SURCO,8,CAMIONETA HONDA ELEMENT 2013,4,36000,144000
199,2024-07-01,1,Prov Vehículos,1,SURCO,9,CAMIONETA HONDA CROSSTOUR 2013,5,22800,114000
200,2024-07-01,1,Prov Vehículos,2,LA MOLINA,10,CAMIONETA HONDA CR-Z 2015,6,31200,187200
201,2024-07-01,1,Prov Vehículos,1,SURCO,11,CAMIONETA HONDA RID LINE PICK UP 2014,2,34800,69600
202,2024-07-01,2,Prov Repuestos,2,LA MOLINA,43,BATERÍA DE 18 PLACAS,35,87,3045
203,2024-07-15,1,Prov Vehículos,1,SURCO,2,AUTO HONDA CIVIC 2014,7,22800,159600
204,2024-07-15,1,Prov Vehículos,1,SURCO,3,AUTO HONDA ODISSEY 2013,5,18600,93000
205,2024-07-15,1,Prov Vehículos,1,SURCO,4,AUTO HONDA CRV 2014,6,22200,133200
206,2024-07-15,1,Prov Vehículos,1,SURCO,5,AUTO HONDA PILOT 2013,6,19200,115200
207,2024-07-15,1,Prov Vehículos,1,SURCO,6,AUTO HONDA FIT 2016,3,19200,57600
208,2024-07-15,1,Prov Vehículos,1,SURCO,7,AUTO HONDA CITY 2016,7,20400,142800
209,2024-07-15,1,Prov Vehículos,1,SURCO,8,CAMIONETA HONDA ELEMENT 2013,2,36000,72000
210,2024-07-15,1,Prov Vehículos,1,SURCO,9,CAMIONETA HONDA CROSSTOUR 2013,1,22800,22800
211,2024-07-15,1,Prov Vehículos,1,SURCO,10,CAMIONETA HONDA CR-Z 2015,3,31200,93600
212,2024-07-15,2,Prov Repuestos,2,LA MOLINA,40,AMORTIGUADORES DELANTEROS,59,229,13511
213,2024-08-01,2,Prov Repuestos,2,LA MOLINA,40,AMORTIGUADORES DELANTEROS,57,197,11229
214,2024-08-01,2,Prov Repuestos,2,LA MOLINA,42,"LLANTAS 18""",107,55,5885
215,2024-08-01,2,Prov Repuestos,1,SURCO,43,BATERÍA DE 18 PLACAS,10,111,1110
216,2024-08-15,2,Prov Repuestos,1,SURCO,39,FILTRO DE COMBUSTIBLE,1,105,105
217,2024-08-15,2,Prov Repuestos,1,SURCO,40,AMORTIGUADORES DELANTEROS,32,197,6304
218,2024-08-15,2,Prov Repuestos,1,SURCO,42,"LLANTAS 18""",48,55,2640
219,2024-08-15,2,Prov Repuestos,1,SURCO,43,BATERÍA DE 18 PLACAS,13,111,1443
220,2024-09-01,2,Prov Repuestos,1,SURCO,39,FILTRO DE COMBUSTIBLE,9,83,747
221,2024-09-01,2,Prov Repuestos,2,LA MOLINA,40,AMORTIGUADORES DELANTEROS,67,247,16549
222,2024-09-01,2,Prov Repuestos,2,LA MOLINA,42,"LLANTAS 18""",71,62,4402
223,2024-09-01,2,Prov Repuestos,2,LA MOLINA,43,BATERÍA DE 18 PLACAS,66,94,6204
224,2024-09-15,1,Prov Vehículos,2,LA MOLINA,4,AUTO HONDA CRV 2014,1,16000,16000
225,2024-09-15,1,Prov Vehículos,2,LA MOLINA,6,AUTO HONDA FIT 2016,1,16000,16000
226,2024-09-15,1,Prov Vehículos,2,LA MOLINA,9,CAMIONETA HONDA CROSSTOUR 2013,1,19000,19000
227,2024-09-15,2,Prov Repuestos,1,SURCO,40,AMORTIGUADORES DELANTEROS,34,247,8398
228,2024-09-15,2,Prov Repuestos,1,SURCO,43,BATERÍA DE 18 PLACAS,3,94,282
229,2024-10-01,1,Prov Vehículos,2,LA MOLINA,2,AUTO HONDA CIVIC 2014,1,14000,14000
230,2024-10-01,1,Prov Vehículos,2,LA MOLINA,3,AUTO HONDA ODISSEY 2013,1,15500,15500
231,2024-10-01,1,Prov Vehículos,2,LA MOLINA,4,AUTO HONDA CRV 2014,4,16000,64000
232,2024-10-01,1,Prov Vehículos,2,LA MOLINA,5,AUTO HONDA PILOT 2013,2,21500,43000
233,2024-10-01,1,Prov Vehículos,2,LA MOLINA,9,CAMIONETA HONDA CROSSTOUR 2013,4,19000,76000
234,2024-10-01,1,Prov Vehículos,2,LA MOLINA,10,CAMIONETA HONDA CR-Z 2015,2,21500,43000
235,2024-10-01,2,Prov Repuestos,2,LA MOLINA,40,AMORTIGUADORES DELANTEROS,58,214,12412
236,2024-10-01,2,Prov Repuestos,2,LA MOLINA,43,BATERÍA DE 18 PLACAS,48,92,4416
237,2024-10-15,1,Prov Vehículos,1,SURCO,1,AUTO HONDA ACCORD 2014,3,17500,52500
238,2024-10-15,1,Prov Vehículos,1,SURCO,2,AUTO HONDA CIVIC 2014,1,14000,14000
239,2024-10-15,1,Prov Vehículos,1,SURCO,5,AUTO HONDA PILOT 2013,1,21500,21500
240,2024-10-15,1,Prov Vehículos,1,SURCO,6,AUTO HONDA FIT 2016,3,16000,48000
241,2024-10-15,1,Prov Vehículos,1,SURCO,9,CAMIONETA HONDA CROSSTOUR 2013,2,19000,38000
242,2024-10-15,1,Prov Vehículos,1,SURCO,10,CAMIONETA HONDA CR-Z 2015,1,21500,21500
243,2024-10-15,1,Prov Vehículos,1,SURCO,11,CAMIONETA HONDA RID LINE PICK UP 2014,3,16000,48000
244,2024-10-15,2,Prov Repuestos,1,SURCO,39,FILTRO DE COMBUSTIBLE,6,102,612
245,2024-10-15,2,Prov Repuestos,1,SURCO,40,AMORTIGUADORES DELANTEROS,52,214,11128
246,2024-10-15,2,Prov Repuestos,1,SURCO,43,BATERÍA DE 18 PLACAS,29,92,2668
247,2024-11-01,1,Prov Vehículos,1,SURCO,2,AUTO HONDA CIVIC 2014,3,16800,50400
248,2024-11-01,1,Prov Vehículos,1,SURCO,3,AUTO HONDA ODISSEY 2013,7,18600,130200
249,2024-11-01,1,Prov Vehículos,1,SURCO,4,AUTO HONDA CRV 2014,3,19200,57600
250,2024-11-01,1,Prov Vehículos,1,SURCO,5,AUTO HONDA PILOT 2013,3,25800,77400
251,2024-11-01,1,Prov Vehículos,1,SURCO,6,AUTO HONDA FIT 2016,4,18600,74400
252,2024-11-01,1,Prov Vehículos,1,SURCO,7,AUTO HONDA CITY 2016,3,20400,61200
253,2024-11-01,1,Prov Vehículos,1,SURCO,8,CAMIONETA HONDA ELEMENT 2013,5,28200,141000
254,2024-11-01,1,Prov Vehículos,1,SURCO,9,CAMIONETA HONDA CROSSTOUR 2013,3,22800,68400
255,2024-11-01,1,Prov Vehículos,1,SURCO,11,CAMIONETA HONDA RID LINE PICK UP 2014,5,33000,165000
256,2024-11-01,2,Prov Repuestos,2,LA MOLINA,40,AMORTIGUADORES DELANTEROS,87,225,19575
257,2024-11-01,2,Prov Repuestos,2,LA MOLINA,43,BATERÍA DE 18 PLACAS,20,88,1760
258,2024-11-15,2,Prov Repuestos,1,SURCO,39,FILTRO DE COMBUSTIBLE,1,87,87
259,2024-11-15,2,Prov Repuestos,1,SURCO,43,BATERÍA DE 18 PLACAS,25,88,2200
260,2024-12-01,1,Prov Vehículos,2,LA MOLINA,6,AUTO HONDA FIT 2016,1,20150,20150
261,2024-12-01,1,Prov Vehículos,2,LA MOLINA,7,AUTO HONDA CITY 2016,1,22100,22100
262,2024-12-01,1,Prov Vehículos,2,LA MOLINA,8,CAMIONETA HONDA ELEMENT 2013,1,22100,22100
263,2024-12-01,1,Prov Vehículos,2,LA MOLINA,10,CAMIONETA HONDA CR-Z 2015,1,27950,27950
264,2024-12-01,1,Prov Vehículos,2,LA MOLINA,11,CAMIONETA HONDA RID LINE PICK UP 2014,1,35750,35750
265,2024-12-01,2,Prov Repuestos,1,SURCO,39,FILTRO DE COMBUSTIBLE,5,111,555
266,2024-12-01,2,Prov Repuestos,1,SURCO,40,AMORTIGUADORES DELANTEROS,14,250,3500
267,2024-12-01,2,Prov Repuestos,2,LA MOLINA,43,BATERÍA DE 18 PLACAS,58,90,5220
268,2024-12-15,1,Prov Vehículos,2,LA MOLINA,2,AUTO HONDA CIVIC 2014,1,18200,18200
269,2024-12-15,1,Prov Vehículos,2,LA MOLINA,3,AUTO HONDA ODISSEY 2013,1,25350,25350
270,2024-12-15,1,Prov Vehículos,2,LA MOLINA,4,AUTO HONDA CRV 2014,1,18200,18200
271,2024-12-15,1,Prov Vehículos,2,LA MOLINA,6,AUTO HONDA FIT 2016,4,20150,80600
272,2024-12-15,1,Prov Vehículos,2,LA MOLINA,7,AUTO HONDA CITY 2016,5,22100,110500
273,2024-12-15,1,Prov Vehículos,2,LA MOLINA,8,CAMIONETA HONDA ELEMENT 2013,2,22100,44200
274,2024-12-15,1,Prov Vehículos,2,LA MOLINA,10,CAMIONETA HONDA CR-Z 2015,4,27950,111800
275,2024-12-15,2,Prov Repuestos,1,SURCO,39,FILTRO DE COMBUSTIBLE,1,111,111
276,2024-12-15,2,Prov Repuestos,1,SURCO,43,BATERÍA DE 18 PLACAS,33,90,2970
277,2025-01-01,1,Prov Vehículos,2,LA MOLINA,4,AUTO HONDA CRV 2014,1,18200,18200
278,2025-01-01,1,Prov Vehículos,2,LA MOLINA,8,CAMIONETA HONDA ELEMENT 2013,1,22100,22100
279,2025-01-01,1,Prov Vehículos,2,LA MOLINA,9,CAMIONETA HONDA CROSSTOUR 2013,1,24700,24700
280,2025-01-01,1,Prov Vehículos,2,LA MOLINA,10,CAMIONETA HONDA CR-Z 2015,1,35100,35100
281,2025-01-01,1,Prov Vehículos,2,LA MOLINA,11,CAMIONETA HONDA RID LINE PICK UP 2014,2,35750,71500
282,2025-01-15,2,Prov Repuestos,2,LA MOLINA,38,ACEITE DE MOTOR 5W30 FULL SINTÉTICO,139,107,14873
283,2025-01-15,2,Prov Repuestos,1,SURCO,39,FILTRO DE COMBUSTIBLE,1,107,107
284,2025-01-15,2,Prov Repuestos,2,LA MOLINA,40,AMORTIGUADORES DELANTEROS,142,208,29536
285,2025-01-15,2,Prov Repuestos,2,LA MOLINA,41,AMORTIGUADORES POSTERIORES,153,79,12087
286,2025-01-15,2,Prov Repuestos,2,LA MOLINA,42,"LLANTAS 18""",81,64,5184
287,2025-01-15,2,Prov Repuestos,1,SURCO,43,BATERÍA DE 18 PLACAS,26,91,2366
288,2025-02-01,1,Prov Vehículos,1,SURCO,2,AUTO HONDA CIVIC 2014,1,18000,18000
289,2025-02-01,1,Prov Vehículos,1,SURCO,5,AUTO HONDA PILOT 2013,3,16000,48000
290,2025-02-01,1,Prov Vehículos,1,SURCO,9,CAMIONETA HONDA CROSSTOUR 2013,2,21500,43000
291,2025-02-15,1,Prov Vehículos,1,SURCO,1,AUTO HONDA ACCORD 2014,3,18500,55500
292,2025-02-15,1,Prov Vehículos,1,SURCO,2,AUTO HONDA CIVIC 2014,5,18000,90000
293,2025-02-15,1,Prov Vehículos,1,SURCO,3,AUTO HONDA ODISSEY 2013,5,18500,92500
294,2025-02-15,1,Prov Vehículos,1,SURCO,4,AUTO HONDA CRV 2014,2,14000,28000
295,2025-02-15,1,Prov Vehículos,1,SURCO,5,AUTO HONDA PILOT 2013,6,16000,96000
296,2025-02-15,1,Prov Vehículos,1,SURCO,6,AUTO HONDA FIT 2016,3,16500,49500
297,2025-02-15,1,Prov Vehículos,1,SURCO,7,AUTO HONDA CITY 2016,1,17500,17500
298,2025-02-15,1,Prov Vehículos,1,SURCO,9,CAMIONETA HONDA CROSSTOUR 2013,1,21500,21500
299,2025-02-15,2,Prov Repuestos,1,SURCO,39,FILTRO DE COMBUSTIBLE,7,100,700
300,2025-03-01,1,Prov Vehículos,1,SURCO,1,AUTO HONDA ACCORD 2014,7,15500,108500
301,2025-03-01,1,Prov Vehículos,1,SURCO,2,AUTO HONDA CIVIC 2014,4,18000,72000
302,2025-03-01,1,Prov Vehículos,1,SURCO,3,AUTO HONDA ODISSEY 2013,1,18500,18500
303,2025-03-01,1,Prov Vehículos,1,SURCO,4,AUTO HONDA CRV 2014,6,15500,93000
304,2025-03-01,1,Prov Vehículos,1,SURCO,5,AUTO HONDA PILOT 2013,2,16000,32000
305,2025-03-01,1,Prov Vehículos,1,SURCO,6,AUTO HONDA FIT 2016,1,16500,16500
306,2025-03-01,1,Prov Vehículos,1,SURCO,7,AUTO HONDA CITY 2016,2,17500,35000
307,2025-03-01,1,Prov Vehículos,1,SURCO,9,CAMIONETA HONDA CROSSTOUR 2013,3,21500,64500
308,2025-03-01,1,Prov Vehículos,1,SURCO,11,CAMIONETA HONDA RID LINE PICK UP 2014,2,24000,48000
309,2025-03-15,2,Prov Repuestos,2,LA MOLINA,43,BATERÍA DE 18 PLACAS,28,70,1960
310,2025-04-01,2,Prov Repuestos,1,SURCO,39,FILTRO DE COMBUSTIBLE,6,95,570
311,2025-04-01,2,Prov Repuestos,1,SURCO,43,BATERÍA DE 18 PLACAS,17,93,1581
312,2025-04-15,2,Prov Repuestos,2,LA MOLINA,38,ACEITE DE MOTOR 5W30 FULL SINTÉTICO,111,92,10212
313,2025-04-15,2,Prov Repuestos,2,LA MOLINA,40,AMORTIGUADORES DELANTEROS,128,223,28544
314,2025-04-15,2,Prov Repuestos,2,LA MOLINA,42,"LLANTAS 18""",68,64,4352
315,2025-04-15,2,Prov Repuestos,1,SURCO,43,BATERÍA DE 18 PLACAS,3,93,279
316,2025-05-01,2,Prov Repuestos,1,SURCO,43,BATERÍA DE 18 PLACAS,8,61,488
317,2025-05-15,1,Prov Vehículos,2,LA MOLINA,4,AUTO HONDA CRV 2014,1,15500,15500
318,2025-05-15,1,Prov Vehículos,2,LA MOLINA,9,CAMIONETA HONDA CROSSTOUR 2013,1,20500,20500
319,2025-05-15,2,Prov Repuestos,1,SURCO,39,FILTRO DE COMBUSTIBLE,2,97,194
320,2025-05-15,2,Prov Repuestos,1,SURCO,40,AMORTIGUADORES DELANTEROS,10,238,2380
321,2025-05-15,2,Prov Repuestos,1,SURCO,43,BATERÍA DE 18 PLACAS,20,61,1220
322,2025-06-01,1,Prov Vehículos,2,LA MOLINA,2,AUTO HONDA CIVIC 2014,2,18000,36000
323,2025-06-01,2,Prov Repuestos,2,LA MOLINA,38,ACEITE DE MOTOR 5W30 FULL SINTÉTICO,97,83,8051
324,2025-06-01,2,Prov Repuestos,2,LA MOLINA,41,AMORTIGUADORES POSTERIORES,75,101,7575
325,2025-06-01,2,Prov Repuestos,1,SURCO,43,BATERÍA DE 18 PLACAS,14,89,1246
326,2025-06-15,2,Prov Repuestos,1,SURCO,39,FILTRO DE COMBUSTIBLE,10,95,950
327,2025-07-01,1,Prov Vehículos,2,LA MOLINA,1,AUTO HONDA ACCORD 2014,2,21000,42000
328,2025-07-01,1,Prov Vehículos,2,LA MOLINA,5,AUTO HONDA PILOT 2013,1,22200,22200
329,2025-07-01,1,Prov Vehículos,2,LA MOLINA,8,CAMIONETA HONDA ELEMENT 2013,3,25200,75600
330,2025-07-01,1,Prov Vehículos,2,LA MOLINA,9,CAMIONETA HONDA CROSSTOUR 2013,1,24600,24600
331,2025-07-01,1,Prov Vehículos,2,LA MOLINA,10,CAMIONETA HONDA CR-Z 2015,1,33600,33600
332,2025-07-01,1,Prov Vehículos,2,LA MOLINA,11,CAMIONETA HONDA RID LINE PICK UP 2014,3,27000,81000
333,2025-07-01,2,Prov Repuestos,1,SURCO,39,FILTRO DE COMBUSTIBLE,6,91,546
334,2025-07-01,2,Prov Repuestos,2,LA MOLINA,43,BATERÍA DE 18 PLACAS,32,80,2560
335,2025-07-15,1,Prov Vehículos,1,SURCO,1,AUTO HONDA ACCORD 2014,2,21000,42000
336,2025-07-15,1,Prov Vehículos,1,SURCO,2,AUTO HONDA CIVIC 2014,4,20400,81600
337,2025-07-15,1,Prov Vehículos,1,SURCO,3,AUTO HONDA ODISSEY 2013,7,21000,147000
338,2025-07-15,1,Prov Vehículos,1,SURCO,4,AUTO HONDA CRV 2014,7,25800,180600
339,2025-07-15,1,Prov Vehículos,1,SURCO,5,AUTO HONDA PILOT 2013,5,22200,111000
340,2025-07-15,1,Prov Vehículos,1,SURCO,6,AUTO HONDA FIT 2016,5,20400,102000
341,2025-07-15,1,Prov Vehículos,1,SURCO,7,AUTO HONDA CITY 2016,6,22800,136800
342,2025-07-15,1,Prov Vehículos,1,SURCO,8,CAMIONETA HONDA ELEMENT 2013,5,25200,126000
343,2025-07-15,1,Prov Vehículos,1,SURCO,9,CAMIONETA HONDA CROSSTOUR 2013,1,24600,24600
344,2025-07-15,1,Prov Vehículos,1,SURCO,10,CAMIONETA HONDA CR-Z 2015,2,33600,67200
345,2025-07-15,1,Prov Vehículos,1,SURCO,11,CAMIONETA HONDA RID LINE PICK UP 2014,5,27000,135000
346,2025-07-15,2,Prov Repuestos,1,SURCO,38,ACEITE DE MOTOR 5W30 FULL SINTÉTICO,40,105,4200
347,2025-07-15,2,Prov Repuestos,1,SURCO,39,FILTRO DE COMBUSTIBLE,4,91,364
348,2025-07-15,2,Prov Repuestos,1,SURCO,43,BATERÍA DE 18 PLACAS,25,80,2000
349,2025-08-01,1,Prov Vehículos,1,SURCO,1,AUTO HONDA ACCORD 2014,1,21000,21000
350,2025-08-01,1,Prov Vehículos,1,SURCO,2,AUTO HONDA CIVIC 2014,5,20400,102000
351,2025-08-01,1,Prov Vehículos,1,SURCO,3,AUTO HONDA ODISSEY 2013,2,21000,42000
352,2025-08-01,1,Prov Vehículos,1,SURCO,4,AUTO HONDA CRV 2014,5,25800,129000
353,2025-08-01,1,Prov Vehículos,1,SURCO,5,AUTO HONDA PILOT 2013,8,22200,177600
354,2025-08-01,1,Prov Vehículos,1,SURCO,6,AUTO HONDA FIT 2016,6,20400,122400
355,2025-08-01,1,Prov Vehículos,1,SURCO,7,AUTO HONDA CITY 2016,11,22800,250800
356,2025-08-01,1,Prov Vehículos,1,SURCO,8,CAMIONETA HONDA ELEMENT 2013,3,23400,70200
357,2025-08-01,1,Prov Vehículos,1,SURCO,9,CAMIONETA HONDA CROSSTOUR 2013,3,24600,73800
358,2025-08-01,1,Prov Vehículos,1,SURCO,11,CAMIONETA HONDA RID LINE PICK UP 2014,1,27600,27600
359,2025-08-01,2,Prov Repuestos,1,SURCO,38,ACEITE DE MOTOR 5W30 FULL SINTÉTICO,37,110,4070
360,2025-08-01,2,Prov Repuestos,2,LA MOLINA,41,AMORTIGUADORES POSTERIORES,61,94,5734
361,2025-08-01,2,Prov Repuestos,1,SURCO,43,BATERÍA DE 18 PLACAS,16,79,1264
362,2025-08-15,1,Prov Vehículos,2,LA MOLINA,1,AUTO HONDA ACCORD 2014,1,21000,21000
363,2025-08-15,1,Prov Vehículos,2,LA MOLINA,2,AUTO HONDA CIVIC 2014,1,20400,20400
364,2025-08-15,1,Prov Vehículos,2,LA MOLINA,3,AUTO HONDA ODISSEY 2013,2,21000,42000
365,2025-08-15,1,Prov Vehículos,2,LA MOLINA,6,AUTO HONDA FIT 2016,1,20400,20400
366,2025-08-15,1,Prov Vehículos,2,LA MOLINA,9,CAMIONETA HONDA CROSSTOUR 2013,1,24600,24600
367,2025-08-15,1,Prov Vehículos,2,LA MOLINA,11,CAMIONETA HONDA RID LINE PICK UP 2014,1,27600,27600
368,2025-08-15,2,Prov Repuestos,2,LA MOLINA,38,ACEITE DE MOTOR 5W30 FULL SINTÉTICO,52,110,5720
369,2025-08-15,2,Prov Repuestos,1,SURCO,39,FILTRO DE COMBUSTIBLE,12,96,1152
370,2025-08-15,2,Prov Repuestos,2,LA MOLINA,40,AMORTIGUADORES DELANTEROS,108,248,26784
371,2025-08-15,2,Prov Repuestos,2,LA MOLINA,41,AMORTIGUADORES POSTERIORES,81,94,7614
372,2025-08-15,2,Prov Repuestos,2,LA MOLINA,42,"LLANTAS 18""",75,66,4950
373,2025-08-15,2,Prov Repuestos,1,SURCO,43,BATERÍA DE 18 PLACAS,5,79,395
374,2025-09-01,1,Prov Vehículos,2,LA MOLINA,1,AUTO HONDA ACCORD 2014,1,19000,19000
375,2025-09-01,1,Prov Vehículos,2,LA MOLINA,3,AUTO HONDA ODISSEY 2013,1,17500,17500
376,2025-09-01,1,Prov Vehículos,2,LA MOLINA,4,AUTO HONDA CRV 2014,1,21500,21500
377,2025-09-01,1,Prov Vehículos,2,LA MOLINA,11,CAMIONETA HONDA RID LINE PICK UP 2014,1,23000,23000
378,2025-09-01,2,Prov Repuestos,1,SURCO,43,BATERÍA DE 18 PLACAS,30,109,3270
379,2025-09-15,1,Prov Vehículos,2,LA MOLINA,10,CAMIONETA HONDA CR-Z 2015,1,18500,18500
380,2025-09-15,2,Prov Repuestos,1,SURCO,39,FILTRO DE COMBUSTIBLE,1,102,102
381,2025-10-01,1,Prov Vehículos,2,LA MOLINA,1,AUTO HONDA ACCORD 2014,4,19000,76000
382,2025-10-01,1,Prov Vehículos,2,LA MOLINA,2,AUTO HONDA CIVIC 2014,2,17000,34000
383,2025-10-01,1,Prov Vehículos,2,LA MOLINA,3,AUTO HONDA ODISSEY 2013,1,16500,16500
384,2025-10-01,1,Prov Vehículos,2,LA MOLINA,9,CAMIONETA HONDA CROSSTOUR 2013,4,23500,94000
385,2025-10-01,1,Prov Vehículos,2,LA MOLINA,10,CAMIONETA HONDA CR-Z 2015,4,18500,74000
386,2025-10-01,1,Prov Vehículos,2,LA MOLINA,11,CAMIONETA HONDA RID LINE PICK UP 2014,2,23000,46000
387,2025-10-01,2,Prov Repuestos,1,SURCO,39,FILTRO DE COMBUSTIBLE,2,85,170
388,2025-10-01,2,Prov Repuestos,2,LA MOLINA,40,AMORTIGUADORES DELANTEROS,91,237,21567
389,2025-10-01,2,Prov Repuestos,2,LA MOLINA,43,BATERÍA DE 18 PLACAS,77,92,7084
390,2025-10-15,1,Prov Vehículos,2,LA MOLINA,3,AUTO HONDA ODISSEY 2013,8,16500,132000
391,2025-10-15,1,Prov Vehículos,2,LA MOLINA,6,AUTO HONDA FIT 2016,3,17000,51000
392,2025-10-15,1,Prov Vehículos,2,LA MOLINA,8,CAMIONETA HONDA ELEMENT 2013,2,26500,53000
393,2025-10-15,1,Prov Vehículos,2,LA MOLINA,9,CAMIONETA HONDA CROSSTOUR 2013,1,23500,23500
394,2025-10-15,1,Prov Vehículos,2,LA MOLINA,10,CAMIONETA HONDA CR-Z 2015,5,18500,92500
395,2025-10-15,1,Prov Vehículos,2,LA MOLINA,11,CAMIONETA HONDA RID LINE PICK UP 2014,1,23000,23000
396,2025-10-15,2,Prov Repuestos,1,SURCO,38,ACEITE DE MOTOR 5W30 FULL SINTÉTICO,72,87,6264
397,2025-10-15,2,Prov Repuestos,1,SURCO,39,FILTRO DE COMBUSTIBLE,2,85,170
398,2025-11-01,2,Prov Repuestos,1,SURCO,39,FILTRO DE COMBUSTIBLE,14,109,1526
399,2025-11-01,2,Prov Repuestos,1,SURCO,43,BATERÍA DE 18 PLACAS,22,95,2090
400,2025-11-15,2,Prov Repuestos,1,SURCO,39,FILTRO DE COMBUSTIBLE,8,109,872
401,2025-12-01,2,Prov Repuestos,2,LA MOLINA,38,ACEITE DE MOTOR 5W30 FULL SINTÉTICO,123,93,11439
402,2025-12-01,2,Prov Repuestos,2,LA MOLINA,41,AMORTIGUADORES POSTERIORES,145,108,15660
403,2025-12-01,2,Prov Repuestos,1,SURCO,43,BATERÍA DE 18 PLACAS,28,94,2632
404,2025-12-15,2,Prov Repuestos,1,SURCO,38,ACEITE DE MOTOR 5W30 FULL SINTÉTICO,39,93,3627
405,2025-12-15,2,Prov Repuestos,1,SURCO,41,AMORTIGUADORES POSTERIORES,36,108,3888
406,2025-12-15,2,Prov Repuestos,1,SURCO,43,BATERÍA DE 18 PLACAS,42,94,3948
