id_compra,Fecha,Proveedor,Almacen,Producto,Cantidad,Precio_Compra,Monto,TIPO_PRODUCTO
1,2022-12-07,Prov Vehículos,SURCO,AUTO HONDA ACCORD 2014,4,18000,72000,AUTOS
2,2022-12-07,Prov Vehículos,SURCO,AUTO HONDA CIVIC 2014,4,16500,66000,AUTOS
3,2022-12-07,Prov Vehículos,SURCO,AUTO HONDA ODISSEY 2013,1,16000,16000,AUTOS
4,2022-12-07,Prov Vehículos,SURCO,AUTO HONDA CRV 2014,6,17500,105000,AUTOS
5,2022-12-07,Prov Vehículos,SURCO,AUTO HONDA PILOT 2013,1,15000,15000,AUTOS
6,2022-12-07,Prov Vehículos,SURCO,AUTO HONDA CITY 2016,2,20000,40000,AUTOS
7,2022-12-07,Prov Vehículos,SURCO,CAMIONETA HONDA ELEMENT 2013,1,22500,22500,CAMIONETAS
8,2022-12-07,Prov Vehículos,SURCO,CAMIONETA HONDA CROSSTOUR 2013,4,22000,88000,CAMIONETAS
9,2022-12-07,Prov Vehículos,SURCO,CAMIONETA HONDA CR-Z 2015,3,24000,72000,CAMIONETAS
10,2022-12-07,Prov Vehículos,SURCO,CAMIONETA HONDA RID LINE PICK UP 2014,3,24500,73500,CAMIONETAS
11,2022-12-30,Prov Repuestos,SURCO,ACEITE DE MOTOR 5W30 FULL SINTÉTICO,15,107,1605,REPUESTOS
12,2022-12-30,Prov Repuestos,SURCO,FILTRO DE COMBUSTIBLE,15,85,1275,REPUESTOS
13,2022-12-30,Prov Repuestos,SURCO,AMORTIGUADORES DELANTEROS,20,225,4500,REPUESTOS
14,2022-12-30,Prov Repuestos,SURCO,AMORTIGUADORES POSTERIORES,9,83,747,REPUESTOS
15,2022-12-30,Prov Repuestos,SURCO,"LLANTAS 18""",9,52,468,REPUESTOS
16,2022-12-30,Prov Repuestos,SURCO,BATERÍA DE 18 PLACAS,17,85,1445,REPUESTOS
17,2022-12-07,Prov Vehículos,LA MOLINA,AUTO HONDA ODISSEY 2013,2,18500,37000,AUTOS
18,2022-12-07,Prov Vehículos,LA MOLINA,AUTO HONDA CRV 2014,2,17500,35000,AUTOS
19,2022-12-07,Prov Vehículos,LA MOLINA,AUTO HONDA PILOT 2013,2,17000,34000,AUTOS
20,2022-12-07,Prov Vehículos,LA MOLINA,AUTO HONDA FIT 2016,1,17000,17000,AUTOS
21,2022-12-07,Prov Vehículos,LA MOLINA,AUTO HONDA CITY 2016,3,16500,49500,AUTOS
22,2022-12-07,Prov Vehículos,LA MOLINA,CAMIONETA HONDA ELEMENT 2013,2,21500,43000,CAMIONETAS
23,2022-12-07,Prov Vehículos,LA MOLINA,CAMIONETA HONDA CROSSTOUR 2013,2,22500,45000,CAMIONETAS
24,2022-12-07,Prov Vehículos,LA MOLINA,CAMIONETA HONDA CR-Z 2015,2,22000,44000,CAMIONETAS
25,2022-12-07,Prov Vehículos,LA MOLINA,CAMIONETA HONDA RID LINE PICK UP 2014,1,25000,25000,CAMIONETAS
26,2022-12-30,Prov Repuestos,LA MOLINA,ACEITE DE MOTOR 5W30 FULL SINTÉTICO,43,86,3698,REPUESTOS
27,2022-12-30,Prov Repuestos,LA MOLINA,FILTRO DE COMBUSTIBLE,39,98,3822,REPUESTOS
28,2022-12-30,Prov Repuestos,LA MOLINA,AMORTIGUADORES DELANTEROS,23,224,5152,REPUESTOS
29,2022-12-30,Prov Repuestos,LA MOLINA,AMORTIGUADORES POSTERIORES,37,91,3367,REPUESTOS
30,2022-12-30,Prov Repuestos,LA MOLINA,"LLANTAS 18""",36,60,2160,REPUESTOS
31,2022-12-30,Prov Repuestos,LA MOLINA,BATERÍA DE 18 PLACAS,34,98,3332,REPUESTOS
32,2023-01-15,Prov Vehículos,SURCO,AUTO HONDA ACCORD 2014,5,18000,90000,AUTOS
33,2023-01-15,Prov Vehículos,SURCO,AUTO HONDA CIVIC 2014,5,16500,82500,AUTOS
34,2023-01-15,Prov Vehículos,SURCO,AUTO HONDA ODISSEY 2013,5,18500,92500,AUTOS
35,2023-01-15,Prov Vehículos,SURCO,AUTO HONDA CRV 2014,1,17500,17500,AUTOS
36,2023-01-15,Prov Vehículos,SURCO,AUTO HONDA PILOT 2013,5,17000,85000,AUTOS
37,2023-01-15,Prov Repuestos,SURCO,ACEITE DE MOTOR 5W30 FULL SINTÉTICO,10,86,860,REPUESTOS
38,2023-01-15,Prov Repuestos,SURCO,AMORTIGUADORES DELANTEROS,7,224,1568,REPUESTOS
39,2023-01-15,Prov Repuestos,SURCO,AMORTIGUADORES POSTERIORES,10,91,910,REPUESTOS
40,2023-01-15,Prov Repuestos,SURCO,"LLANTAS 18""",8,60,480,REPUESTOS
41,2023-01-15,Prov Vehículos,LA MOLINA,AUTO HONDA ACCORD 2014,5,18000,90000,AUTOS
42,2023-01-15,Prov Vehículos,LA MOLINA,AUTO HONDA CIVIC 2014,5,16500,82500,AUTOS
43,2023-01-15,Prov Vehículos,LA MOLINA,AUTO HONDA ODISSEY 2013,4,18500,74000,AUTOS
44,2023-01-15,Prov Vehículos,LA MOLINA,AUTO HONDA CRV 2014,2,17500,35000,AUTOS
45,2023-01-15,Prov Repuestos,SURCO,AMORTIGUADORES DELANTEROS,22,224,4928,REPUESTOS
46,2023-01-15,Prov Repuestos,LA MOLINA,"LLANTAS 18""",74,60,4440,REPUESTOS
47,2023-02-01,Prov Repuestos,SURCO,ACEITE DE MOTOR 5W30 FULL SINTÉTICO,10,92,920,REPUESTOS
48,2023-02-01,Prov Repuestos,SURCO,AMORTIGUADORES DELANTEROS,10,242,2420,REPUESTOS
49,2023-02-01,Prov Repuestos,SURCO,AMORTIGUADORES POSTERIORES,10,81,810,REPUESTOS
50,2023-02-01,Prov Repuestos,SURCO,"LLANTAS 18""",10,67,670,REPUESTOS
51,2023-02-01,Prov Repuestos,SURCO,BATERÍA DE 18 PLACAS,5,75,375,REPUESTOS
52,2023-02-01,Prov Repuestos,LA MOLINA,ACEITE DE MOTOR 5W30 FULL SINTÉTICO,10,92,920,REPUESTOS
53,2023-02-01,Prov Repuestos,LA MOLINA,AMORTIGUADORES DELANTEROS,10,242,2420,REPUESTOS
54,2023-02-01,Prov Repuestos,LA MOLINA,AMORTIGUADORES POSTERIORES,10,81,810,REPUESTOS
55,2023-02-01,Prov Repuestos,LA MOLINA,BATERÍA DE 18 PLACAS,1,75,75,REPUESTOS
56,2023-02-01,Prov Repuestos,SURCO,ACEITE DE MOTOR 5W30 FULL SINTÉTICO,26,92,2392,REPUESTOS
57,2023-02-01,Prov Repuestos,LA MOLINA,BATERÍA DE 18 PLACAS,81,75,6075,REPUESTOS
58,2023-02-15,Prov Vehículos,SURCO,AUTO HONDA ACCORD 2014,4,19500,78000,AUTOS
59,2023-02-15,Prov Vehículos,SURCO,AUTO HONDA CIVIC 2014,4,18500,74000,AUTOS
60,2023-02-15,Prov Vehículos,SURCO,AUTO HONDA ODISSEY 2013,1,18500,18500,AUTOS
61,2023-02-15,Prov Vehículos,SURCO,AUTO HONDA CRV 2014,4,17500,70000,AUTOS
62,2023-02-15,Prov Vehículos,SURCO,AUTO HONDA PILOT 2013,5,17000,85000,AUTOS
63,2023-02-15,Prov Vehículos,SURCO,AUTO HONDA FIT 2016,5,14500,72500,AUTOS
64,2023-02-15,Prov Vehículos,SURCO,AUTO HONDA CITY 2016,3,16500,49500,AUTOS
65,2023-02-15,Prov Repuestos,SURCO,ACEITE DE MOTOR 5W30 FULL SINTÉTICO,2,92,184,REPUESTOS
66,2023-02-15,Prov Repuestos,SURCO,AMORTIGUADORES DELANTEROS,10,242,2420,REPUESTOS
67,2023-02-15,Prov Repuestos,SURCO,AMORTIGUADORES POSTERIORES,10,81,810,REPUESTOS
68,2023-02-15,Prov Repuestos,SURCO,"LLANTAS 18""",10,67,670,REPUESTOS
69,2023-02-15,Prov Repuestos,SURCO,BATERÍA DE 18 PLACAS,5,75,375,REPUESTOS
70,2023-02-15,Prov Vehículos,LA MOLINA,AUTO HONDA ODISSEY 2013,1,18500,18500,AUTOS
71,2023-02-15,Prov Vehículos,LA MOLINA,AUTO HONDA CRV 2014,3,17500,52500,AUTOS
72,2023-02-15,Prov Repuestos,LA MOLINA,ACEITE DE MOTOR 5W30 FULL SINTÉTICO,10,92,920,REPUESTOS
73,2023-02-15,Prov Repuestos,LA MOLINA,AMORTIGUADORES DELANTEROS,10,242,2420,REPUESTOS
74,2023-02-15,Prov Repuestos,LA MOLINA,AMORTIGUADORES POSTERIORES,10,81,810,REPUESTOS
75,2023-02-15,Prov Repuestos,SURCO,"LLANTAS 18""",31,67,2077,REPUESTOS
76,2023-02-15,Prov Repuestos,LA MOLINA,"LLANTAS 18""",55,67,3685,REPUESTOS
77,2023-03-01,Prov Repuestos,SURCO,ACEITE DE MOTOR 5W30 FULL SINTÉTICO,10,105,1050,REPUESTOS
78,2023-03-01,Prov Repuestos,SURCO,AMORTIGUADORES DELANTEROS,10,201,2010,REPUESTOS
79,2023-03-01,Prov Repuestos,SURCO,AMORTIGUADORES POSTERIORES,10,75,750,REPUESTOS
80,2023-03-01,Prov Repuestos,SURCO,"LLANTAS 18""",5,64,320,REPUESTOS
81,2023-03-01,Prov Repuestos,SURCO,BATERÍA DE 18 PLACAS,5,58,290,REPUESTOS
82,2023-03-01,Prov Repuestos,LA MOLINA,ACEITE DE MOTOR 5W30 FULL SINTÉTICO,10,105,1050,REPUESTOS
83,2023-03-01,Prov Repuestos,LA MOLINA,AMORTIGUADORES DELANTEROS,10,201,2010,REPUESTOS
84,2023-03-01,Prov Repuestos,LA MOLINA,AMORTIGUADORES POSTERIORES,10,75,750,REPUESTOS
85,2023-03-01,Prov Repuestos,SURCO,AMORTIGUADORES DELANTEROS,38,201,7638,REPUESTOS
86,2023-03-01,Prov Repuestos,LA MOLINA,FILTRO DE COMBUSTIBLE,69,95,6555,REPUESTOS
87,2023-03-15,Prov Vehículos,SURCO,AUTO HONDA ACCORD 2014,2,16500,33000,AUTOS
88,2023-03-15,Prov Vehículos,SURCO,AUTO HONDA CIVIC 2014,1,16000,16000,AUTOS
89,2023-03-15,Prov Vehículos,SURCO,AUTO HONDA ODISSEY 2013,4,18500,74000,AUTOS
90,2023-03-15,Prov Vehículos,SURCO,AUTO HONDA CRV 2014,1,17500,17500,AUTOS
91,2023-03-15,Prov Vehículos,SURCO,AUTO HONDA PILOT 2013,2,17000,34000,AUTOS
92,2023-03-15,Prov Vehículos,SURCO,AUTO HONDA FIT 2016,3,14500,43500,AUTOS
93,2023-03-15,Prov Vehículos,SURCO,AUTO HONDA CITY 2016,5,17000,85000,AUTOS
94,2023-03-15,Prov Repuestos,SURCO,ACEITE DE MOTOR 5W30 FULL SINTÉTICO,10,105,1050,REPUESTOS
95,2023-03-15,Prov Repuestos,SURCO,FILTRO DE COMBUSTIBLE,1,95,95,REPUESTOS
96,2023-03-15,Prov Repuestos,SURCO,AMORTIGUADORES POSTERIORES,10,75,750,REPUESTOS
97,2023-03-15,Prov Repuestos,SURCO,"LLANTAS 18""",10,64,640,REPUESTOS
98,2023-03-15,Prov Repuestos,SURCO,BATERÍA DE 18 PLACAS,2,58,116,REPUESTOS
99,2023-03-15,Prov Vehículos,LA MOLINA,AUTO HONDA ACCORD 2014,5,16500,82500,AUTOS
100,2023-03-15,Prov Vehículos,LA MOLINA,AUTO HONDA ODISSEY 2013,2,18500,37000,AUTOS
101,2023-03-15,Prov Vehículos,LA MOLINA,AUTO HONDA CRV 2014,3,17500,52500,AUTOS
102,2023-03-15,Prov Repuestos,LA MOLINA,ACEITE DE MOTOR 5W30 FULL SINTÉTICO,10,105,1050,REPUESTOS
103,2023-03-15,Prov Repuestos,LA MOLINA,AMORTIGUADORES DELANTEROS,10,201,2010,REPUESTOS
104,2023-03-15,Prov Repuestos,LA MOLINA,AMORTIGUADORES POSTERIORES,10,75,750,REPUESTOS
105,2023-03-15,Prov Repuestos,SURCO,"LLANTAS 18""",9,64,576,REPUESTOS
106,2023-03-15,Prov Repuestos,LA MOLINA,"LLANTAS 18""",29,64,1856,REPUESTOS
107,2023-04-01,Prov Vehículos,SURCO,AUTO HONDA ACCORD 2014,2,16500,33000,AUTOS
108,2023-04-01,Prov Repuestos,SURCO,ACEITE DE MOTOR 5W30 FULL SINTÉTICO,10,121,1210,REPUESTOS
109,2023-04-01,Prov Repuestos,SURCO,FILTRO DE COMBUSTIBLE,1,108,108,REPUESTOS
110,2023-04-01,Prov Repuestos,SURCO,AMORTIGUADORES DELANTEROS,4,207,828,REPUESTOS
111,2023-04-01,Prov Repuestos,SURCO,AMORTIGUADORES POSTERIORES,10,89,890,REPUESTOS
112,2023-04-01,Prov Repuestos,SURCO,"LLANTAS 18""",8,54,432,REPUESTOS
113,2023-04-01,Prov Repuestos,SURCO,BATERÍA DE 18 PLACAS,5,85,425,REPUESTOS
114,2023-04-01,Prov Repuestos,LA MOLINA,ACEITE DE MOTOR 5W30 FULL SINTÉTICO,10,121,1210,REPUESTOS
115,2023-04-01,Prov Repuestos,LA MOLINA,AMORTIGUADORES DELANTEROS,10,207,2070,REPUESTOS
116,2023-04-01,Prov Repuestos,LA MOLINA,AMORTIGUADORES POSTERIORES,10,89,890,REPUESTOS
117,2023-04-01,Prov Repuestos,LA MOLINA,BATERÍA DE 18 PLACAS,5,85,425,REPUESTOS
118,2023-04-01,Prov Repuestos,SURCO,ACEITE DE MOTOR 5W30 FULL SINTÉTICO,39,121,4719,REPUESTOS
119,2023-04-01,Prov Repuestos,LA MOLINA,ACEITE DE MOTOR 5W30 FULL SINTÉTICO,43,121,5203,REPUESTOS
120,2023-04-15,Prov Vehículos,SURCO,AUTO HONDA ACCORD 2014,5,16500,82500,AUTOS
121,2023-04-15,Prov Vehículos,SURCO,AUTO HONDA CIVIC 2014,3,16000,48000,AUTOS
122,2023-04-15,Prov Vehículos,SURCO,AUTO HONDA ODISSEY 2013,1,15500,15500,AUTOS
123,2023-04-15,Prov Vehículos,SURCO,AUTO HONDA CRV 2014,2,18500,37000,AUTOS
124,2023-04-15,Prov Vehículos,SURCO,AUTO HONDA PILOT 2013,2,18000,36000,AUTOS
125,2023-04-15,Prov Vehículos,SURCO,AUTO HONDA FIT 2016,5,14000,70000,AUTOS
126,2023-04-15,Prov Vehículos,SURCO,AUTO HONDA CITY 2016,1,16000,16000,AUTOS
127,2023-04-15,Prov Repuestos,SURCO,FILTRO DE COMBUSTIBLE,1,108,108,REPUESTOS
128,2023-04-15,Prov Repuestos,SURCO,AMORTIGUADORES DELANTEROS,10,207,2070,REPUESTOS
129,2023-04-15,Prov Repuestos,SURCO,AMORTIGUADORES POSTERIORES,10,89,890,REPUESTOS
130,2023-04-15,Prov Repuestos,SURCO,"LLANTAS 18""",10,54,540,REPUESTOS
131,2023-04-15,Prov Repuestos,SURCO,BATERÍA DE 18 PLACAS,5,85,425,REPUESTOS
132,2023-04-15,Prov Vehículos,LA MOLINA,AUTO HONDA ACCORD 2014,2,16500,33000,AUTOS
133,2023-04-15,Prov Vehículos,LA MOLINA,AUTO HONDA CIVIC 2014,3,16000,48000,AUTOS
134,2023-04-15,Prov Vehículos,LA MOLINA,AUTO HONDA ODISSEY 2013,3,15500,46500,AUTOS
135,2023-04-15,Prov Vehículos,LA MOLINA,AUTO HONDA CRV 2014,2,18500,37000,AUTOS
136,2023-04-15,Prov Repuestos,LA MOLINA,AMORTIGUADORES DELANTEROS,10,207,2070,REPUESTOS
137,2023-04-15,Prov Repuestos,LA MOLINA,AMORTIGUADORES POSTERIORES,10,89,890,REPUESTOS
138,2023-04-15,Prov Repuestos,LA MOLINA,BATERÍA DE 18 PLACAS,5,85,425,REPUESTOS
139,2023-04-15,Prov Repuestos,SURCO,"LLANTAS 18""",11,54,594,REPUESTOS
140,2023-04-15,Prov Repuestos,LA MOLINA,AMORTIGUADORES DELANTEROS,46,207,9522,REPUESTOS
141,2023-05-01,Prov Repuestos,SURCO,AMORTIGUADORES DELANTEROS,10,197,1970,REPUESTOS
142,2023-05-01,Prov Repuestos,SURCO,AMORTIGUADORES POSTERIORES,10,106,1060,REPUESTOS
143,2023-05-01,Prov Repuestos,SURCO,"LLANTAS 18""",10,81,810,REPUESTOS
144,2023-05-01,Prov Repuestos,SURCO,BATERÍA DE 18 PLACAS,5,96,480,REPUESTOS
145,2023-05-01,Prov Repuestos,LA MOLINA,ACEITE DE MOTOR 5W30 FULL SINTÉTICO,10,95,950,REPUESTOS
146,2023-05-01,Prov Repuestos,LA MOLINA,AMORTIGUADORES DELANTEROS,10,197,1970,REPUESTOS
147,2023-05-01,Prov Repuestos,LA MOLINA,AMORTIGUADORES POSTERIORES,10,106,1060,REPUESTOS
148,2023-05-01,Prov Repuestos,LA MOLINA,"LLANTAS 18""",10,81,810,REPUESTOS
149,2023-05-01,Prov Repuestos,LA MOLINA,BATERÍA DE 18 PLACAS,5,96,480,REPUESTOS
150,2023-05-01,Prov Repuestos,SURCO,AMORTIGUADORES POSTERIORES,32,106,3392,REPUESTOS
151,2023-05-01,Prov Repuestos,LA MOLINA,AMORTIGUADORES DELANTEROS,106,197,20882,REPUESTOS
152,2023-05-15,Prov Vehículos,SURCO,AUTO HONDA CIVIC 2014,2,20000,40000,AUTOS
153,2023-05-15,Prov Vehículos,SURCO,AUTO HONDA ODISSEY 2013,5,15500,77500,AUTOS
154,2023-05-15,Prov Vehículos,SURCO,AUTO HONDA CRV 2014,3,18500,55500,AUTOS
155,2023-05-15,Prov Vehículos,SURCO,AUTO HONDA PILOT 2013,5,15500,77500,AUTOS
156,2023-05-15,Prov Vehículos,SURCO,AUTO HONDA FIT 2016,1,19000,19000,AUTOS
157,2023-05-15,Prov Vehículos,SURCO,AUTO HONDA CITY 2016,1,16000,16000,AUTOS
158,2023-05-15,Prov Repuestos,SURCO,ACEITE DE MOTOR 5W30 FULL SINTÉTICO,10,95,950,REPUESTOS
159,2023-05-15,Prov Repuestos,SURCO,FILTRO DE COMBUSTIBLE,1,101,101,REPUESTOS
160,2023-05-15,Prov Repuestos,SURCO,AMORTIGUADORES DELANTEROS,10,197,1970,REPUESTOS
161,2023-05-15,Prov Repuestos,SURCO,"LLANTAS 18""",10,81,810,REPUESTOS
162,2023-05-15,Prov Repuestos,SURCO,BATERÍA DE 18 PLACAS,5,96,480,REPUESTOS
163,2023-05-15,Prov Vehículos,LA MOLINA,AUTO HONDA ACCORD 2014,3,17000,51000,AUTOS
164,2023-05-15,Prov Vehículos,LA MOLINA,AUTO HONDA CIVIC 2014,3,20000,60000,AUTOS
165,2023-05-15,Prov Vehículos,LA MOLINA,AUTO HONDA ODISSEY 2013,2,15500,31000,AUTOS
166,2023-05-15,Prov Vehículos,LA MOLINA,AUTO HONDA CRV 2014,1,18500,18500,AUTOS
167,2023-05-15,Prov Repuestos,LA MOLINA,ACEITE DE MOTOR 5W30 FULL SINTÉTICO,10,95,950,REPUESTOS
168,2023-05-15,Prov Repuestos,LA MOLINA,AMORTIGUADORES POSTERIORES,10,106,1060,REPUESTOS
169,2023-05-15,Prov Repuestos,LA MOLINA,"LLANTAS 18""",9,81,729,REPUESTOS
170,2023-05-15,Prov Repuestos,LA MOLINA,BATERÍA DE 18 PLACAS,5,96,480,REPUESTOS
171,2023-05-15,Prov Repuestos,SURCO,FILTRO DE COMBUSTIBLE,26,101,2626,REPUESTOS
172,2023-05-15,Prov Repuestos,LA MOLINA,AMORTIGUADORES POSTERIORES,23,106,2438,REPUESTOS
173,2023-06-01,Prov Repuestos,SURCO,ACEITE DE MOTOR 5W30 FULL SINTÉTICO,10,109,1090,REPUESTOS
174,2023-06-01,Prov Repuestos,SURCO,AMORTIGUADORES DELANTEROS,10,217,2170,REPUESTOS
175,2023-06-01,Prov Repuestos,SURCO,AMORTIGUADORES POSTERIORES,10,109,1090,REPUESTOS
176,2023-06-01,Prov Repuestos,SURCO,"LLANTAS 18""",10,55,550,REPUESTOS
177,2023-06-01,Prov Repuestos,SURCO,BATERÍA DE 18 PLACAS,5,82,410,REPUESTOS
178,2023-06-01,Prov Repuestos,LA MOLINA,ACEITE DE MOTOR 5W30 FULL SINTÉTICO,10,109,1090,REPUESTOS
179,2023-06-01,Prov Repuestos,LA MOLINA,AMORTIGUADORES POSTERIORES,10,109,1090,REPUESTOS
180,2023-06-01,Prov Repuestos,LA MOLINA,"LLANTAS 18""",10,55,550,REPUESTOS
181,2023-06-01,Prov Repuestos,LA MOLINA,BATERÍA DE 18 PLACAS,5,82,410,REPUESTOS
182,2023-06-01,Prov Repuestos,SURCO,BATERÍA DE 18 PLACAS,13,82,1066,REPUESTOS
183,2023-06-01,Prov Repuestos,LA MOLINA,AMORTIGUADORES POSTERIORES,80,109,8720,REPUESTOS
184,2023-06-15,Prov Vehículos,SURCO,AUTO HONDA CIVIC 2014,2,20000,40000,AUTOS
185,2023-06-15,Prov Vehículos,SURCO,AUTO HONDA ODISSEY 2013,1,15000,15000,AUTOS
186,2023-06-15,Prov Vehículos,SURCO,AUTO HONDA PILOT 2013,5,16500,82500,AUTOS
187,2023-06-15,Prov Vehículos,SURCO,AUTO HONDA FIT 2016,3,15000,45000,AUTOS
188,2023-06-15,Prov Vehículos,SURCO,AUTO HONDA CITY 2016,5,16000,80000,AUTOS
189,2023-06-15,Prov Repuestos,SURCO,ACEITE DE MOTOR 5W30 FULL SINTÉTICO,10,109,1090,REPUESTOS
190,2023-06-15,Prov Repuestos,SURCO,AMORTIGUADORES DELANTEROS,10,217,2170,REPUESTOS
191,2023-06-15,Prov Repuestos,SURCO,AMORTIGUADORES POSTERIORES,8,109,872,REPUESTOS
192,2023-06-15,Prov Repuestos,SURCO,"LLANTAS 18""",10,55,550,REPUESTOS
193,2023-06-15,Prov Vehículos,LA MOLINA,AUTO HONDA CIVIC 2014,2,20000,40000,AUTOS
194,2023-06-15,Prov Vehículos,LA MOLINA,AUTO HONDA ODISSEY 2013,5,15000,75000,AUTOS
195,2023-06-15,Prov Vehículos,LA MOLINA,AUTO HONDA CRV 2014,1,18500,18500,AUTOS
196,2023-06-15,Prov Repuestos,LA MOLINA,ACEITE DE MOTOR 5W30 FULL SINTÉTICO,10,109,1090,REPUESTOS
197,2023-06-15,Prov Repuestos,LA MOLINA,"LLANTAS 18""",10,55,550,REPUESTOS
198,2023-06-15,Prov Repuestos,LA MOLINA,BATERÍA DE 18 PLACAS,5,82,410,REPUESTOS
199,2023-06-15,Prov Repuestos,SURCO,BATERÍA DE 18 PLACAS,11,82,902,REPUESTOS
200,2023-06-15,Prov Repuestos,LA MOLINA,AMORTIGUADORES POSTERIORES,31,109,3379,REPUESTOS
201,2023-07-01,Prov Repuestos,SURCO,ACEITE DE MOTOR 5W30 FULL SINTÉTICO,10,108,1080,REPUESTOS
202,2023-07-01,Prov Repuestos,SURCO,AMORTIGUADORES DELANTEROS,10,229,2290,REPUESTOS
203,2023-07-01,Prov Repuestos,SURCO,AMORTIGUADORES POSTERIORES,10,85,850,REPUESTOS
204,2023-07-01,Prov Repuestos,SURCO,"LLANTAS 18""",10,61,610,REPUESTOS
205,2023-07-01,Prov Repuestos,SURCO,BATERÍA DE 18 PLACAS,4,100,400,REPUESTOS
206,2023-07-01,Prov Repuestos,LA MOLINA,ACEITE DE MOTOR 5W30 FULL SINTÉTICO,10,108,1080,REPUESTOS
207,2023-07-01,Prov Repuestos,LA MOLINA,AMORTIGUADORES DELANTEROS,10,229,2290,REPUESTOS
208,2023-07-01,Prov Repuestos,LA MOLINA,"LLANTAS 18""",10,61,610,REPUESTOS
209,2023-07-01,Prov Repuestos,LA MOLINA,BATERÍA DE 18 PLACAS,5,100,500,REPUESTOS
210,2023-07-01,Prov Repuestos,SURCO,"LLANTAS 18""",17,61,1037,REPUESTOS
211,2023-07-01,Prov Repuestos,LA MOLINA,ACEITE DE MOTOR 5W30 FULL SINTÉTICO,26,108,2808,REPUESTOS
212,2023-07-15,Prov Vehículos,SURCO,AUTO HONDA ACCORD 2014,3,15500,46500,AUTOS
213,2023-07-15,Prov Vehículos,SURCO,AUTO HONDA CIVIC 2014,3,19000,57000,AUTOS
214,2023-07-15,Prov Vehículos,SURCO,AUTO HONDA ODISSEY 2013,5,18000,90000,AUTOS
215,2023-07-15,Prov Vehículos,SURCO,AUTO HONDA CRV 2014,5,18000,90000,AUTOS
216,2023-07-15,Prov Vehículos,SURCO,AUTO HONDA PILOT 2013,2,16500,33000,AUTOS
217,2023-07-15,Prov Vehículos,SURCO,AUTO HONDA FIT 2016,2,16000,32000,AUTOS
218,2023-07-15,Prov Repuestos,SURCO,ACEITE DE MOTOR 5W30 FULL SINTÉTICO,7,108,756,REPUESTOS
219,2023-07-15,Prov Repuestos,SURCO,AMORTIGUADORES DELANTEROS,10,229,2290,REPUESTOS
220,2023-07-15,Prov Repuestos,SURCO,AMORTIGUADORES POSTERIORES,10,85,850,REPUESTOS
221,2023-07-15,Prov Repuestos,SURCO,"LLANTAS 18""",5,61,305,REPUESTOS
222,2023-07-15,Prov Repuestos,SURCO,BATERÍA DE 18 PLACAS,5,100,500,REPUESTOS
223,2023-07-15,Prov Vehículos,LA MOLINA,AUTO HONDA ACCORD 2014,3,15500,46500,AUTOS
224,2023-07-15,Prov Vehículos,LA MOLINA,AUTO HONDA CIVIC 2014,4,19000,76000,AUTOS
225,2023-07-15,Prov Vehículos,LA MOLINA,AUTO HONDA CRV 2014,3,18000,54000,AUTOS
226,2023-07-15,Prov Repuestos,LA MOLINA,AMORTIGUADORES DELANTEROS,8,229,1832,REPUESTOS
227,2023-07-15,Prov Repuestos,LA MOLINA,"LLANTAS 18""",10,61,610,REPUESTOS
228,2023-07-15,Prov Repuestos,LA MOLINA,BATERÍA DE 18 PLACAS,5,100,500,REPUESTOS
229,2023-07-15,Prov Repuestos,SURCO,BATERÍA DE 18 PLACAS,21,100,2100,REPUESTOS
230,2023-07-15,Prov Repuestos,LA MOLINA,BATERÍA DE 18 PLACAS,45,100,4500,REPUESTOS
231,2023-08-01,Prov Repuestos,SURCO,ACEITE DE MOTOR 5W30 FULL SINTÉTICO,10,111,1110,REPUESTOS
232,2023-08-01,Prov Repuestos,SURCO,AMORTIGUADORES DELANTEROS,10,218,2180,REPUESTOS
233,2023-08-01,Prov Repuestos,SURCO,AMORTIGUADORES POSTERIORES,10,85,850,REPUESTOS
234,2023-08-01,Prov Repuestos,SURCO,"LLANTAS 18""",10,75,750,REPUESTOS
235,2023-08-01,Prov Repuestos,SURCO,BATERÍA DE 18 PLACAS,1,69,69,REPUESTOS
236,2023-08-01,Prov Repuestos,LA MOLINA,ACEITE DE MOTOR 5W30 FULL SINTÉTICO,10,111,1110,REPUESTOS
237,2023-08-01,Prov Repuestos,LA MOLINA,AMORTIGUADORES DELANTEROS,10,218,2180,REPUESTOS
238,2023-08-01,Prov Repuestos,LA MOLINA,"LLANTAS 18""",10,75,750,REPUESTOS
239,2023-08-01,Prov Repuestos,SURCO,ACEITE DE MOTOR 5W30 FULL SINTÉTICO,28,111,3108,REPUESTOS
240,2023-08-01,Prov Repuestos,LA MOLINA,"LLANTAS 18""",83,75,6225,REPUESTOS
241,2023-08-15,Prov Vehículos,SURCO,AUTO HONDA ACCORD 2014,3,15500,46500,AUTOS
242,2023-08-15,Prov Vehículos,SURCO,AUTO HONDA CIVIC 2014,2,19500,39000,AUTOS
243,2023-08-15,Prov Vehículos,SURCO,AUTO HONDA CRV 2014,1,16500,16500,AUTOS
244,2023-08-15,Prov Vehículos,SURCO,AUTO HONDA PILOT 2013,5,20000,100000,AUTOS
245,2023-08-15,Prov Vehículos,SURCO,AUTO HONDA FIT 2016,2,16000,32000,AUTOS
246,2023-08-15,Prov Vehículos,SURCO,AUTO HONDA CITY 2016,5,13500,67500,AUTOS
247,2023-08-15,Prov Repuestos,SURCO,AMORTIGUADORES DELANTEROS,10,218,2180,REPUESTOS
248,2023-08-15,Prov Repuestos,SURCO,AMORTIGUADORES POSTERIORES,10,85,850,REPUESTOS
249,2023-08-15,Prov Repuestos,SURCO,"LLANTAS 18""",10,75,750,REPUESTOS
250,2023-08-15,Prov Repuestos,SURCO,BATERÍA DE 18 PLACAS,5,69,345,REPUESTOS
251,2023-08-15,Prov Vehículos,LA MOLINA,AUTO HONDA ACCORD 2014,4,15500,62000,AUTOS
252,2023-08-15,Prov Vehículos,LA MOLINA,AUTO HONDA CIVIC 2014,3,19500,58500,AUTOS
253,2023-08-15,Prov Vehículos,LA MOLINA,AUTO HONDA ODISSEY 2013,2,18000,36000,AUTOS
254,2023-08-15,Prov Vehículos,LA MOLINA,AUTO HONDA CRV 2014,2,16500,33000,AUTOS
255,2023-08-15,Prov Repuestos,LA MOLINA,ACEITE DE MOTOR 5W30 FULL SINTÉTICO,10,111,1110,REPUESTOS
256,2023-08-15,Prov Repuestos,LA MOLINA,AMORTIGUADORES DELANTEROS,8,218,1744,REPUESTOS
257,2023-08-15,Prov Repuestos,LA MOLINA,AMORTIGUADORES POSTERIORES,10,85,850,REPUESTOS
258,2023-08-15,Prov Repuestos,SURCO,"LLANTAS 18""",18,75,1350,REPUESTOS
259,2023-08-15,Prov Repuestos,LA MOLINA,ACEITE DE MOTOR 5W30 FULL SINTÉTICO,47,111,5217,REPUESTOS
260,2023-09-01,Prov Repuestos,SURCO,ACEITE DE MOTOR 5W30 FULL SINTÉTICO,7,104,728,REPUESTOS
261,2023-09-01,Prov Repuestos,SURCO,AMORTIGUADORES DELANTEROS,10,192,1920,REPUESTOS
262,2023-09-01,Prov Repuestos,SURCO,AMORTIGUADORES POSTERIORES,10,95,950,REPUESTOS
263,2023-09-01,Prov Repuestos,SURCO,"LLANTAS 18""",9,54,486,REPUESTOS
264,2023-09-01,Prov Repuestos,SURCO,BATERÍA DE 18 PLACAS,5,80,400,REPUESTOS
265,2023-09-01,Prov Repuestos,LA MOLINA,AMORTIGUADORES DELANTEROS,10,192,1920,REPUESTOS
266,2023-09-01,Prov Repuestos,LA MOLINA,AMORTIGUADORES POSTERIORES,10,95,950,REPUESTOS
267,2023-09-01,Prov Repuestos,LA MOLINA,BATERÍA DE 18 PLACAS,5,80,400,REPUESTOS
268,2023-09-01,Prov Repuestos,SURCO,ACEITE DE MOTOR 5W30 FULL SINTÉTICO,35,104,3640,REPUESTOS
269,2023-09-01,Prov Repuestos,LA MOLINA,AMORTIGUADORES DELANTEROS,89,192,17088,REPUESTOS
270,2023-09-15,Prov Vehículos,SURCO,AUTO HONDA ACCORD 2014,2,17500,35000,AUTOS
271,2023-09-15,Prov Vehículos,SURCO,AUTO HONDA CIVIC 2014,3,19500,58500,AUTOS
272,2023-09-15,Prov Vehículos,SURCO,AUTO HONDA ODISSEY 2013,5,18000,90000,AUTOS
273,2023-09-15,Prov Vehículos,SURCO,AUTO HONDA CRV 2014,2,16500,33000,AUTOS
274,2023-09-15,Prov Vehículos,SURCO,AUTO HONDA PILOT 2013,5,16000,80000,AUTOS
275,2023-09-15,Prov Vehículos,SURCO,AUTO HONDA FIT 2016,3,18000,54000,AUTOS
276,2023-09-15,Prov Vehículos,SURCO,AUTO HONDA CITY 2016,4,13500,54000,AUTOS
277,2023-09-15,Prov Repuestos,SURCO,FILTRO DE COMBUSTIBLE,1,103,103,REPUESTOS
278,2023-09-15,Prov Repuestos,SURCO,AMORTIGUADORES DELANTEROS,10,192,1920,REPUESTOS
279,2023-09-15,Prov Repuestos,SURCO,AMORTIGUADORES POSTERIORES,10,95,950,REPUESTOS
280,2023-09-15,Prov Repuestos,SURCO,"LLANTAS 18""",10,54,540,REPUESTOS
281,2023-09-15,Prov Repuestos,SURCO,BATERÍA DE 18 PLACAS,5,80,400,REPUESTOS
282,2023-09-15,Prov Vehículos,LA MOLINA,AUTO HONDA ACCORD 2014,1,17500,17500,AUTOS
283,2023-09-15,Prov Vehículos,LA MOLINA,AUTO HONDA CIVIC 2014,1,19500,19500,AUTOS
284,2023-09-15,Prov Vehículos,LA MOLINA,AUTO HONDA ODISSEY 2013,4,18000,72000,AUTOS
285,2023-09-15,Prov Vehículos,LA MOLINA,AUTO HONDA CRV 2014,2,16500,33000,AUTOS
286,2023-09-15,Prov Repuestos,LA MOLINA,AMORTIGUADORES POSTERIORES,10,95,950,REPUESTOS
287,2023-09-15,Prov Repuestos,LA MOLINA,BATERÍA DE 18 PLACAS,5,80,400,REPUESTOS
288,2023-09-15,Prov Repuestos,SURCO,FILTRO DE COMBUSTIBLE,22,103,2266,REPUESTOS
289,2023-09-15,Prov Repuestos,LA MOLINA,"LLANTAS 18""",47,54,2538,REPUESTOS
290,2023-10-01,Prov Repuestos,SURCO,ACEITE DE MOTOR 5W30 FULL SINTÉTICO,7,102,714,REPUESTOS
291,2023-10-01,Prov Repuestos,SURCO,AMORTIGUADORES DELANTEROS,10,241,2410,REPUESTOS
292,2023-10-01,Prov Repuestos,SURCO,AMORTIGUADORES POSTERIORES,10,105,1050,REPUESTOS
293,2023-10-01,Prov Repuestos,SURCO,"LLANTAS 18""",10,57,570,REPUESTOS
294,2023-10-01,Prov Repuestos,SURCO,BATERÍA DE 18 PLACAS,5,82,410,REPUESTOS
295,2023-10-01,Prov Repuestos,LA MOLINA,ACEITE DE MOTOR 5W30 FULL SINTÉTICO,10,102,1020,REPUESTOS
296,2023-10-01,Prov Repuestos,LA MOLINA,AMORTIGUADORES POSTERIORES,10,105,1050,REPUESTOS
297,2023-10-01,Prov Repuestos,LA MOLINA,BATERÍA DE 18 PLACAS,5,82,410,REPUESTOS
298,2023-10-01,Prov Repuestos,SURCO,ACEITE DE MOTOR 5W30 FULL SINTÉTICO,17,102,1734,REPUESTOS
299,2023-10-01,Prov Repuestos,LA MOLINA,AMORTIGUADORES POSTERIORES,89,105,9345,REPUESTOS
300,2023-10-15,Prov Vehículos,SURCO,AUTO HONDA ACCORD 2014,3,16500,49500,AUTOS
301,2023-10-15,Prov Vehículos,SURCO,AUTO HONDA CIVIC 2014,1,19500,19500,AUTOS
302,2023-10-15,Prov Vehículos,SURCO,AUTO HONDA ODISSEY 2013,1,19000,19000,AUTOS
303,2023-10-15,Prov Vehículos,SURCO,AUTO HONDA CRV 2014,3,13500,40500,AUTOS
304,2023-10-15,Prov Vehículos,SURCO,AUTO HONDA PILOT 2013,5,16000,80000,AUTOS
305,2023-10-15,Prov Vehículos,SURCO,AUTO HONDA FIT 2016,5,18000,90000,AUTOS
306,2023-10-15,Prov Vehículos,SURCO,AUTO HONDA CITY 2016,5,14500,72500,AUTOS
307,2023-10-15,Prov Repuestos,SURCO,AMORTIGUADORES DELANTEROS,10,241,2410,REPUESTOS
308,2023-10-15,Prov Repuestos,SURCO,AMORTIGUADORES POSTERIORES,10,105,1050,REPUESTOS
309,2023-10-15,Prov Repuestos,SURCO,"LLANTAS 18""",10,57,570,REPUESTOS
310,2023-10-15,Prov Repuestos,SURCO,BATERÍA DE 18 PLACAS,5,82,410,REPUESTOS
311,2023-10-15,Prov Vehículos,LA MOLINA,AUTO HONDA ACCORD 2014,2,16500,33000,AUTOS
312,2023-10-15,Prov Vehículos,LA MOLINA,AUTO HONDA CIVIC 2014,1,19500,19500,AUTOS
313,2023-10-15,Prov Vehículos,LA MOLINA,AUTO HONDA ODISSEY 2013,4,19000,76000,AUTOS
314,2023-10-15,Prov Vehículos,LA MOLINA,AUTO HONDA CRV 2014,1,13500,13500,AUTOS
315,2023-10-15,Prov Repuestos,LA MOLINA,ACEITE DE MOTOR 5W30 FULL SINTÉTICO,10,102,1020,REPUESTOS
316,2023-10-15,Prov Repuestos,LA MOLINA,AMORTIGUADORES DELANTEROS,10,241,2410,REPUESTOS
317,2023-10-15,Prov Repuestos,LA MOLINA,BATERÍA DE 18 PLACAS,5,82,410,REPUESTOS
318,2023-10-15,Prov Repuestos,SURCO,AMORTIGUADORES DELANTEROS,23,241,5543,REPUESTOS
319,2023-10-15,Prov Repuestos,LA MOLINA,"LLANTAS 18""",42,57,2394,REPUESTOS
320,2023-11-01,Prov Repuestos,SURCO,ACEITE DE MOTOR 5W30 FULL SINTÉTICO,10,106,1060,REPUESTOS
321,2023-11-01,Prov Repuestos,SURCO,AMORTIGUADORES DELANTEROS,10,241,2410,REPUESTOS
322,2023-11-01,Prov Repuestos,SURCO,AMORTIGUADORES POSTERIORES,10,102,1020,REPUESTOS
323,2023-11-01,Prov Repuestos,SURCO,"LLANTAS 18""",10,60,600,REPUESTOS
324,2023-11-01,Prov Repuestos,SURCO,BATERÍA DE 18 PLACAS,5,76,380,REPUESTOS
325,2023-11-01,Prov Repuestos,LA MOLINA,ACEITE DE MOTOR 5W30 FULL SINTÉTICO,10,106,1060,REPUESTOS
326,2023-11-01,Prov Repuestos,LA MOLINA,AMORTIGUADORES DELANTEROS,10,241,2410,REPUESTOS
327,2023-11-01,Prov Repuestos,LA MOLINA,BATERÍA DE 18 PLACAS,5,76,380,REPUESTOS
328,2023-11-01,Prov Repuestos,SURCO,AMORTIGUADORES POSTERIORES,26,102,2652,REPUESTOS
329,2023-11-01,Prov Repuestos,LA MOLINA,ACEITE DE MOTOR 5W30 FULL SINTÉTICO,75,106,7950,REPUESTOS
330,2023-11-15,Prov Vehículos,SURCO,AUTO HONDA ACCORD 2014,1,16000,16000,AUTOS
331,2023-11-15,Prov Vehículos,SURCO,AUTO HONDA CIVIC 2014,3,20000,60000,AUTOS
332,2023-11-15,Prov Vehículos,SURCO,AUTO HONDA ODISSEY 2013,4,19000,76000,AUTOS
333,2023-11-15,Prov Vehículos,SURCO,AUTO HONDA CRV 2014,2,13500,27000,AUTOS
334,2023-11-15,Prov Vehículos,SURCO,AUTO HONDA PILOT 2013,3,17500,52500,AUTOS
335,2023-11-15,Prov Vehículos,SURCO,AUTO HONDA FIT 2016,4,16500,66000,AUTOS
336,2023-11-15,Prov Vehículos,SURCO,AUTO HONDA CITY 2016,5,16500,82500,AUTOS
337,2023-11-15,Prov Repuestos,SURCO,ACEITE DE MOTOR 5W30 FULL SINTÉTICO,10,106,1060,REPUESTOS
338,2023-11-15,Prov Repuestos,SURCO,AMORTIGUADORES DELANTEROS,10,241,2410,REPUESTOS
339,2023-11-15,Prov Repuestos,SURCO,"LLANTAS 18""",10,60,600,REPUESTOS
340,2023-11-15,Prov Repuestos,SURCO,BATERÍA DE 18 PLACAS,5,76,380,REPUESTOS
341,2023-11-15,Prov Vehículos,LA MOLINA,AUTO HONDA ACCORD 2014,3,16000,48000,AUTOS
342,2023-11-15,Prov Vehículos,LA MOLINA,AUTO HONDA CIVIC 2014,2,20000,40000,AUTOS
343,2023-11-15,Prov Vehículos,LA MOLINA,AUTO HONDA ODISSEY 2013,1,19000,19000,AUTOS
344,2023-11-15,Prov Vehículos,LA MOLINA,AUTO HONDA CRV 2014,2,13500,27000,AUTOS
345,2023-11-15,Prov Repuestos,LA MOLINA,AMORTIGUADORES DELANTEROS,10,241,2410,REPUESTOS
346,2023-11-15,Prov Repuestos,LA MOLINA,BATERÍA DE 18 PLACAS,5,76,380,REPUESTOS
347,2023-11-15,Prov Repuestos,SURCO,"LLANTAS 18""",27,60,1620,REPUESTOS
348,2023-11-15,Prov Repuestos,LA MOLINA,BATERÍA DE 18 PLACAS,47,76,3572,REPUESTOS
349,2023-12-01,Prov Repuestos,SURCO,ACEITE DE MOTOR 5W30 FULL SINTÉTICO,10,118,1180,REPUESTOS
350,2023-12-01,Prov Repuestos,SURCO,AMORTIGUADORES DELANTEROS,10,192,1920,REPUESTOS
351,2023-12-01,Prov Repuestos,SURCO,AMORTIGUADORES POSTERIORES,10,98,980,REPUESTOS
352,2023-12-01,Prov Repuestos,SURCO,"LLANTAS 18""",6,60,360,REPUESTOS
353,2023-12-01,Prov Repuestos,SURCO,BATERÍA DE 18 PLACAS,5,99,495,REPUESTOS
354,2023-12-01,Prov Repuestos,LA MOLINA,AMORTIGUADORES DELANTEROS,10,192,1920,REPUESTOS
355,2023-12-01,Prov Repuestos,LA MOLINA,AMORTIGUADORES POSTERIORES,10,98,980,REPUESTOS
356,2023-12-01,Prov Repuestos,LA MOLINA,"LLANTAS 18""",10,60,600,REPUESTOS
357,2023-12-01,Prov Repuestos,SURCO,ACEITE DE MOTOR 5W30 FULL SINTÉTICO,30,118,3540,REPUESTOS
358,2023-12-01,Prov Repuestos,LA MOLINA,AMORTIGUADORES DELANTEROS,79,192,15168,REPUESTOS
359,2023-12-15,Prov Vehículos,SURCO,AUTO HONDA CIVIC 2014,2,20000,40000,AUTOS
360,2023-12-15,Prov Vehículos,SURCO,AUTO HONDA ODISSEY 2013,1,16000,16000,AUTOS
361,2023-12-15,Prov Vehículos,SURCO,AUTO HONDA CRV 2014,1,17000,17000,AUTOS
362,2023-12-15,Prov Vehículos,SURCO,AUTO HONDA PILOT 2013,3,17500,52500,AUTOS
363,2023-12-15,Prov Vehículos,SURCO,AUTO HONDA FIT 2016,5,16500,82500,AUTOS
364,2023-12-15,Prov Vehículos,SURCO,AUTO HONDA CITY 2016,5,17500,87500,AUTOS
365,2023-12-15,Prov Repuestos,SURCO,AMORTIGUADORES DELANTEROS,10,192,1920,REPUESTOS
366,2023-12-15,Prov Repuestos,SURCO,AMORTIGUADORES POSTERIORES,10,98,980,REPUESTOS
367,2023-12-15,Prov Repuestos,SURCO,"LLANTAS 18""",10,60,600,REPUESTOS
368,2023-12-15,Prov Repuestos,SURCO,BATERÍA DE 18 PLACAS,5,99,495,REPUESTOS
369,2023-12-15,Prov Vehículos,LA MOLINA,AUTO HONDA CIVIC 2014,2,20000,40000,AUTOS
370,2023-12-15,Prov Vehículos,LA MOLINA,AUTO HONDA ODISSEY 2013,2,16000,32000,AUTOS
371,2023-12-15,Prov Vehículos,LA MOLINA,AUTO HONDA CRV 2014,1,17000,17000,AUTOS
372,2023-12-15,Prov Repuestos,LA MOLINA,AMORTIGUADORES POSTERIORES,10,98,980,REPUESTOS
373,2023-12-15,Prov Repuestos,LA MOLINA,"LLANTAS 18""",10,60,600,REPUESTOS
374,2023-12-15,Prov Repuestos,SURCO,AMORTIGUADORES POSTERIORES,23,98,2254,REPUESTOS
375,2023-12-15,Prov Repuestos,LA MOLINA,AMORTIGUADORES DELANTEROS,42,192,8064,REPUESTOS
376,2024-01-01,Prov Repuestos,SURCO,ACEITE DE MOTOR 5W30 FULL SINTÉTICO,10,88,880,REPUESTOS
377,2024-01-01,Prov Repuestos,SURCO,AMORTIGUADORES DELANTEROS,10,217,2170,REPUESTOS
378,2024-01-01,Prov Repuestos,SURCO,AMORTIGUADORES POSTERIORES,10,105,1050,REPUESTOS
379,2024-01-01,Prov Repuestos,SURCO,"LLANTAS 18""",10,65,650,REPUESTOS
380,2024-01-01,Prov Repuestos,SURCO,BATERÍA DE 18 PLACAS,5,90,450,REPUESTOS
381,2024-01-01,Prov Repuestos,LA MOLINA,ACEITE DE MOTOR 5W30 FULL SINTÉTICO,7,88,616,REPUESTOS
382,2024-01-01,Prov Repuestos,LA MOLINA,AMORTIGUADORES POSTERIORES,10,105,1050,REPUESTOS
383,2024-01-01,Prov Repuestos,LA MOLINA,"LLANTAS 18""",10,65,650,REPUESTOS
384,2024-01-01,Prov Repuestos,LA MOLINA,BATERÍA DE 18 PLACAS,5,90,450,REPUESTOS
385,2024-01-01,Prov Repuestos,SURCO,FILTRO DE COMBUSTIBLE,35,117,4095,REPUESTOS
386,2024-01-01,Prov Repuestos,LA MOLINA,FILTRO DE COMBUSTIBLE,108,117,12636,REPUESTOS
387,2024-01-15,Prov Vehículos,SURCO,AUTO HONDA ODISSEY 2013,1,21000,21000,AUTOS
388,2024-01-15,Prov Vehículos,SURCO,AUTO HONDA CRV 2014,3,17000,51000,AUTOS
389,2024-01-15,Prov Vehículos,SURCO,AUTO HONDA PILOT 2013,3,18000,54000,AUTOS
390,2024-01-15,Prov Vehículos,SURCO,AUTO HONDA FIT 2016,5,18500,92500,AUTOS
391,2024-01-15,Prov Vehículos,SURCO,AUTO HONDA CITY 2016,4,20500,82000,AUTOS
392,2024-01-15,Prov Repuestos,SURCO,ACEITE DE MOTOR 5W30 FULL SINTÉTICO,10,88,880,REPUESTOS
393,2024-01-15,Prov Repuestos,SURCO,AMORTIGUADORES DELANTEROS,10,217,2170,REPUESTOS
394,2024-01-15,Prov Repuestos,SURCO,AMORTIGUADORES POSTERIORES,10,105,1050,REPUESTOS
395,2024-01-15,Prov Repuestos,SURCO,"LLANTAS 18""",10,65,650,REPUESTOS
396,2024-01-15,Prov Repuestos,SURCO,BATERÍA DE 18 PLACAS,5,90,450,REPUESTOS
397,2024-01-15,Prov Vehículos,LA MOLINA,AUTO HONDA ACCORD 2014,3,19000,57000,AUTOS
398,2024-01-15,Prov Vehículos,LA MOLINA,AUTO HONDA CIVIC 2014,2,20000,40000,AUTOS
399,2024-01-15,Prov Vehículos,LA MOLINA,AUTO HONDA CRV 2014,3,17000,51000,AUTOS
400,2024-01-15,Prov Repuestos,LA MOLINA,ACEITE DE MOTOR 5W30 FULL SINTÉTICO,10,88,880,REPUESTOS
401,2024-01-15,Prov Repuestos,LA MOLINA,AMORTIGUADORES POSTERIORES,10,105,1050,REPUESTOS
402,2024-01-15,Prov Repuestos,LA MOLINA,"LLANTAS 18""",10,65,650,REPUESTOS
403,2024-01-15,Prov Repuestos,LA MOLINA,BATERÍA DE 18 PLACAS,5,90,450,REPUESTOS
404,2024-01-15,Prov Repuestos,SURCO,AMORTIGUADORES DELANTEROS,1,217,217,REPUESTOS
405,2024-01-15,Prov Repuestos,LA MOLINA,"LLANTAS 18""",12,65,780,REPUESTOS
406,2024-02-01,Prov Repuestos,SURCO,ACEITE DE MOTOR 5W30 FULL SINTÉTICO,10,119,1190,REPUESTOS
407,2024-02-01,Prov Repuestos,SURCO,AMORTIGUADORES DELANTEROS,10,219,2190,REPUESTOS
408,2024-02-01,Prov Repuestos,SURCO,AMORTIGUADORES POSTERIORES,10,102,1020,REPUESTOS
409,2024-02-01,Prov Repuestos,SURCO,"LLANTAS 18""",10,49,490,REPUESTOS
410,2024-02-01,Prov Repuestos,SURCO,BATERÍA DE 18 PLACAS,5,93,465,REPUESTOS
411,2024-02-01,Prov Repuestos,LA MOLINA,ACEITE DE MOTOR 5W30 FULL SINTÉTICO,10,119,1190,REPUESTOS
412,2024-02-01,Prov Repuestos,LA MOLINA,AMORTIGUADORES DELANTEROS,10,219,2190,REPUESTOS
413,2024-02-01,Prov Repuestos,LA MOLINA,AMORTIGUADORES POSTERIORES,10,102,1020,REPUESTOS
414,2024-02-01,Prov Repuestos,LA MOLINA,"LLANTAS 18""",10,49,490,REPUESTOS
415,2024-02-01,Prov Repuestos,LA MOLINA,BATERÍA DE 18 PLACAS,5,93,465,REPUESTOS
416,2024-02-01,Prov Repuestos,SURCO,FILTRO DE COMBUSTIBLE,1,105,105,REPUESTOS
417,2024-02-01,Prov Repuestos,LA MOLINA,AMORTIGUADORES POSTERIORES,42,102,4284,REPUESTOS
418,2024-02-15,Prov Vehículos,SURCO,AUTO HONDA ACCORD 2014,1,16500,16500,AUTOS
419,2024-02-15,Prov Vehículos,SURCO,AUTO HONDA CIVIC 2014,2,18000,36000,AUTOS
420,2024-02-15,Prov Vehículos,SURCO,AUTO HONDA ODISSEY 2013,1,16500,16500,AUTOS
421,2024-02-15,Prov Vehículos,SURCO,AUTO HONDA CRV 2014,1,17000,17000,AUTOS
422,2024-02-15,Prov Vehículos,SURCO,AUTO HONDA PILOT 2013,5,17000,85000,AUTOS
423,2024-02-15,Prov Vehículos,SURCO,AUTO HONDA FIT 2016,4,18000,72000,AUTOS
424,2024-02-15,Prov Vehículos,SURCO,AUTO HONDA CITY 2016,4,20500,82000,AUTOS
425,2024-02-15,Prov Repuestos,SURCO,ACEITE DE MOTOR 5W30 FULL SINTÉTICO,10,119,1190,REPUESTOS
426,2024-02-15,Prov Repuestos,SURCO,AMORTIGUADORES DELANTEROS,10,219,2190,REPUESTOS
427,2024-02-15,Prov Repuestos,SURCO,AMORTIGUADORES POSTERIORES,6,102,612,REPUESTOS
428,2024-02-15,Prov Repuestos,SURCO,"LLANTAS 18""",10,49,490,REPUESTOS
429,2024-02-15,Prov Repuestos,SURCO,BATERÍA DE 18 PLACAS,5,93,465,REPUESTOS
430,2024-02-15,Prov Vehículos,LA MOLINA,AUTO HONDA ACCORD 2014,1,16500,16500,AUTOS
431,2024-02-15,Prov Vehículos,LA MOLINA,AUTO HONDA CIVIC 2014,3,18000,54000,AUTOS
432,2024-02-15,Prov Vehículos,LA MOLINA,AUTO HONDA ODISSEY 2013,4,16500,66000,AUTOS
433,2024-02-15,Prov Vehículos,LA MOLINA,AUTO HONDA CRV 2014,2,17000,34000,AUTOS
434,2024-02-15,Prov Repuestos,LA MOLINA,ACEITE DE MOTOR 5W30 FULL SINTÉTICO,10,119,1190,REPUESTOS
435,2024-02-15,Prov Repuestos,LA MOLINA,AMORTIGUADORES DELANTEROS,10,219,2190,REPUESTOS
436,2024-02-15,Prov Repuestos,LA MOLINA,"LLANTAS 18""",10,49,490,REPUESTOS
437,2024-02-15,Prov Repuestos,LA MOLINA,BATERÍA DE 18 PLACAS,5,93,465,REPUESTOS
438,2024-02-15,Prov Repuestos,SURCO,ACEITE DE MOTOR 5W30 FULL SINTÉTICO,5,119,595,REPUESTOS
439,2024-02-15,Prov Repuestos,LA MOLINA,BATERÍA DE 18 PLACAS,7,93,651,REPUESTOS
440,2024-03-01,Prov Repuestos,SURCO,ACEITE DE MOTOR 5W30 FULL SINTÉTICO,10,109,1090,REPUESTOS
441,2024-03-01,Prov Repuestos,SURCO,AMORTIGUADORES DELANTEROS,10,222,2220,REPUESTOS
442,2024-03-01,Prov Repuestos,SURCO,AMORTIGUADORES POSTERIORES,10,74,740,REPUESTOS
443,2024-03-01,Prov Repuestos,SURCO,"LLANTAS 18""",10,62,620,REPUESTOS
444,2024-03-01,Prov Repuestos,SURCO,BATERÍA DE 18 PLACAS,5,91,455,REPUESTOS
445,2024-03-01,Prov Repuestos,LA MOLINA,ACEITE DE MOTOR 5W30 FULL SINTÉTICO,10,109,1090,REPUESTOS
446,2024-03-01,Prov Repuestos,LA MOLINA,AMORTIGUADORES DELANTEROS,10,222,2220,REPUESTOS
447,2024-03-01,Prov Repuestos,LA MOLINA,"LLANTAS 18""",10,62,620,REPUESTOS
448,2024-03-01,Prov Repuestos,LA MOLINA,BATERÍA DE 18 PLACAS,5,91,455,REPUESTOS
449,2024-03-01,Prov Repuestos,SURCO,ACEITE DE MOTOR 5W30 FULL SINTÉTICO,5,109,545,REPUESTOS
450,2024-03-01,Prov Repuestos,LA MOLINA,AMORTIGUADORES POSTERIORES,30,74,2220,REPUESTOS
451,2024-03-15,Prov Vehículos,SURCO,AUTO HONDA ACCORD 2014,1,20500,20500,AUTOS
452,2024-03-15,Prov Vehículos,SURCO,AUTO HONDA CIVIC 2014,2,18000,36000,AUTOS
453,2024-03-15,Prov Vehículos,SURCO,AUTO HONDA ODISSEY 2013,2,14000,28000,AUTOS
454,2024-03-15,Prov Vehículos,SURCO,AUTO HONDA CRV 2014,4,20000,80000,AUTOS
455,2024-03-15,Prov Vehículos,SURCO,AUTO HONDA PILOT 2013,3,17000,51000,AUTOS
456,2024-03-15,Prov Vehículos,SURCO,AUTO HONDA FIT 2016,5,15500,77500,AUTOS
457,2024-03-15,Prov Vehículos,SURCO,AUTO HONDA CITY 2016,3,18500,55500,AUTOS
458,2024-03-15,Prov Repuestos,SURCO,ACEITE DE MOTOR 5W30 FULL SINTÉTICO,10,109,1090,REPUESTOS
459,2024-03-15,Prov Repuestos,SURCO,AMORTIGUADORES DELANTEROS,10,222,2220,REPUESTOS
460,2024-03-15,Prov Repuestos,SURCO,AMORTIGUADORES POSTERIORES,10,74,740,REPUESTOS
461,2024-03-15,Prov Repuestos,SURCO,"LLANTAS 18""",10,62,620,REPUESTOS
462,2024-03-15,Prov Repuestos,SURCO,BATERÍA DE 18 PLACAS,5,91,455,REPUESTOS
463,2024-03-15,Prov Vehículos,LA MOLINA,AUTO HONDA ACCORD 2014,1,20500,20500,AUTOS
464,2024-03-15,Prov Vehículos,LA MOLINA,AUTO HONDA CIVIC 2014,1,18000,18000,AUTOS
465,2024-03-15,Prov Vehículos,LA MOLINA,AUTO HONDA ODISSEY 2013,1,14000,14000,AUTOS
466,2024-03-15,Prov Vehículos,LA MOLINA,AUTO HONDA CRV 2014,2,20000,40000,AUTOS
467,2024-03-15,Prov Repuestos,LA MOLINA,ACEITE DE MOTOR 5W30 FULL SINTÉTICO,10,109,1090,REPUESTOS
468,2024-03-15,Prov Repuestos,LA MOLINA,AMORTIGUADORES DELANTEROS,10,222,2220,REPUESTOS
469,2024-03-15,Prov Repuestos,LA MOLINA,"LLANTAS 18""",10,62,620,REPUESTOS
470,2024-03-15,Prov Repuestos,LA MOLINA,BATERÍA DE 18 PLACAS,5,91,455,REPUESTOS
471,2024-03-15,Prov Repuestos,SURCO,FILTRO DE COMBUSTIBLE,9,90,810,REPUESTOS
472,2024-03-15,Prov Repuestos,LA MOLINA,AMORTIGUADORES DELANTEROS,28,222,6216,REPUESTOS
473,2024-04-01,Prov Repuestos,SURCO,ACEITE DE MOTOR 5W30 FULL SINTÉTICO,10,88,880,REPUESTOS
474,2024-04-01,Prov Repuestos,SURCO,AMORTIGUADORES DELANTEROS,10,206,2060,REPUESTOS
475,2024-04-01,Prov Repuestos,SURCO,AMORTIGUADORES POSTERIORES,10,81,810,REPUESTOS
476,2024-04-01,Prov Repuestos,SURCO,"LLANTAS 18""",10,66,660,REPUESTOS
477,2024-04-01,Prov Repuestos,SURCO,BATERÍA DE 18 PLACAS,5,91,455,REPUESTOS
478,2024-04-01,Prov Repuestos,LA MOLINA,ACEITE DE MOTOR 5W30 FULL SINTÉTICO,10,88,880,REPUESTOS
479,2024-04-01,Prov Repuestos,LA MOLINA,AMORTIGUADORES DELANTEROS,10,206,2060,REPUESTOS
480,2024-04-01,Prov Repuestos,LA MOLINA,AMORTIGUADORES POSTERIORES,10,81,810,REPUESTOS
481,2024-04-01,Prov Repuestos,LA MOLINA,"LLANTAS 18""",10,66,660,REPUESTOS
482,2024-04-01,Prov Repuestos,LA MOLINA,BATERÍA DE 18 PLACAS,5,91,455,REPUESTOS
483,2024-04-01,Prov Repuestos,LA MOLINA,BATERÍA DE 18 PLACAS,52,91,4732,REPUESTOS
484,2024-04-15,Prov Vehículos,SURCO,AUTO HONDA ACCORD 2014,2,20500,41000,AUTOS
485,2024-04-15,Prov Vehículos,SURCO,AUTO HONDA CIVIC 2014,2,18000,36000,AUTOS
486,2024-04-15,Prov Vehículos,SURCO,AUTO HONDA PILOT 2013,5,20500,102500,AUTOS
487,2024-04-15,Prov Vehículos,SURCO,AUTO HONDA FIT 2016,2,16500,33000,AUTOS
488,2024-04-15,Prov Repuestos,SURCO,ACEITE DE MOTOR 5W30 FULL SINTÉTICO,10,88,880,REPUESTOS
489,2024-04-15,Prov Repuestos,SURCO,AMORTIGUADORES DELANTEROS,10,206,2060,REPUESTOS
490,2024-04-15,Prov Repuestos,SURCO,AMORTIGUADORES POSTERIORES,10,81,810,REPUESTOS
491,2024-04-15,Prov Repuestos,SURCO,"LLANTAS 18""",10,66,660,REPUESTOS
492,2024-04-15,Prov Repuestos,SURCO,BATERÍA DE 18 PLACAS,5,91,455,REPUESTOS
493,2024-04-15,Prov Vehículos,LA MOLINA,AUTO HONDA ACCORD 2014,4,20500,82000,AUTOS
494,2024-04-15,Prov Vehículos,LA MOLINA,AUTO HONDA ODISSEY 2013,1,14500,14500,AUTOS
495,2024-04-15,Prov Repuestos,LA MOLINA,ACEITE DE MOTOR 5W30 FULL SINTÉTICO,10,88,880,REPUESTOS
496,2024-04-15,Prov Repuestos,LA MOLINA,AMORTIGUADORES DELANTEROS,10,206,2060,REPUESTOS
497,2024-04-15,Prov Repuestos,LA MOLINA,AMORTIGUADORES POSTERIORES,10,81,810,REPUESTOS
498,2024-04-15,Prov Repuestos,LA MOLINA,"LLANTAS 18""",10,66,660,REPUESTOS
499,2024-04-15,Prov Repuestos,SURCO,AMORTIGUADORES DELANTEROS,4,206,824,REPUESTOS
500,2024-04-15,Prov Repuestos,LA MOLINA,BATERÍA DE 18 PLACAS,17,91,1547,REPUESTOS
501,2024-05-01,Prov Repuestos,SURCO,ACEITE DE MOTOR 5W30 FULL SINTÉTICO,10,94,940,REPUESTOS
502,2024-05-01,Prov Repuestos,SURCO,AMORTIGUADORES DELANTEROS,10,234,2340,REPUESTOS
503,2024-05-01,Prov Repuestos,SURCO,AMORTIGUADORES POSTERIORES,10,76,760,REPUESTOS
504,2024-05-01,Prov Repuestos,SURCO,"LLANTAS 18""",10,65,650,REPUESTOS
505,2024-05-01,Prov Repuestos,SURCO,BATERÍA DE 18 PLACAS,5,85,425,REPUESTOS
506,2024-05-01,Prov Repuestos,LA MOLINA,ACEITE DE MOTOR 5W30 FULL SINTÉTICO,10,94,940,REPUESTOS
507,2024-05-01,Prov Repuestos,LA MOLINA,AMORTIGUADORES DELANTEROS,10,234,2340,REPUESTOS
508,2024-05-01,Prov Repuestos,LA MOLINA,AMORTIGUADORES POSTERIORES,10,76,760,REPUESTOS
509,2024-05-01,Prov Repuestos,LA MOLINA,"LLANTAS 18""",10,65,650,REPUESTOS
510,2024-05-01,Prov Repuestos,SURCO,ACEITE DE MOTOR 5W30 FULL SINTÉTICO,4,94,376,REPUESTOS
511,2024-05-01,Prov Repuestos,LA MOLINA,"LLANTAS 18""",29,65,1885,REPUESTOS
512,2024-05-15,Prov Vehículos,SURCO,AUTO HONDA ACCORD 2014,4,20500,82000,AUTOS
513,2024-05-15,Prov Vehículos,SURCO,AUTO HONDA CIVIC 2014,2,18000,36000,AUTOS
514,2024-05-15,Prov Vehículos,SURCO,AUTO HONDA ODISSEY 2013,3,19000,57000,AUTOS
515,2024-05-15,Prov Vehículos,SURCO,AUTO HONDA CRV 2014,1,20000,20000,AUTOS
516,2024-05-15,Prov Vehículos,SURCO,AUTO HONDA PILOT 2013,3,20500,61500,AUTOS
517,2024-05-15,Prov Vehículos,SURCO,AUTO HONDA FIT 2016,2,16500,33000,AUTOS
518,2024-05-15,Prov Vehículos,SURCO,AUTO HONDA CITY 2016,4,17000,68000,AUTOS
519,2024-05-15,Prov Repuestos,SURCO,ACEITE DE MOTOR 5W30 FULL SINTÉTICO,10,94,940,REPUESTOS
520,2024-05-15,Prov Repuestos,SURCO,AMORTIGUADORES DELANTEROS,10,234,2340,REPUESTOS
521,2024-05-15,Prov Repuestos,SURCO,AMORTIGUADORES POSTERIORES,10,76,760,REPUESTOS
522,2024-05-15,Prov Repuestos,SURCO,"LLANTAS 18""",10,65,650,REPUESTOS
523,2024-05-15,Prov Repuestos,SURCO,BATERÍA DE 18 PLACAS,4,85,340,REPUESTOS
524,2024-05-15,Prov Vehículos,LA MOLINA,AUTO HONDA ACCORD 2014,2,20500,41000,AUTOS
525,2024-05-15,Prov Vehículos,LA MOLINA,AUTO HONDA CIVIC 2014,2,18000,36000,AUTOS
526,2024-05-15,Prov Vehículos,LA MOLINA,AUTO HONDA ODISSEY 2013,1,19000,19000,AUTOS
527,2024-05-15,Prov Vehículos,LA MOLINA,AUTO HONDA CRV 2014,1,20000,20000,AUTOS
528,2024-05-15,Prov Repuestos,LA MOLINA,ACEITE DE MOTOR 5W30 FULL SINTÉTICO,10,94,940,REPUESTOS
529,2024-05-15,Prov Repuestos,LA MOLINA,AMORTIGUADORES DELANTEROS,10,234,2340,REPUESTOS
530,2024-05-15,Prov Repuestos,LA MOLINA,AMORTIGUADORES POSTERIORES,10,76,760,REPUESTOS
531,2024-05-15,Prov Repuestos,LA MOLINA,"LLANTAS 18""",1,65,65,REPUESTOS
532,2024-05-15,Prov Repuestos,SURCO,ACEITE DE MOTOR 5W30 FULL SINTÉTICO,9,94,846,REPUESTOS
533,2024-05-15,Prov Repuestos,LA MOLINA,FILTRO DE COMBUSTIBLE,44,102,4488,REPUESTOS
534,2024-06-01,Prov Repuestos,SURCO,ACEITE DE MOTOR 5W30 FULL SINTÉTICO,10,122,1220,REPUESTOS
535,2024-06-01,Prov Repuestos,SURCO,AMORTIGUADORES DELANTEROS,10,236,2360,REPUESTOS
536,2024-06-01,Prov Repuestos,SURCO,AMORTIGUADORES POSTERIORES,10,70,700,REPUESTOS
537,2024-06-01,Prov Repuestos,SURCO,"LLANTAS 18""",10,57,570,REPUESTOS
538,2024-06-01,Prov Repuestos,SURCO,BATERÍA DE 18 PLACAS,5,84,420,REPUESTOS
539,2024-06-01,Prov Repuestos,LA MOLINA,ACEITE DE MOTOR 5W30 FULL SINTÉTICO,10,122,1220,REPUESTOS
540,2024-06-01,Prov Repuestos,LA MOLINA,AMORTIGUADORES DELANTEROS,10,236,2360,REPUESTOS
541,2024-06-01,Prov Repuestos,LA MOLINA,AMORTIGUADORES POSTERIORES,10,70,700,REPUESTOS
542,2024-06-01,Prov Repuestos,LA MOLINA,"LLANTAS 18""",10,57,570,REPUESTOS
543,2024-06-01,Prov Repuestos,LA MOLINA,BATERÍA DE 18 PLACAS,5,84,420,REPUESTOS
544,2024-06-01,Prov Repuestos,SURCO,BATERÍA DE 18 PLACAS,9,84,756,REPUESTOS
545,2024-06-01,Prov Repuestos,LA MOLINA,BATERÍA DE 18 PLACAS,16,84,1344,REPUESTOS
546,2024-06-15,Prov Vehículos,SURCO,AUTO HONDA ACCORD 2014,1,16000,16000,AUTOS
547,2024-06-15,Prov Vehículos,SURCO,AUTO HONDA CIVIC 2014,2,17500,35000,AUTOS
548,2024-06-15,Prov Vehículos,SURCO,AUTO HONDA ODISSEY 2013,1,19000,19000,AUTOS
549,2024-06-15,Prov Vehículos,SURCO,AUTO HONDA CRV 2014,1,20000,20000,AUTOS
550,2024-06-15,Prov Vehículos,SURCO,AUTO HONDA PILOT 2013,3,20500,61500,AUTOS
551,2024-06-15,Prov Vehículos,SURCO,AUTO HONDA FIT 2016,3,20000,60000,AUTOS
552,2024-06-15,Prov Vehículos,SURCO,AUTO HONDA CITY 2016,5,17000,85000,AUTOS
553,2024-06-15,Prov Repuestos,SURCO,ACEITE DE MOTOR 5W30 FULL SINTÉTICO,10,122,1220,REPUESTOS
554,2024-06-15,Prov Repuestos,SURCO,AMORTIGUADORES DELANTEROS,10,236,2360,REPUESTOS
555,2024-06-15,Prov Repuestos,SURCO,AMORTIGUADORES POSTERIORES,7,70,490,REPUESTOS
556,2024-06-15,Prov Repuestos,SURCO,"LLANTAS 18""",10,57,570,REPUESTOS
557,2024-06-15,Prov Repuestos,SURCO,BATERÍA DE 18 PLACAS,1,84,84,REPUESTOS
558,2024-06-15,Prov Vehículos,LA MOLINA,AUTO HONDA ACCORD 2014,5,16000,80000,AUTOS
559,2024-06-15,Prov Vehículos,LA MOLINA,AUTO HONDA CIVIC 2014,2,17500,35000,AUTOS
560,2024-06-15,Prov Vehículos,LA MOLINA,AUTO HONDA CRV 2014,4,20000,80000,AUTOS
561,2024-06-15,Prov Repuestos,LA MOLINA,ACEITE DE MOTOR 5W30 FULL SINTÉTICO,10,122,1220,REPUESTOS
562,2024-06-15,Prov Repuestos,LA MOLINA,AMORTIGUADORES DELANTEROS,10,236,2360,REPUESTOS
563,2024-06-15,Prov Repuestos,LA MOLINA,AMORTIGUADORES POSTERIORES,10,70,700,REPUESTOS
564,2024-06-15,Prov Repuestos,LA MOLINA,"LLANTAS 18""",10,57,570,REPUESTOS
565,2024-06-15,Prov Repuestos,SURCO,"LLANTAS 18""",16,57,912,REPUESTOS
566,2024-06-15,Prov Repuestos,LA MOLINA,"LLANTAS 18""",13,57,741,REPUESTOS
567,2024-07-01,Prov Repuestos,SURCO,ACEITE DE MOTOR 5W30 FULL SINTÉTICO,10,86,860,REPUESTOS
568,2024-07-01,Prov Repuestos,SURCO,AMORTIGUADORES DELANTEROS,10,243,2430,REPUESTOS
569,2024-07-01,Prov Repuestos,SURCO,AMORTIGUADORES POSTERIORES,10,100,1000,REPUESTOS
570,2024-07-01,Prov Repuestos,SURCO,"LLANTAS 18""",10,52,520,REPUESTOS
571,2024-07-01,Prov Repuestos,SURCO,BATERÍA DE 18 PLACAS,5,97,485,REPUESTOS
572,2024-07-01,Prov Repuestos,LA MOLINA,ACEITE DE MOTOR 5W30 FULL SINTÉTICO,10,86,860,REPUESTOS
573,2024-07-01,Prov Repuestos,LA MOLINA,AMORTIGUADORES DELANTEROS,10,243,2430,REPUESTOS
574,2024-07-01,Prov Repuestos,LA MOLINA,AMORTIGUADORES POSTERIORES,10,100,1000,REPUESTOS
575,2024-07-01,Prov Repuestos,LA MOLINA,"LLANTAS 18""",10,52,520,REPUESTOS
576,2024-07-01,Prov Repuestos,LA MOLINA,BATERÍA DE 18 PLACAS,5,97,485,REPUESTOS
577,2024-07-01,Prov Repuestos,SURCO,"LLANTAS 18""",21,52,1092,REPUESTOS
578,2024-07-01,Prov Repuestos,LA MOLINA,AMORTIGUADORES DELANTEROS,27,243,6561,REPUESTOS
579,2024-07-15,Prov Vehículos,SURCO,AUTO HONDA ACCORD 2014,2,16000,32000,AUTOS
580,2024-07-15,Prov Vehículos,SURCO,AUTO HONDA CIVIC 2014,2,17500,35000,AUTOS
581,2024-07-15,Prov Vehículos,SURCO,AUTO HONDA ODISSEY 2013,1,16500,16500,AUTOS
582,2024-07-15,Prov Vehículos,SURCO,AUTO HONDA PILOT 2013,4,19500,78000,AUTOS
583,2024-07-15,Prov Vehículos,SURCO,AUTO HONDA FIT 2016,4,20000,80000,AUTOS
584,2024-07-15,Prov Vehículos,SURCO,AUTO HONDA CITY 2016,5,15500,77500,AUTOS
585,2024-07-15,Prov Repuestos,SURCO,ACEITE DE MOTOR 5W30 FULL SINTÉTICO,8,86,688,REPUESTOS
586,2024-07-15,Prov Repuestos,SURCO,AMORTIGUADORES DELANTEROS,9,243,2187,REPUESTOS
587,2024-07-15,Prov Repuestos,SURCO,AMORTIGUADORES POSTERIORES,10,100,1000,REPUESTOS
588,2024-07-15,Prov Repuestos,SURCO,"LLANTAS 18""",3,52,156,REPUESTOS
589,2024-07-15,Prov Repuestos,SURCO,BATERÍA DE 18 PLACAS,5,97,485,REPUESTOS
590,2024-07-15,Prov Vehículos,LA MOLINA,AUTO HONDA CIVIC 2014,2,17500,35000,AUTOS
591,2024-07-15,Prov Vehículos,LA MOLINA,AUTO HONDA ODISSEY 2013,2,16500,33000,AUTOS
592,2024-07-15,Prov Repuestos,LA MOLINA,ACEITE DE MOTOR 5W30 FULL SINTÉTICO,10,86,860,REPUESTOS
593,2024-07-15,Prov Repuestos,LA MOLINA,AMORTIGUADORES POSTERIORES,10,100,1000,REPUESTOS
594,2024-07-15,Prov Repuestos,LA MOLINA,"LLANTAS 18""",10,52,520,REPUESTOS
595,2024-07-15,Prov Repuestos,LA MOLINA,BATERÍA DE 18 PLACAS,5,97,485,REPUESTOS
596,2024-07-15,Prov Repuestos,SURCO,ACEITE DE MOTOR 5W30 FULL SINTÉTICO,26,86,2236,REPUESTOS
597,2024-07-15,Prov Repuestos,LA MOLINA,"LLANTAS 18""",16,52,832,REPUESTOS
598,2024-08-01,Prov Repuestos,SURCO,ACEITE DE MOTOR 5W30 FULL SINTÉTICO,10,97,970,REPUESTOS
599,2024-08-01,Prov Repuestos,SURCO,AMORTIGUADORES DELANTEROS,10,228,2280,REPUESTOS
600,2024-08-01,Prov Repuestos,SURCO,AMORTIGUADORES POSTERIORES,10,77,770,REPUESTOS
601,2024-08-01,Prov Repuestos,SURCO,"LLANTAS 18""",10,60,600,REPUESTOS
602,2024-08-01,Prov Repuestos,SURCO,BATERÍA DE 18 PLACAS,5,82,410,REPUESTOS
603,2024-08-01,Prov Repuestos,LA MOLINA,ACEITE DE MOTOR 5W30 FULL SINTÉTICO,10,97,970,REPUESTOS
604,2024-08-01,Prov Repuestos,LA MOLINA,AMORTIGUADORES DELANTEROS,10,228,2280,REPUESTOS
605,2024-08-01,Prov Repuestos,LA MOLINA,AMORTIGUADORES POSTERIORES,10,77,770,REPUESTOS
606,2024-08-01,Prov Repuestos,LA MOLINA,"LLANTAS 18""",10,60,600,REPUESTOS
607,2024-08-01,Prov Repuestos,LA MOLINA,BATERÍA DE 18 PLACAS,5,82,410,REPUESTOS
608,2024-08-01,Prov Repuestos,SURCO,AMORTIGUADORES POSTERIORES,26,77,2002,REPUESTOS
609,2024-08-01,Prov Repuestos,LA MOLINA,BATERÍA DE 18 PLACAS,31,82,2542,REPUESTOS
610,2024-08-15,Prov Vehículos,SURCO,AUTO HONDA ODISSEY 2013,3,14000,42000,AUTOS
611,2024-08-15,Prov Vehículos,SURCO,AUTO HONDA CRV 2014,1,20500,20500,AUTOS
612,2024-08-15,Prov Vehículos,SURCO,AUTO HONDA FIT 2016,5,17000,85000,AUTOS
613,2024-08-15,Prov Vehículos,SURCO,AUTO HONDA CITY 2016,5,15500,77500,AUTOS
614,2024-08-15,Prov Repuestos,SURCO,ACEITE DE MOTOR 5W30 FULL SINTÉTICO,10,97,970,REPUESTOS
615,2024-08-15,Prov Repuestos,SURCO,AMORTIGUADORES DELANTEROS,10,228,2280,REPUESTOS
616,2024-08-15,Prov Repuestos,SURCO,AMORTIGUADORES POSTERIORES,3,77,231,REPUESTOS
617,2024-08-15,Prov Repuestos,SURCO,"LLANTAS 18""",10,60,600,REPUESTOS
618,2024-08-15,Prov Repuestos,SURCO,BATERÍA DE 18 PLACAS,2,82,164,REPUESTOS
619,2024-08-15,Prov Vehículos,LA MOLINA,AUTO HONDA ACCORD 2014,3,16000,48000,AUTOS
620,2024-08-15,Prov Vehículos,LA MOLINA,AUTO HONDA CIVIC 2014,2,17500,35000,AUTOS
621,2024-08-15,Prov Vehículos,LA MOLINA,AUTO HONDA ODISSEY 2013,1,14000,14000,AUTOS
622,2024-08-15,Prov Vehículos,LA MOLINA,AUTO HONDA CRV 2014,1,20500,20500,AUTOS
623,2024-08-15,Prov Repuestos,LA MOLINA,ACEITE DE MOTOR 5W30 FULL SINTÉTICO,10,97,970,REPUESTOS
624,2024-08-15,Prov Repuestos,LA MOLINA,AMORTIGUADORES DELANTEROS,10,228,2280,REPUESTOS
625,2024-08-15,Prov Repuestos,LA MOLINA,AMORTIGUADORES POSTERIORES,10,77,770,REPUESTOS
626,2024-08-15,Prov Repuestos,LA MOLINA,"LLANTAS 18""",10,60,600,REPUESTOS
627,2024-08-15,Prov Repuestos,SURCO,"LLANTAS 18""",30,60,1800,REPUESTOS
628,2024-08-15,Prov Repuestos,LA MOLINA,BATERÍA DE 18 PLACAS,12,82,984,REPUESTOS
629,2024-09-01,Prov Repuestos,SURCO,ACEITE DE MOTOR 5W30 FULL SINTÉTICO,10,90,900,REPUESTOS
630,2024-09-01,Prov Repuestos,SURCO,AMORTIGUADORES DELANTEROS,10,204,2040,REPUESTOS
631,2024-09-01,Prov Repuestos,SURCO,AMORTIGUADORES POSTERIORES,10,102,1020,REPUESTOS
632,2024-09-01,Prov Repuestos,SURCO,"LLANTAS 18""",10,62,620,REPUESTOS
633,2024-09-01,Prov Repuestos,SURCO,BATERÍA DE 18 PLACAS,5,92,460,REPUESTOS
634,2024-09-01,Prov Repuestos,LA MOLINA,ACEITE DE MOTOR 5W30 FULL SINTÉTICO,10,90,900,REPUESTOS
635,2024-09-01,Prov Repuestos,LA MOLINA,AMORTIGUADORES DELANTEROS,10,204,2040,REPUESTOS
636,2024-09-01,Prov Repuestos,LA MOLINA,AMORTIGUADORES POSTERIORES,10,102,1020,REPUESTOS
637,2024-09-01,Prov Repuestos,LA MOLINA,"LLANTAS 18""",10,62,620,REPUESTOS
638,2024-09-01,Prov Repuestos,SURCO,BATERÍA DE 18 PLACAS,30,92,2760,REPUESTOS
639,2024-09-01,Prov Repuestos,LA MOLINA,FILTRO DE COMBUSTIBLE,22,100,2200,REPUESTOS
640,2024-09-15,Prov Vehículos,SURCO,AUTO HONDA ACCORD 2014,5,16000,80000,AUTOS
641,2024-09-15,Prov Vehículos,SURCO,AUTO HONDA CIVIC 2014,1,16000,16000,AUTOS
642,2024-09-15,Prov Vehículos,SURCO,AUTO HONDA CRV 2014,1,19000,19000,AUTOS
643,2024-09-15,Prov Vehículos,SURCO,AUTO HONDA PILOT 2013,5,17500,87500,AUTOS
644,2024-09-15,Prov Vehículos,SURCO,AUTO HONDA FIT 2016,4,17000,68000,AUTOS
645,2024-09-15,Prov Vehículos,SURCO,AUTO HONDA CITY 2016,2,17000,34000,AUTOS
646,2024-09-15,Prov Repuestos,SURCO,ACEITE DE MOTOR 5W30 FULL SINTÉTICO,10,90,900,REPUESTOS
647,2024-09-15,Prov Repuestos,SURCO,AMORTIGUADORES DELANTEROS,9,204,1836,REPUESTOS
648,2024-09-15,Prov Repuestos,SURCO,AMORTIGUADORES POSTERIORES,10,102,1020,REPUESTOS
649,2024-09-15,Prov Repuestos,SURCO,"LLANTAS 18""",10,62,620,REPUESTOS
650,2024-09-15,Prov Vehículos,LA MOLINA,AUTO HONDA ACCORD 2014,2,16000,32000,AUTOS
651,2024-09-15,Prov Vehículos,LA MOLINA,AUTO HONDA CIVIC 2014,3,16000,48000,AUTOS
652,2024-09-15,Prov Vehículos,LA MOLINA,AUTO HONDA CRV 2014,2,19000,38000,AUTOS
653,2024-09-15,Prov Repuestos,LA MOLINA,ACEITE DE MOTOR 5W30 FULL SINTÉTICO,10,90,900,REPUESTOS
654,2024-09-15,Prov Repuestos,LA MOLINA,AMORTIGUADORES DELANTEROS,10,204,2040,REPUESTOS
655,2024-09-15,Prov Repuestos,LA MOLINA,AMORTIGUADORES POSTERIORES,10,102,1020,REPUESTOS
656,2024-09-15,Prov Repuestos,LA MOLINA,"LLANTAS 18""",10,62,620,REPUESTOS
657,2024-09-15,Prov Repuestos,SURCO,FILTRO DE COMBUSTIBLE,18,100,1800,REPUESTOS
658,2024-09-15,Prov Repuestos,LA MOLINA,FILTRO DE COMBUSTIBLE,14,100,1400,REPUESTOS
659,2024-10-01,Prov Repuestos,SURCO,ACEITE DE MOTOR 5W30 FULL SINTÉTICO,10,108,1080,REPUESTOS
660,2024-10-01,Prov Repuestos,SURCO,AMORTIGUADORES DELANTEROS,10,216,2160,REPUESTOS
661,2024-10-01,Prov Repuestos,SURCO,AMORTIGUADORES POSTERIORES,10,101,1010,REPUESTOS
662,2024-10-01,Prov Repuestos,SURCO,"LLANTAS 18""",10,78,780,REPUESTOS
663,2024-10-01,Prov Repuestos,SURCO,BATERÍA DE 18 PLACAS,5,87,435,REPUESTOS
664,2024-10-01,Prov Repuestos,LA MOLINA,ACEITE DE MOTOR 5W30 FULL SINTÉTICO,10,108,1080,REPUESTOS
665,2024-10-01,Prov Repuestos,LA MOLINA,AMORTIGUADORES DELANTEROS,10,216,2160,REPUESTOS
666,2024-10-01,Prov Repuestos,LA MOLINA,AMORTIGUADORES POSTERIORES,10,101,1010,REPUESTOS
667,2024-10-01,Prov Repuestos,LA MOLINA,"LLANTAS 18""",10,78,780,REPUESTOS
668,2024-10-01,Prov Repuestos,LA MOLINA,BATERÍA DE 18 PLACAS,5,87,435,REPUESTOS
669,2024-10-01,Prov Repuestos,SURCO,"LLANTAS 18""",16,78,1248,REPUESTOS
670,2024-10-01,Prov Repuestos,LA MOLINA,ACEITE DE MOTOR 5W30 FULL SINTÉTICO,1,108,108,REPUESTOS
671,2024-10-15,Prov Vehículos,SURCO,AUTO HONDA ACCORD 2014,1,20000,20000,AUTOS
672,2024-10-15,Prov Vehículos,SURCO,AUTO HONDA CIVIC 2014,4,17000,68000,AUTOS
673,2024-10-15,Prov Vehículos,SURCO,AUTO HONDA ODISSEY 2013,3,19500,58500,AUTOS
674,2024-10-15,Prov Vehículos,SURCO,AUTO HONDA CRV 2014,1,16500,16500,AUTOS
675,2024-10-15,Prov Vehículos,SURCO,AUTO HONDA PILOT 2013,4,14500,58000,AUTOS
676,2024-10-15,Prov Vehículos,SURCO,AUTO HONDA FIT 2016,5,15000,75000,AUTOS
677,2024-10-15,Prov Vehículos,SURCO,AUTO HONDA CITY 2016,5,15500,77500,AUTOS
678,2024-10-15,Prov Repuestos,SURCO,ACEITE DE MOTOR 5W30 FULL SINTÉTICO,10,108,1080,REPUESTOS
679,2024-10-15,Prov Repuestos,SURCO,AMORTIGUADORES DELANTEROS,10,216,2160,REPUESTOS
680,2024-10-15,Prov Repuestos,SURCO,AMORTIGUADORES POSTERIORES,10,101,1010,REPUESTOS
681,2024-10-15,Prov Repuestos,SURCO,BATERÍA DE 18 PLACAS,5,87,435,REPUESTOS
682,2024-10-15,Prov Vehículos,LA MOLINA,AUTO HONDA ACCORD 2014,3,20000,60000,AUTOS
683,2024-10-15,Prov Vehículos,LA MOLINA,AUTO HONDA ODISSEY 2013,3,19500,58500,AUTOS
684,2024-10-15,Prov Vehículos,LA MOLINA,AUTO HONDA CRV 2014,1,16500,16500,AUTOS
685,2024-10-15,Prov Repuestos,LA MOLINA,ACEITE DE MOTOR 5W30 FULL SINTÉTICO,10,108,1080,REPUESTOS
686,2024-10-15,Prov Repuestos,LA MOLINA,AMORTIGUADORES DELANTEROS,10,216,2160,REPUESTOS
687,2024-10-15,Prov Repuestos,LA MOLINA,AMORTIGUADORES POSTERIORES,10,101,1010,REPUESTOS
688,2024-10-15,Prov Repuestos,LA MOLINA,"LLANTAS 18""",10,78,780,REPUESTOS
689,2024-10-15,Prov Repuestos,LA MOLINA,BATERÍA DE 18 PLACAS,5,87,435,REPUESTOS
690,2024-10-15,Prov Repuestos,SURCO,AMORTIGUADORES POSTERIORES,15,101,1515,REPUESTOS
691,2024-10-15,Prov Repuestos,LA MOLINA,ACEITE DE MOTOR 5W30 FULL SINTÉTICO,1,108,108,REPUESTOS
692,2024-11-01,Prov Repuestos,SURCO,ACEITE DE MOTOR 5W30 FULL SINTÉTICO,10,96,960,REPUESTOS
693,2024-11-01,Prov Repuestos,SURCO,AMORTIGUADORES DELANTEROS,10,215,2150,REPUESTOS
694,2024-11-01,Prov Repuestos,SURCO,AMORTIGUADORES POSTERIORES,10,71,710,REPUESTOS
695,2024-11-01,Prov Repuestos,SURCO,"LLANTAS 18""",10,62,620,REPUESTOS
696,2024-11-01,Prov Repuestos,SURCO,BATERÍA DE 18 PLACAS,5,101,505,REPUESTOS
697,2024-11-01,Prov Repuestos,LA MOLINA,ACEITE DE MOTOR 5W30 FULL SINTÉTICO,10,96,960,REPUESTOS
698,2024-11-01,Prov Repuestos,LA MOLINA,AMORTIGUADORES DELANTEROS,10,215,2150,REPUESTOS
699,2024-11-01,Prov Repuestos,LA MOLINA,AMORTIGUADORES POSTERIORES,10,71,710,REPUESTOS
700,2024-11-01,Prov Repuestos,LA MOLINA,"LLANTAS 18""",10,62,620,REPUESTOS
701,2024-11-01,Prov Repuestos,LA MOLINA,BATERÍA DE 18 PLACAS,5,101,505,REPUESTOS
702,2024-11-01,Prov Repuestos,SURCO,AMORTIGUADORES DELANTEROS,17,215,3655,REPUESTOS
703,2024-11-01,Prov Repuestos,LA MOLINA,AMORTIGUADORES POSTERIORES,1,71,71,REPUESTOS
704,2024-11-15,Prov Vehículos,SURCO,AUTO HONDA ACCORD 2014,4,20000,80000,AUTOS
705,2024-11-15,Prov Vehículos,SURCO,AUTO HONDA CIVIC 2014,1,20000,20000,AUTOS
706,2024-11-15,Prov Vehículos,SURCO,AUTO HONDA ODISSEY 2013,1,17000,17000,AUTOS
707,2024-11-15,Prov Vehículos,SURCO,AUTO HONDA CRV 2014,2,16500,33000,AUTOS
708,2024-11-15,Prov Vehículos,SURCO,AUTO HONDA PILOT 2013,3,14500,43500,AUTOS
709,2024-11-15,Prov Vehículos,SURCO,AUTO HONDA FIT 2016,4,15000,60000,AUTOS
710,2024-11-15,Prov Vehículos,SURCO,AUTO HONDA CITY 2016,5,15500,77500,AUTOS
711,2024-11-15,Prov Repuestos,SURCO,ACEITE DE MOTOR 5W30 FULL SINTÉTICO,10,96,960,REPUESTOS
712,2024-11-15,Prov Repuestos,SURCO,AMORTIGUADORES POSTERIORES,10,71,710,REPUESTOS
713,2024-11-15,Prov Repuestos,SURCO,"LLANTAS 18""",10,62,620,REPUESTOS
714,2024-11-15,Prov Repuestos,SURCO,BATERÍA DE 18 PLACAS,5,101,505,REPUESTOS
715,2024-11-15,Prov Vehículos,LA MOLINA,AUTO HONDA ACCORD 2014,1,20000,20000,AUTOS
716,2024-11-15,Prov Vehículos,LA MOLINA,AUTO HONDA CIVIC 2014,4,20000,80000,AUTOS
717,2024-11-15,Prov Vehículos,LA MOLINA,AUTO HONDA CRV 2014,4,16500,66000,AUTOS
718,2024-11-15,Prov Repuestos,LA MOLINA,ACEITE DE MOTOR 5W30 FULL SINTÉTICO,10,96,960,REPUESTOS
719,2024-11-15,Prov Repuestos,LA MOLINA,AMORTIGUADORES DELANTEROS,10,215,2150,REPUESTOS
720,2024-11-15,Prov Repuestos,LA MOLINA,AMORTIGUADORES POSTERIORES,10,71,710,REPUESTOS
721,2024-11-15,Prov Repuestos,LA MOLINA,"LLANTAS 18""",10,62,620,REPUESTOS
722,2024-11-15,Prov Repuestos,LA MOLINA,BATERÍA DE 18 PLACAS,5,101,505,REPUESTOS
723,2024-11-15,Prov Repuestos,SURCO,FILTRO DE COMBUSTIBLE,12,85,1020,REPUESTOS
724,2024-11-15,Prov Repuestos,LA MOLINA,AMORTIGUADORES POSTERIORES,6,71,426,REPUESTOS
725,2024-12-01,Prov Repuestos,SURCO,ACEITE DE MOTOR 5W30 FULL SINTÉTICO,10,83,830,REPUESTOS
726,2024-12-01,Prov Repuestos,SURCO,AMORTIGUADORES DELANTEROS,10,217,2170,REPUESTOS
727,2024-12-01,Prov Repuestos,SURCO,AMORTIGUADORES POSTERIORES,10,104,1040,REPUESTOS
728,2024-12-01,Prov Repuestos,SURCO,"LLANTAS 18""",10,52,520,REPUESTOS
729,2024-12-01,Prov Repuestos,SURCO,BATERÍA DE 18 PLACAS,5,84,420,REPUESTOS
730,2024-12-01,Prov Repuestos,LA MOLINA,ACEITE DE MOTOR 5W30 FULL SINTÉTICO,10,83,830,REPUESTOS
731,2024-12-01,Prov Repuestos,LA MOLINA,AMORTIGUADORES DELANTEROS,10,217,2170,REPUESTOS
732,2024-12-01,Prov Repuestos,LA MOLINA,AMORTIGUADORES POSTERIORES,10,104,1040,REPUESTOS
733,2024-12-01,Prov Repuestos,LA MOLINA,"LLANTAS 18""",10,52,520,REPUESTOS
734,2024-12-01,Prov Repuestos,LA MOLINA,BATERÍA DE 18 PLACAS,5,84,420,REPUESTOS
735,2024-12-01,Prov Repuestos,SURCO,ACEITE DE MOTOR 5W30 FULL SINTÉTICO,9,83,747,REPUESTOS
736,2024-12-01,Prov Repuestos,LA MOLINA,BATERÍA DE 18 PLACAS,6,84,504,REPUESTOS
737,2024-12-15,Prov Vehículos,SURCO,AUTO HONDA ACCORD 2014,1,15500,15500,AUTOS
738,2024-12-15,Prov Vehículos,SURCO,AUTO HONDA CIVIC 2014,2,20000,40000,AUTOS
739,2024-12-15,Prov Vehículos,SURCO,AUTO HONDA ODISSEY 2013,2,17500,35000,AUTOS
740,2024-12-15,Prov Vehículos,SURCO,AUTO HONDA CRV 2014,3,17500,52500,AUTOS
741,2024-12-15,Prov Vehículos,SURCO,AUTO HONDA PILOT 2013,3,16500,49500,AUTOS
742,2024-12-15,Prov Vehículos,SURCO,AUTO HONDA FIT 2016,3,18000,54000,AUTOS
743,2024-12-15,Prov Vehículos,SURCO,AUTO HONDA CITY 2016,5,17000,85000,AUTOS
744,2024-12-15,Prov Repuestos,SURCO,ACEITE DE MOTOR 5W30 FULL SINTÉTICO,10,83,830,REPUESTOS
745,2024-12-15,Prov Repuestos,SURCO,AMORTIGUADORES DELANTEROS,10,217,2170,REPUESTOS
746,2024-12-15,Prov Repuestos,SURCO,AMORTIGUADORES POSTERIORES,10,104,1040,REPUESTOS
747,2024-12-15,Prov Repuestos,SURCO,"LLANTAS 18""",8,52,416,REPUESTOS
748,2024-12-15,Prov Repuestos,SURCO,BATERÍA DE 18 PLACAS,5,84,420,REPUESTOS
749,2024-12-15,Prov Vehículos,LA MOLINA,AUTO HONDA ACCORD 2014,3,15500,46500,AUTOS
750,2024-12-15,Prov Vehículos,LA MOLINA,AUTO HONDA CIVIC 2014,1,20000,20000,AUTOS
751,2024-12-15,Prov Vehículos,LA MOLINA,AUTO HONDA ODISSEY 2013,2,17500,35000,AUTOS
752,2024-12-15,Prov Vehículos,LA MOLINA,AUTO HONDA CRV 2014,1,17500,17500,AUTOS
753,2024-12-15,Prov Repuestos,LA MOLINA,ACEITE DE MOTOR 5W30 FULL SINTÉTICO,10,83,830,REPUESTOS
754,2024-12-15,Prov Repuestos,LA MOLINA,AMORTIGUADORES DELANTEROS,10,217,2170,REPUESTOS
755,2024-12-15,Prov Repuestos,LA MOLINA,AMORTIGUADORES POSTERIORES,10,104,1040,REPUESTOS
756,2024-12-15,Prov Repuestos,LA MOLINA,"LLANTAS 18""",10,52,520,REPUESTOS
757,2024-12-15,Prov Repuestos,LA MOLINA,BATERÍA DE 18 PLACAS,1,84,84,REPUESTOS
758,2024-12-15,Prov Repuestos,SURCO,ACEITE DE MOTOR 5W30 FULL SINTÉTICO,17,83,1411,REPUESTOS
759,2024-12-15,Prov Repuestos,LA MOLINA,ACEITE DE MOTOR 5W30 FULL SINTÉTICO,10,83,830,REPUESTOS
760,2025-01-01,Prov Repuestos,SURCO,ACEITE DE MOTOR 5W30 FULL SINTÉTICO,10,103,1030,REPUESTOS
761,2025-01-01,Prov Repuestos,SURCO,AMORTIGUADORES DELANTEROS,10,237,2370,REPUESTOS
762,2025-01-01,Prov Repuestos,SURCO,AMORTIGUADORES POSTERIORES,10,81,810,REPUESTOS
763,2025-01-01,Prov Repuestos,SURCO,"LLANTAS 18""",10,39,390,REPUESTOS
764,2025-01-01,Prov Repuestos,SURCO,BATERÍA DE 18 PLACAS,5,89,445,REPUESTOS
765,2025-01-01,Prov Repuestos,LA MOLINA,ACEITE DE MOTOR 5W30 FULL SINTÉTICO,10,103,1030,REPUESTOS
766,2025-01-01,Prov Repuestos,LA MOLINA,AMORTIGUADORES DELANTEROS,10,237,2370,REPUESTOS
767,2025-01-01,Prov Repuestos,LA MOLINA,AMORTIGUADORES POSTERIORES,10,81,810,REPUESTOS
768,2025-01-01,Prov Repuestos,LA MOLINA,"LLANTAS 18""",10,39,390,REPUESTOS
769,2025-01-01,Prov Repuestos,LA MOLINA,BATERÍA DE 18 PLACAS,5,89,445,REPUESTOS
770,2025-01-01,Prov Repuestos,SURCO,BATERÍA DE 18 PLACAS,17,89,1513,REPUESTOS
771,2025-01-01,Prov Repuestos,LA MOLINA,ACEITE DE MOTOR 5W30 FULL SINTÉTICO,10,103,1030,REPUESTOS
772,2025-01-15,Prov Vehículos,SURCO,AUTO HONDA ACCORD 2014,3,15500,46500,AUTOS
773,2025-01-15,Prov Vehículos,SURCO,AUTO HONDA CIVIC 2014,2,20000,40000,AUTOS
774,2025-01-15,Prov Vehículos,SURCO,AUTO HONDA ODISSEY 2013,2,17500,35000,AUTOS
775,2025-01-15,Prov Vehículos,SURCO,AUTO HONDA PILOT 2013,5,13000,65000,AUTOS
776,2025-01-15,Prov Vehículos,SURCO,AUTO HONDA FIT 2016,4,18000,72000,AUTOS
777,2025-01-15,Prov Vehículos,SURCO,AUTO HONDA CITY 2016,4,17000,68000,AUTOS
778,2025-01-15,Prov Repuestos,SURCO,ACEITE DE MOTOR 5W30 FULL SINTÉTICO,10,103,1030,REPUESTOS
779,2025-01-15,Prov Repuestos,SURCO,AMORTIGUADORES DELANTEROS,8,237,1896,REPUESTOS
780,2025-01-15,Prov Repuestos,SURCO,AMORTIGUADORES POSTERIORES,10,81,810,REPUESTOS
781,2025-01-15,Prov Repuestos,SURCO,"LLANTAS 18""",10,39,390,REPUESTOS
782,2025-01-15,Prov Vehículos,LA MOLINA,AUTO HONDA ACCORD 2014,1,15500,15500,AUTOS
783,2025-01-15,Prov Vehículos,LA MOLINA,AUTO HONDA CIVIC 2014,4,20000,80000,AUTOS
784,2025-01-15,Prov Vehículos,LA MOLINA,AUTO HONDA ODISSEY 2013,3,17500,52500,AUTOS
785,2025-01-15,Prov Repuestos,LA MOLINA,ACEITE DE MOTOR 5W30 FULL SINTÉTICO,7,103,721,REPUESTOS
786,2025-01-15,Prov Repuestos,LA MOLINA,AMORTIGUADORES DELANTEROS,10,237,2370,REPUESTOS
787,2025-01-15,Prov Repuestos,LA MOLINA,AMORTIGUADORES POSTERIORES,10,81,810,REPUESTOS
788,2025-01-15,Prov Repuestos,LA MOLINA,"LLANTAS 18""",10,39,390,REPUESTOS
789,2025-01-15,Prov Repuestos,LA MOLINA,BATERÍA DE 18 PLACAS,5,89,445,REPUESTOS
790,2025-01-15,Prov Repuestos,SURCO,"LLANTAS 18""",13,39,507,REPUESTOS
791,2025-01-15,Prov Repuestos,LA MOLINA,"LLANTAS 18""",13,39,507,REPUESTOS
792,2025-02-01,Prov Repuestos,SURCO,ACEITE DE MOTOR 5W30 FULL SINTÉTICO,10,80,800,REPUESTOS
793,2025-02-01,Prov Repuestos,SURCO,AMORTIGUADORES DELANTEROS,10,223,2230,REPUESTOS
794,2025-02-01,Prov Repuestos,SURCO,AMORTIGUADORES POSTERIORES,10,85,850,REPUESTOS
795,2025-02-01,Prov Repuestos,SURCO,"LLANTAS 18""",10,65,650,REPUESTOS
796,2025-02-01,Prov Repuestos,SURCO,BATERÍA DE 18 PLACAS,5,85,425,REPUESTOS
797,2025-02-01,Prov Repuestos,LA MOLINA,ACEITE DE MOTOR 5W30 FULL SINTÉTICO,10,80,800,REPUESTOS
798,2025-02-01,Prov Repuestos,LA MOLINA,AMORTIGUADORES DELANTEROS,10,223,2230,REPUESTOS
799,2025-02-01,Prov Repuestos,LA MOLINA,AMORTIGUADORES POSTERIORES,10,85,850,REPUESTOS
800,2025-02-01,Prov Repuestos,LA MOLINA,"LLANTAS 18""",10,65,650,REPUESTOS
801,2025-02-01,Prov Repuestos,LA MOLINA,BATERÍA DE 18 PLACAS,5,85,425,REPUESTOS
802,2025-02-01,Prov Repuestos,SURCO,FILTRO DE COMBUSTIBLE,19,103,1957,REPUESTOS
803,2025-02-01,Prov Repuestos,LA MOLINA,AMORTIGUADORES DELANTEROS,13,223,2899,REPUESTOS
804,2025-02-15,Prov Vehículos,SURCO,AUTO HONDA ACCORD 2014,2,18000,36000,AUTOS
805,2025-02-15,Prov Vehículos,SURCO,AUTO HONDA CIVIC 2014,3,18000,54000,AUTOS
806,2025-02-15,Prov Vehículos,SURCO,AUTO HONDA ODISSEY 2013,2,18500,37000,AUTOS
807,2025-02-15,Prov Vehículos,SURCO,AUTO HONDA CRV 2014,1,15000,15000,AUTOS
808,2025-02-15,Prov Vehículos,SURCO,AUTO HONDA PILOT 2013,4,13000,52000,AUTOS
809,2025-02-15,Prov Vehículos,SURCO,AUTO HONDA FIT 2016,5,18000,90000,AUTOS
810,2025-02-15,Prov Vehículos,SURCO,AUTO HONDA CITY 2016,2,16500,33000,AUTOS
811,2025-02-15,Prov Repuestos,SURCO,ACEITE DE MOTOR 5W30 FULL SINTÉTICO,10,80,800,REPUESTOS
812,2025-02-15,Prov Repuestos,SURCO,AMORTIGUADORES DELANTEROS,10,223,2230,REPUESTOS
813,2025-02-15,Prov Repuestos,SURCO,AMORTIGUADORES POSTERIORES,10,85,850,REPUESTOS
814,2025-02-15,Prov Repuestos,SURCO,"LLANTAS 18""",10,65,650,REPUESTOS
815,2025-02-15,Prov Repuestos,SURCO,BATERÍA DE 18 PLACAS,5,85,425,REPUESTOS
816,2025-02-15,Prov Vehículos,LA MOLINA,AUTO HONDA ACCORD 2014,4,18000,72000,AUTOS
817,2025-02-15,Prov Vehículos,LA MOLINA,AUTO HONDA CIVIC 2014,1,18000,18000,AUTOS
818,2025-02-15,Prov Vehículos,LA MOLINA,AUTO HONDA ODISSEY 2013,2,18500,37000,AUTOS
819,2025-02-15,Prov Vehículos,LA MOLINA,AUTO HONDA CRV 2014,2,15000,30000,AUTOS
820,2025-02-15,Prov Repuestos,LA MOLINA,ACEITE DE MOTOR 5W30 FULL SINTÉTICO,10,80,800,REPUESTOS
821,2025-02-15,Prov Repuestos,LA MOLINA,AMORTIGUADORES DELANTEROS,10,223,2230,REPUESTOS
822,2025-02-15,Prov Repuestos,LA MOLINA,AMORTIGUADORES POSTERIORES,10,85,850,REPUESTOS
823,2025-02-15,Prov Repuestos,LA MOLINA,"LLANTAS 18""",10,65,650,REPUESTOS
824,2025-02-15,Prov Repuestos,LA MOLINA,BATERÍA DE 18 PLACAS,5,85,425,REPUESTOS
825,2025-02-15,Prov Repuestos,SURCO,BATERÍA DE 18 PLACAS,10,85,850,REPUESTOS
826,2025-02-15,Prov Repuestos,LA MOLINA,FILTRO DE COMBUSTIBLE,17,103,1751,REPUESTOS
827,2025-03-01,Prov Repuestos,SURCO,ACEITE DE MOTOR 5W30 FULL SINTÉTICO,10,103,1030,REPUESTOS
828,2025-03-01,Prov Repuestos,SURCO,AMORTIGUADORES DELANTEROS,10,197,1970,REPUESTOS
829,2025-03-01,Prov Repuestos,SURCO,AMORTIGUADORES POSTERIORES,10,81,810,REPUESTOS
830,2025-03-01,Prov Repuestos,SURCO,"LLANTAS 18""",10,51,510,REPUESTOS
831,2025-03-01,Prov Repuestos,SURCO,BATERÍA DE 18 PLACAS,5,85,425,REPUESTOS
832,2025-03-01,Prov Repuestos,LA MOLINA,ACEITE DE MOTOR 5W30 FULL SINTÉTICO,10,103,1030,REPUESTOS
833,2025-03-01,Prov Repuestos,LA MOLINA,AMORTIGUADORES DELANTEROS,10,197,1970,REPUESTOS
834,2025-03-01,Prov Repuestos,LA MOLINA,AMORTIGUADORES POSTERIORES,10,81,810,REPUESTOS
835,2025-03-01,Prov Repuestos,LA MOLINA,"LLANTAS 18""",10,51,510,REPUESTOS
836,2025-03-01,Prov Repuestos,LA MOLINA,BATERÍA DE 18 PLACAS,5,85,425,REPUESTOS
837,2025-03-01,Prov Repuestos,SURCO,AMORTIGUADORES POSTERIORES,10,81,810,REPUESTOS
838,2025-03-15,Prov Vehículos,SURCO,AUTO HONDA CIVIC 2014,1,18000,18000,AUTOS
839,2025-03-15,Prov Vehículos,SURCO,AUTO HONDA ODISSEY 2013,5,18500,92500,AUTOS
840,2025-03-15,Prov Vehículos,SURCO,AUTO HONDA CRV 2014,3,12000,36000,AUTOS
841,2025-03-15,Prov Vehículos,SURCO,AUTO HONDA PILOT 2013,4,19000,76000,AUTOS
842,2025-03-15,Prov Vehículos,SURCO,AUTO HONDA FIT 2016,3,18500,55500,AUTOS
843,2025-03-15,Prov Vehículos,SURCO,AUTO HONDA CITY 2016,4,16000,64000,AUTOS
844,2025-03-15,Prov Repuestos,SURCO,ACEITE DE MOTOR 5W30 FULL SINTÉTICO,10,103,1030,REPUESTOS
845,2025-03-15,Prov Repuestos,SURCO,AMORTIGUADORES DELANTEROS,10,197,1970,REPUESTOS
846,2025-03-15,Prov Repuestos,SURCO,AMORTIGUADORES POSTERIORES,8,81,648,REPUESTOS
847,2025-03-15,Prov Repuestos,SURCO,"LLANTAS 18""",10,51,510,REPUESTOS
848,2025-03-15,Prov Repuestos,SURCO,BATERÍA DE 18 PLACAS,5,85,425,REPUESTOS
849,2025-03-15,Prov Vehículos,LA MOLINA,AUTO HONDA CIVIC 2014,3,18000,54000,AUTOS
850,2025-03-15,Prov Vehículos,LA MOLINA,AUTO HONDA ODISSEY 2013,4,18500,74000,AUTOS
851,2025-03-15,Prov Vehículos,LA MOLINA,AUTO HONDA CRV 2014,3,12000,36000,AUTOS
852,2025-03-15,Prov Repuestos,LA MOLINA,ACEITE DE MOTOR 5W30 FULL SINTÉTICO,10,103,1030,REPUESTOS
853,2025-03-15,Prov Repuestos,LA MOLINA,AMORTIGUADORES DELANTEROS,10,197,1970,REPUESTOS
854,2025-03-15,Prov Repuestos,LA MOLINA,AMORTIGUADORES POSTERIORES,10,81,810,REPUESTOS
855,2025-03-15,Prov Repuestos,LA MOLINA,"LLANTAS 18""",10,51,510,REPUESTOS
856,2025-03-15,Prov Repuestos,LA MOLINA,BATERÍA DE 18 PLACAS,5,85,425,REPUESTOS
857,2025-03-15,Prov Repuestos,SURCO,"LLANTAS 18""",13,51,663,REPUESTOS
858,2025-03-15,Prov Repuestos,LA MOLINA,FILTRO DE COMBUSTIBLE,9,110,990,REPUESTOS
859,2025-04-01,Prov Repuestos,SURCO,ACEITE DE MOTOR 5W30 FULL SINTÉTICO,10,99,990,REPUESTOS
860,2025-04-01,Prov Repuestos,SURCO,AMORTIGUADORES DELANTEROS,10,220,2200,REPUESTOS
861,2025-04-01,Prov Repuestos,SURCO,AMORTIGUADORES POSTERIORES,10,104,1040,REPUESTOS
862,2025-04-01,Prov Repuestos,SURCO,"LLANTAS 18""",10,57,570,REPUESTOS
863,2025-04-01,Prov Repuestos,SURCO,BATERÍA DE 18 PLACAS,5,95,475,REPUESTOS
864,2025-04-01,Prov Repuestos,LA MOLINA,ACEITE DE MOTOR 5W30 FULL SINTÉTICO,10,99,990,REPUESTOS
865,2025-04-01,Prov Repuestos,LA MOLINA,AMORTIGUADORES DELANTEROS,10,220,2200,REPUESTOS
866,2025-04-01,Prov Repuestos,LA MOLINA,AMORTIGUADORES POSTERIORES,10,104,1040,REPUESTOS
867,2025-04-01,Prov Repuestos,LA MOLINA,"LLANTAS 18""",10,57,570,REPUESTOS
868,2025-04-01,Prov Repuestos,LA MOLINA,BATERÍA DE 18 PLACAS,5,95,475,REPUESTOS
869,2025-04-01,Prov Repuestos,SURCO,"LLANTAS 18""",13,57,741,REPUESTOS
870,2025-04-15,Prov Vehículos,SURCO,AUTO HONDA ACCORD 2014,3,16000,48000,AUTOS
871,2025-04-15,Prov Vehículos,SURCO,AUTO HONDA CIVIC 2014,5,14000,70000,AUTOS
872,2025-04-15,Prov Vehículos,SURCO,AUTO HONDA ODISSEY 2013,1,17500,17500,AUTOS
873,2025-04-15,Prov Vehículos,SURCO,AUTO HONDA CRV 2014,2,15500,31000,AUTOS
874,2025-04-15,Prov Vehículos,SURCO,AUTO HONDA PILOT 2013,1,19000,19000,AUTOS
875,2025-04-15,Prov Vehículos,SURCO,AUTO HONDA FIT 2016,2,15500,31000,AUTOS
876,2025-04-15,Prov Vehículos,SURCO,AUTO HONDA CITY 2016,5,20500,102500,AUTOS
877,2025-04-15,Prov Repuestos,SURCO,ACEITE DE MOTOR 5W30 FULL SINTÉTICO,7,99,693,REPUESTOS
878,2025-04-15,Prov Repuestos,SURCO,AMORTIGUADORES DELANTEROS,10,220,2200,REPUESTOS
879,2025-04-15,Prov Repuestos,SURCO,AMORTIGUADORES POSTERIORES,10,104,1040,REPUESTOS
880,2025-04-15,Prov Repuestos,SURCO,"LLANTAS 18""",1,57,57,REPUESTOS
881,2025-04-15,Prov Repuestos,SURCO,BATERÍA DE 18 PLACAS,5,95,475,REPUESTOS
882,2025-04-15,Prov Vehículos,LA MOLINA,AUTO HONDA ACCORD 2014,2,16000,32000,AUTOS
883,2025-04-15,Prov Vehículos,LA MOLINA,AUTO HONDA CIVIC 2014,3,14000,42000,AUTOS
884,2025-04-15,Prov Vehículos,LA MOLINA,AUTO HONDA ODISSEY 2013,3,17500,52500,AUTOS
885,2025-04-15,Prov Vehículos,LA MOLINA,AUTO HONDA CRV 2014,3,15500,46500,AUTOS
886,2025-04-15,Prov Repuestos,LA MOLINA,ACEITE DE MOTOR 5W30 FULL SINTÉTICO,10,99,990,REPUESTOS
887,2025-04-15,Prov Repuestos,LA MOLINA,AMORTIGUADORES DELANTEROS,10,220,2200,REPUESTOS
888,2025-04-15,Prov Repuestos,LA MOLINA,AMORTIGUADORES POSTERIORES,10,104,1040,REPUESTOS
889,2025-04-15,Prov Repuestos,LA MOLINA,"LLANTAS 18""",7,57,399,REPUESTOS
890,2025-04-15,Prov Repuestos,LA MOLINA,BATERÍA DE 18 PLACAS,5,95,475,REPUESTOS
891,2025-04-15,Prov Repuestos,SURCO,FILTRO DE COMBUSTIBLE,20,121,2420,REPUESTOS
892,2025-04-15,Prov Repuestos,LA MOLINA,AMORTIGUADORES POSTERIORES,6,104,624,REPUESTOS
893,2025-05-01,Prov Repuestos,SURCO,ACEITE DE MOTOR 5W30 FULL SINTÉTICO,10,85,850,REPUESTOS
894,2025-05-01,Prov Repuestos,SURCO,AMORTIGUADORES DELANTEROS,10,227,2270,REPUESTOS
895,2025-05-01,Prov Repuestos,SURCO,AMORTIGUADORES POSTERIORES,10,97,970,REPUESTOS
896,2025-05-01,Prov Repuestos,SURCO,"LLANTAS 18""",10,55,550,REPUESTOS
897,2025-05-01,Prov Repuestos,SURCO,BATERÍA DE 18 PLACAS,5,83,415,REPUESTOS
898,2025-05-01,Prov Repuestos,LA MOLINA,ACEITE DE MOTOR 5W30 FULL SINTÉTICO,10,85,850,REPUESTOS
899,2025-05-01,Prov Repuestos,LA MOLINA,AMORTIGUADORES DELANTEROS,10,227,2270,REPUESTOS
900,2025-05-01,Prov Repuestos,LA MOLINA,AMORTIGUADORES POSTERIORES,10,97,970,REPUESTOS
901,2025-05-01,Prov Repuestos,LA MOLINA,"LLANTAS 18""",10,55,550,REPUESTOS
902,2025-05-01,Prov Repuestos,LA MOLINA,BATERÍA DE 18 PLACAS,5,83,415,REPUESTOS
903,2025-05-01,Prov Repuestos,LA MOLINA,AMORTIGUADORES DELANTEROS,6,227,1362,REPUESTOS
904,2025-05-15,Prov Vehículos,SURCO,AUTO HONDA ACCORD 2014,1,16000,16000,AUTOS
905,2025-05-15,Prov Vehículos,SURCO,AUTO HONDA ODISSEY 2013,4,15500,62000,AUTOS
906,2025-05-15,Prov Vehículos,SURCO,AUTO HONDA CRV 2014,1,13500,13500,AUTOS
907,2025-05-15,Prov Vehículos,SURCO,AUTO HONDA PILOT 2013,3,19000,57000,AUTOS
908,2025-05-15,Prov Vehículos,SURCO,AUTO HONDA FIT 2016,5,15500,77500,AUTOS
909,2025-05-15,Prov Vehículos,SURCO,AUTO HONDA CITY 2016,5,20500,102500,AUTOS
910,2025-05-15,Prov Repuestos,SURCO,ACEITE DE MOTOR 5W30 FULL SINTÉTICO,10,85,850,REPUESTOS
911,2025-05-15,Prov Repuestos,SURCO,AMORTIGUADORES DELANTEROS,10,227,2270,REPUESTOS
912,2025-05-15,Prov Repuestos,SURCO,AMORTIGUADORES POSTERIORES,10,97,970,REPUESTOS
913,2025-05-15,Prov Repuestos,SURCO,"LLANTAS 18""",10,55,550,REPUESTOS
914,2025-05-15,Prov Repuestos,SURCO,BATERÍA DE 18 PLACAS,5,83,415,REPUESTOS
915,2025-05-15,Prov Vehículos,LA MOLINA,AUTO HONDA CIVIC 2014,3,14000,42000,AUTOS
916,2025-05-15,Prov Vehículos,LA MOLINA,AUTO HONDA ODISSEY 2013,2,15500,31000,AUTOS
917,2025-05-15,Prov Vehículos,LA MOLINA,AUTO HONDA CRV 2014,1,13500,13500,AUTOS
918,2025-05-15,Prov Repuestos,LA MOLINA,ACEITE DE MOTOR 5W30 FULL SINTÉTICO,10,85,850,REPUESTOS
919,2025-05-15,Prov Repuestos,LA MOLINA,AMORTIGUADORES DELANTEROS,7,227,1589,REPUESTOS
920,2025-05-15,Prov Repuestos,LA MOLINA,AMORTIGUADORES POSTERIORES,10,97,970,REPUESTOS
921,2025-05-15,Prov Repuestos,LA MOLINA,"LLANTAS 18""",10,55,550,REPUESTOS
922,2025-05-15,Prov Repuestos,LA MOLINA,BATERÍA DE 18 PLACAS,5,83,415,REPUESTOS
923,2025-05-15,Prov Repuestos,SURCO,FILTRO DE COMBUSTIBLE,6,109,654,REPUESTOS
924,2025-05-15,Prov Repuestos,LA MOLINA,AMORTIGUADORES POSTERIORES,10,97,970,REPUESTOS
925,2025-06-01,Prov Repuestos,SURCO,ACEITE DE MOTOR 5W30 FULL SINTÉTICO,10,96,960,REPUESTOS
926,2025-06-01,Prov Repuestos,SURCO,AMORTIGUADORES DELANTEROS,10,226,2260,REPUESTOS
927,2025-06-01,Prov Repuestos,SURCO,AMORTIGUADORES POSTERIORES,10,101,1010,REPUESTOS
928,2025-06-01,Prov Repuestos,SURCO,"LLANTAS 18""",10,56,560,REPUESTOS
929,2025-06-01,Prov Repuestos,SURCO,BATERÍA DE 18 PLACAS,5,76,380,REPUESTOS
930,2025-06-01,Prov Repuestos,LA MOLINA,ACEITE DE MOTOR 5W30 FULL SINTÉTICO,10,96,960,REPUESTOS
931,2025-06-01,Prov Repuestos,LA MOLINA,AMORTIGUADORES DELANTEROS,10,226,2260,REPUESTOS
932,2025-06-01,Prov Repuestos,LA MOLINA,AMORTIGUADORES POSTERIORES,10,101,1010,REPUESTOS
933,2025-06-01,Prov Repuestos,LA MOLINA,"LLANTAS 18""",10,56,560,REPUESTOS
934,2025-06-01,Prov Repuestos,LA MOLINA,BATERÍA DE 18 PLACAS,5,76,380,REPUESTOS
935,2025-06-01,Prov Repuestos,LA MOLINA,FILTRO DE COMBUSTIBLE,10,100,1000,REPUESTOS
936,2025-06-15,Prov Vehículos,SURCO,AUTO HONDA CIVIC 2014,1,15000,15000,AUTOS
937,2025-06-15,Prov Vehículos,SURCO,AUTO HONDA ODISSEY 2013,1,15500,15500,AUTOS
938,2025-06-15,Prov Vehículos,SURCO,AUTO HONDA CRV 2014,2,13500,27000,AUTOS
939,2025-06-15,Prov Vehículos,SURCO,AUTO HONDA PILOT 2013,5,19000,95000,AUTOS
940,2025-06-15,Prov Vehículos,SURCO,AUTO HONDA FIT 2016,3,17500,52500,AUTOS
941,2025-06-15,Prov Vehículos,SURCO,AUTO HONDA CITY 2016,1,18000,18000,AUTOS
942,2025-06-15,Prov Repuestos,SURCO,ACEITE DE MOTOR 5W30 FULL SINTÉTICO,10,96,960,REPUESTOS
943,2025-06-15,Prov Repuestos,SURCO,AMORTIGUADORES DELANTEROS,10,226,2260,REPUESTOS
944,2025-06-15,Prov Repuestos,SURCO,AMORTIGUADORES POSTERIORES,10,101,1010,REPUESTOS
945,2025-06-15,Prov Repuestos,SURCO,"LLANTAS 18""",10,56,560,REPUESTOS
946,2025-06-15,Prov Repuestos,SURCO,BATERÍA DE 18 PLACAS,5,76,380,REPUESTOS
947,2025-06-15,Prov Vehículos,LA MOLINA,AUTO HONDA ACCORD 2014,1,20000,20000,AUTOS
948,2025-06-15,Prov Vehículos,LA MOLINA,AUTO HONDA ODISSEY 2013,5,15500,77500,AUTOS
949,2025-06-15,Prov Vehículos,LA MOLINA,AUTO HONDA CRV 2014,1,13500,13500,AUTOS
950,2025-06-15,Prov Repuestos,LA MOLINA,ACEITE DE MOTOR 5W30 FULL SINTÉTICO,10,96,960,REPUESTOS
951,2025-06-15,Prov Repuestos,LA MOLINA,AMORTIGUADORES DELANTEROS,10,226,2260,REPUESTOS
952,2025-06-15,Prov Repuestos,LA MOLINA,AMORTIGUADORES POSTERIORES,10,101,1010,REPUESTOS
953,2025-06-15,Prov Repuestos,LA MOLINA,"LLANTAS 18""",10,56,560,REPUESTOS
954,2025-06-15,Prov Repuestos,LA MOLINA,BATERÍA DE 18 PLACAS,5,76,380,REPUESTOS
955,2025-06-15,Prov Repuestos,SURCO,BATERÍA DE 18 PLACAS,4,76,304,REPUESTOS
956,2025-06-15,Prov Repuestos,LA MOLINA,FILTRO DE COMBUSTIBLE,9,100,900,REPUESTOS
957,2025-07-01,Prov Repuestos,SURCO,ACEITE DE MOTOR 5W30 FULL SINTÉTICO,10,87,870,REPUESTOS
958,2025-07-01,Prov Repuestos,SURCO,AMORTIGUADORES DELANTEROS,10,235,2350,REPUESTOS
959,2025-07-01,Prov Repuestos,SURCO,AMORTIGUADORES POSTERIORES,10,94,940,REPUESTOS
960,2025-07-01,Prov Repuestos,SURCO,"LLANTAS 18""",10,58,580,REPUESTOS
961,2025-07-01,Prov Repuestos,SURCO,BATERÍA DE 18 PLACAS,5,96,480,REPUESTOS
962,2025-07-01,Prov Repuestos,LA MOLINA,ACEITE DE MOTOR 5W30 FULL SINTÉTICO,10,87,870,REPUESTOS
963,2025-07-01,Prov Repuestos,LA MOLINA,AMORTIGUADORES DELANTEROS,10,235,2350,REPUESTOS
964,2025-07-01,Prov Repuestos,LA MOLINA,AMORTIGUADORES POSTERIORES,10,94,940,REPUESTOS
965,2025-07-01,Prov Repuestos,LA MOLINA,"LLANTAS 18""",10,58,580,REPUESTOS
966,2025-07-01,Prov Repuestos,LA MOLINA,BATERÍA DE 18 PLACAS,5,96,480,REPUESTOS
967,2025-07-01,Prov Repuestos,SURCO,ACEITE DE MOTOR 5W30 FULL SINTÉTICO,4,87,348,REPUESTOS
968,2025-07-15,Prov Vehículos,SURCO,AUTO HONDA ACCORD 2014,3,20000,60000,AUTOS
969,2025-07-15,Prov Vehículos,SURCO,AUTO HONDA CIVIC 2014,2,16000,32000,AUTOS
970,2025-07-15,Prov Vehículos,SURCO,AUTO HONDA ODISSEY 2013,4,15500,62000,AUTOS
971,2025-07-15,Prov Vehículos,SURCO,AUTO HONDA CRV 2014,3,13500,40500,AUTOS
972,2025-07-15,Prov Vehículos,SURCO,AUTO HONDA PILOT 2013,3,16500,49500,AUTOS
973,2025-07-15,Prov Vehículos,SURCO,AUTO HONDA FIT 2016,1,18000,18000,AUTOS
974,2025-07-15,Prov Vehículos,SURCO,AUTO HONDA CITY 2016,5,18000,90000,AUTOS
975,2025-07-15,Prov Repuestos,SURCO,ACEITE DE MOTOR 5W30 FULL SINTÉTICO,10,87,870,REPUESTOS
976,2025-07-15,Prov Repuestos,SURCO,AMORTIGUADORES DELANTEROS,10,235,2350,REPUESTOS
977,2025-07-15,Prov Repuestos,SURCO,AMORTIGUADORES POSTERIORES,10,94,940,REPUESTOS
978,2025-07-15,Prov Repuestos,SURCO,"LLANTAS 18""",10,58,580,REPUESTOS
979,2025-07-15,Prov Repuestos,SURCO,BATERÍA DE 18 PLACAS,5,96,480,REPUESTOS
980,2025-07-15,Prov Vehículos,LA MOLINA,AUTO HONDA ACCORD 2014,1,20000,20000,AUTOS
981,2025-07-15,Prov Vehículos,LA MOLINA,AUTO HONDA CIVIC 2014,1,16000,16000,AUTOS
982,2025-07-15,Prov Vehículos,LA MOLINA,AUTO HONDA CRV 2014,3,13500,40500,AUTOS
983,2025-07-15,Prov Repuestos,LA MOLINA,ACEITE DE MOTOR 5W30 FULL SINTÉTICO,10,87,870,REPUESTOS
984,2025-07-15,Prov Repuestos,LA MOLINA,AMORTIGUADORES DELANTEROS,10,235,2350,REPUESTOS
985,2025-07-15,Prov Repuestos,LA MOLINA,AMORTIGUADORES POSTERIORES,9,94,846,REPUESTOS
986,2025-07-15,Prov Repuestos,LA MOLINA,"LLANTAS 18""",8,58,464,REPUESTOS
987,2025-07-15,Prov Repuestos,LA MOLINA,BATERÍA DE 18 PLACAS,5,96,480,REPUESTOS
988,2025-07-15,Prov Repuestos,SURCO,AMORTIGUADORES DELANTEROS,10,235,2350,REPUESTOS
989,2025-07-15,Prov Repuestos,LA MOLINA,ACEITE DE MOTOR 5W30 FULL SINTÉTICO,5,87,435,REPUESTOS
990,2025-08-01,Prov Repuestos,SURCO,ACEITE DE MOTOR 5W30 FULL SINTÉTICO,10,100,1000,REPUESTOS
991,2025-08-01,Prov Repuestos,SURCO,AMORTIGUADORES DELANTEROS,10,232,2320,REPUESTOS
992,2025-08-01,Prov Repuestos,SURCO,AMORTIGUADORES POSTERIORES,10,93,930,REPUESTOS
993,2025-08-01,Prov Repuestos,SURCO,"LLANTAS 18""",10,54,540,REPUESTOS
994,2025-08-01,Prov Repuestos,SURCO,BATERÍA DE 18 PLACAS,5,102,510,REPUESTOS
995,2025-08-01,Prov Repuestos,LA MOLINA,ACEITE DE MOTOR 5W30 FULL SINTÉTICO,10,100,1000,REPUESTOS
996,2025-08-01,Prov Repuestos,LA MOLINA,AMORTIGUADORES DELANTEROS,10,232,2320,REPUESTOS
997,2025-08-01,Prov Repuestos,LA MOLINA,AMORTIGUADORES POSTERIORES,10,93,930,REPUESTOS
998,2025-08-01,Prov Repuestos,LA MOLINA,"LLANTAS 18""",10,54,540,REPUESTOS
999,2025-08-01,Prov Repuestos,LA MOLINA,BATERÍA DE 18 PLACAS,5,102,510,REPUESTOS
1000,2025-08-01,Prov Repuestos,SURCO,FILTRO DE COMBUSTIBLE,10,93,930,REPUESTOS
1001,2025-08-01,Prov Repuestos,LA MOLINA,AMORTIGUADORES DELANTEROS,5,232,1160,REPUESTOS
1002,2025-08-15,Prov Vehículos,SURCO,AUTO HONDA ACCORD 2014,2,15500,31000,AUTOS
1003,2025-08-15,Prov Vehículos,SURCO,AUTO HONDA CIVIC 2014,3,16000,48000,AUTOS
1004,2025-08-15,Prov Vehículos,SURCO,AUTO HONDA CRV 2014,2,18000,36000,AUTOS
1005,2025-08-15,Prov Vehículos,SURCO,AUTO HONDA PILOT 2013,2,14500,29000,AUTOS
1006,2025-08-15,Prov Vehículos,SURCO,AUTO HONDA FIT 2016,4,18000,72000,AUTOS
1007,2025-08-15,Prov Vehículos,SURCO,AUTO HONDA CITY 2016,5,17000,85000,AUTOS
1008,2025-08-15,Prov Repuestos,SURCO,ACEITE DE MOTOR 5W30 FULL SINTÉTICO,10,100,1000,REPUESTOS
1009,2025-08-15,Prov Repuestos,SURCO,AMORTIGUADORES DELANTEROS,10,232,2320,REPUESTOS
1010,2025-08-15,Prov Repuestos,SURCO,AMORTIGUADORES POSTERIORES,10,93,930,REPUESTOS
1011,2025-08-15,Prov Repuestos,SURCO,"LLANTAS 18""",10,54,540,REPUESTOS
1012,2025-08-15,Prov Repuestos,SURCO,BATERÍA DE 18 PLACAS,5,102,510,REPUESTOS
1013,2025-08-15,Prov Vehículos,LA MOLINA,AUTO HONDA ACCORD 2014,3,15500,46500,AUTOS
1014,2025-08-15,Prov Vehículos,LA MOLINA,AUTO HONDA CIVIC 2014,1,16000,16000,AUTOS
1015,2025-08-15,Prov Vehículos,LA MOLINA,AUTO HONDA CRV 2014,2,18000,36000,AUTOS
1016,2025-08-15,Prov Repuestos,LA MOLINA,ACEITE DE MOTOR 5W30 FULL SINTÉTICO,10,100,1000,REPUESTOS
1017,2025-08-15,Prov Repuestos,LA MOLINA,AMORTIGUADORES DELANTEROS,10,232,2320,REPUESTOS
1018,2025-08-15,Prov Repuestos,LA MOLINA,AMORTIGUADORES POSTERIORES,8,93,744,REPUESTOS
1019,2025-08-15,Prov Repuestos,LA MOLINA,"LLANTAS 18""",10,54,540,REPUESTOS
1020,2025-08-15,Prov Repuestos,LA MOLINA,BATERÍA DE 18 PLACAS,5,102,510,REPUESTOS
1021,2025-08-15,Prov Repuestos,SURCO,FILTRO DE COMBUSTIBLE,5,93,465,REPUESTOS
1022,2025-08-15,Prov Repuestos,LA MOLINA,BATERÍA DE 18 PLACAS,13,102,1326,REPUESTOS
1023,2025-09-01,Prov Repuestos,SURCO,ACEITE DE MOTOR 5W30 FULL SINTÉTICO,10,90,900,REPUESTOS
1024,2025-09-01,Prov Repuestos,SURCO,AMORTIGUADORES DELANTEROS,10,233,2330,REPUESTOS
1025,2025-09-01,Prov Repuestos,SURCO,AMORTIGUADORES POSTERIORES,10,87,870,REPUESTOS
1026,2025-09-01,Prov Repuestos,SURCO,"LLANTAS 18""",10,75,750,REPUESTOS
1027,2025-09-01,Prov Repuestos,SURCO,BATERÍA DE 18 PLACAS,5,94,470,REPUESTOS
1028,2025-09-01,Prov Repuestos,LA MOLINA,ACEITE DE MOTOR 5W30 FULL SINTÉTICO,10,90,900,REPUESTOS
1029,2025-09-01,Prov Repuestos,LA MOLINA,AMORTIGUADORES DELANTEROS,10,233,2330,REPUESTOS
1030,2025-09-01,Prov Repuestos,LA MOLINA,AMORTIGUADORES POSTERIORES,10,87,870,REPUESTOS
1031,2025-09-01,Prov Repuestos,LA MOLINA,"LLANTAS 18""",10,75,750,REPUESTOS
1032,2025-09-01,Prov Repuestos,LA MOLINA,BATERÍA DE 18 PLACAS,5,94,470,REPUESTOS
1033,2025-09-01,Prov Repuestos,LA MOLINA,FILTRO DE COMBUSTIBLE,13,91,1183,REPUESTOS
1034,2025-09-15,Prov Vehículos,SURCO,AUTO HONDA ACCORD 2014,1,18000,18000,AUTOS
1035,2025-09-15,Prov Vehículos,SURCO,AUTO HONDA CIVIC 2014,2,19000,38000,AUTOS
1036,2025-09-15,Prov Vehículos,SURCO,AUTO HONDA ODISSEY 2013,2,15500,31000,AUTOS
1037,2025-09-15,Prov Vehículos,SURCO,AUTO HONDA CRV 2014,1,18000,18000,AUTOS
1038,2025-09-15,Prov Vehículos,SURCO,AUTO HONDA PILOT 2013,4,14500,58000,AUTOS
1039,2025-09-15,Prov Vehículos,SURCO,AUTO HONDA FIT 2016,4,18000,72000,AUTOS
1040,2025-09-15,Prov Vehículos,SURCO,AUTO HONDA CITY 2016,5,17000,85000,AUTOS
1041,2025-09-15,Prov Repuestos,SURCO,ACEITE DE MOTOR 5W30 FULL SINTÉTICO,9,90,810,REPUESTOS
1042,2025-09-15,Prov Repuestos,SURCO,AMORTIGUADORES DELANTEROS,10,233,2330,REPUESTOS
1043,2025-09-15,Prov Repuestos,SURCO,AMORTIGUADORES POSTERIORES,10,87,870,REPUESTOS
1044,2025-09-15,Prov Repuestos,SURCO,"LLANTAS 18""",10,75,750,REPUESTOS
1045,2025-09-15,Prov Repuestos,SURCO,BATERÍA DE 18 PLACAS,5,94,470,REPUESTOS
1046,2025-09-15,Prov Vehículos,LA MOLINA,AUTO HONDA ACCORD 2014,1,18000,18000,AUTOS
1047,2025-09-15,Prov Vehículos,LA MOLINA,AUTO HONDA CIVIC 2014,2,19000,38000,AUTOS
1048,2025-09-15,Prov Vehículos,LA MOLINA,AUTO HONDA ODISSEY 2013,4,15500,62000,AUTOS
1049,2025-09-15,Prov Vehículos,LA MOLINA,AUTO HONDA CRV 2014,2,18000,36000,AUTOS
1050,2025-09-15,Prov Repuestos,LA MOLINA,ACEITE DE MOTOR 5W30 FULL SINTÉTICO,10,90,900,REPUESTOS
1051,2025-09-15,Prov Repuestos,LA MOLINA,AMORTIGUADORES DELANTEROS,10,233,2330,REPUESTOS
1052,2025-09-15,Prov Repuestos,LA MOLINA,AMORTIGUADORES POSTERIORES,10,87,870,REPUESTOS
1053,2025-09-15,Prov Repuestos,LA MOLINA,"LLANTAS 18""",10,75,750,REPUESTOS
1054,2025-09-15,Prov Repuestos,LA MOLINA,BATERÍA DE 18 PLACAS,5,94,470,REPUESTOS
1055,2025-09-15,Prov Repuestos,LA MOLINA,"LLANTAS 18""",1,75,75,REPUESTOS
1056,2025-10-01,Prov Repuestos,SURCO,ACEITE DE MOTOR 5W30 FULL SINTÉTICO,10,109,1090,REPUESTOS
1057,2025-10-01,Prov Repuestos,SURCO,AMORTIGUADORES DELANTEROS,10,208,2080,REPUESTOS
1058,2025-10-01,Prov Repuestos,SURCO,AMORTIGUADORES POSTERIORES,10,99,990,REPUESTOS
1059,2025-10-01,Prov Repuestos,SURCO,"LLANTAS 18""",10,70,700,REPUESTOS
1060,2025-10-01,Prov Repuestos,SURCO,BATERÍA DE 18 PLACAS,5,99,495,REPUESTOS
1061,2025-10-01,Prov Repuestos,LA MOLINA,ACEITE DE MOTOR 5W30 FULL SINTÉTICO,10,109,1090,REPUESTOS
1062,2025-10-01,Prov Repuestos,LA MOLINA,AMORTIGUADORES DELANTEROS,10,208,2080,REPUESTOS
1063,2025-10-01,Prov Repuestos,LA MOLINA,AMORTIGUADORES POSTERIORES,10,99,990,REPUESTOS
1064,2025-10-01,Prov Repuestos,LA MOLINA,"LLANTAS 18""",10,70,700,REPUESTOS
1065,2025-10-01,Prov Repuestos,LA MOLINA,BATERÍA DE 18 PLACAS,5,99,495,REPUESTOS
1066,2025-10-01,Prov Repuestos,LA MOLINA,"LLANTAS 18""",1,70,70,REPUESTOS
1067,2025-10-15,Prov Vehículos,SURCO,AUTO HONDA CIVIC 2014,3,19000,57000,AUTOS
1068,2025-10-15,Prov Vehículos,SURCO,AUTO HONDA ODISSEY 2013,1,19500,19500,AUTOS
1069,2025-10-15,Prov Vehículos,SURCO,AUTO HONDA CRV 2014,3,17000,51000,AUTOS
1070,2025-10-15,Prov Vehículos,SURCO,AUTO HONDA PILOT 2013,5,17000,85000,AUTOS
1071,2025-10-15,Prov Vehículos,SURCO,AUTO HONDA FIT 2016,3,15000,45000,AUTOS
1072,2025-10-15,Prov Vehículos,SURCO,AUTO HONDA CITY 2016,5,18500,92500,AUTOS
1073,2025-10-15,Prov Repuestos,SURCO,ACEITE DE MOTOR 5W30 FULL SINTÉTICO,10,109,1090,REPUESTOS
1074,2025-10-15,Prov Repuestos,SURCO,AMORTIGUADORES DELANTEROS,10,208,2080,REPUESTOS
1075,2025-10-15,Prov Repuestos,SURCO,AMORTIGUADORES POSTERIORES,10,99,990,REPUESTOS
1076,2025-10-15,Prov Repuestos,SURCO,"LLANTAS 18""",10,70,700,REPUESTOS
1077,2025-10-15,Prov Repuestos,SURCO,BATERÍA DE 18 PLACAS,5,99,495,REPUESTOS
1078,2025-10-15,Prov Vehículos,LA MOLINA,AUTO HONDA ACCORD 2014,1,16500,16500,AUTOS
1079,2025-10-15,Prov Vehículos,LA MOLINA,AUTO HONDA CIVIC 2014,3,19000,57000,AUTOS
1080,2025-10-15,Prov Vehículos,LA MOLINA,AUTO HONDA ODISSEY 2013,1,19500,19500,AUTOS
1081,2025-10-15,Prov Vehículos,LA MOLINA,AUTO HONDA CRV 2014,2,17000,34000,AUTOS
1082,2025-10-15,Prov Repuestos,LA MOLINA,ACEITE DE MOTOR 5W30 FULL SINTÉTICO,10,109,1090,REPUESTOS
1083,2025-10-15,Prov Repuestos,LA MOLINA,AMORTIGUADORES DELANTEROS,10,208,2080,REPUESTOS
1084,2025-10-15,Prov Repuestos,LA MOLINA,AMORTIGUADORES POSTERIORES,10,99,990,REPUESTOS
1085,2025-10-15,Prov Repuestos,LA MOLINA,"LLANTAS 18""",10,70,700,REPUESTOS
1086,2025-10-15,Prov Repuestos,LA MOLINA,BATERÍA DE 18 PLACAS,5,99,495,REPUESTOS
1087,2025-10-15,Prov Repuestos,SURCO,AMORTIGUADORES POSTERIORES,1,99,99,REPUESTOS
1088,2025-10-15,Prov Repuestos,LA MOLINA,"LLANTAS 18""",2,70,140,REPUESTOS
1089,2025-11-01,Prov Repuestos,SURCO,ACEITE DE MOTOR 5W30 FULL SINTÉTICO,10,104,1040,REPUESTOS
1090,2025-11-01,Prov Repuestos,SURCO,AMORTIGUADORES DELANTEROS,10,204,2040,REPUESTOS
1091,2025-11-01,Prov Repuestos,SURCO,AMORTIGUADORES POSTERIORES,10,100,1000,REPUESTOS
1092,2025-11-01,Prov Repuestos,SURCO,"LLANTAS 18""",10,72,720,REPUESTOS
1093,2025-11-01,Prov Repuestos,SURCO,BATERÍA DE 18 PLACAS,5,110,550,REPUESTOS
1094,2025-11-01,Prov Repuestos,LA MOLINA,ACEITE DE MOTOR 5W30 FULL SINTÉTICO,10,104,1040,REPUESTOS
1095,2025-11-01,Prov Repuestos,LA MOLINA,AMORTIGUADORES DELANTEROS,10,204,2040,REPUESTOS
1096,2025-11-01,Prov Repuestos,LA MOLINA,AMORTIGUADORES POSTERIORES,10,100,1000,REPUESTOS
1097,2025-11-01,Prov Repuestos,LA MOLINA,"LLANTAS 18""",10,72,720,REPUESTOS
1098,2025-11-01,Prov Repuestos,LA MOLINA,BATERÍA DE 18 PLACAS,5,110,550,REPUESTOS
1099,2025-11-01,Prov Repuestos,SURCO,"LLANTAS 18""",1,72,72,REPUESTOS
1100,2025-11-01,Prov Repuestos,LA MOLINA,AMORTIGUADORES POSTERIORES,2,100,200,REPUESTOS
1101,2025-11-15,Prov Vehículos,SURCO,AUTO HONDA ACCORD 2014,5,16500,82500,AUTOS
1102,2025-11-15,Prov Vehículos,SURCO,AUTO HONDA CIVIC 2014,2,18000,36000,AUTOS
1103,2025-11-15,Prov Vehículos,SURCO,AUTO HONDA ODISSEY 2013,2,19500,39000,AUTOS
1104,2025-11-15,Prov Vehículos,SURCO,AUTO HONDA CRV 2014,2,17000,34000,AUTOS
1105,2025-11-15,Prov Vehículos,SURCO,AUTO HONDA PILOT 2013,4,17000,68000,AUTOS
1106,2025-11-15,Prov Vehículos,SURCO,AUTO HONDA FIT 2016,5,15000,75000,AUTOS
1107,2025-11-15,Prov Repuestos,SURCO,ACEITE DE MOTOR 5W30 FULL SINTÉTICO,10,104,1040,REPUESTOS
1108,2025-11-15,Prov Repuestos,SURCO,AMORTIGUADORES DELANTEROS,10,204,2040,REPUESTOS
1109,2025-11-15,Prov Repuestos,SURCO,AMORTIGUADORES POSTERIORES,10,100,1000,REPUESTOS
1110,2025-11-15,Prov Repuestos,SURCO,"LLANTAS 18""",10,72,720,REPUESTOS
1111,2025-11-15,Prov Repuestos,SURCO,BATERÍA DE 18 PLACAS,5,110,550,REPUESTOS
1112,2025-11-15,Prov Vehículos,LA MOLINA,AUTO HONDA ACCORD 2014,2,16500,33000,AUTOS
1113,2025-11-15,Prov Vehículos,LA MOLINA,AUTO HONDA CIVIC 2014,4,18000,72000,AUTOS
1114,2025-11-15,Prov Vehículos,LA MOLINA,AUTO HONDA ODISSEY 2013,3,19500,58500,AUTOS
1115,2025-11-15,Prov Vehículos,LA MOLINA,AUTO HONDA CRV 2014,3,17000,51000,AUTOS
1116,2025-11-15,Prov Repuestos,LA MOLINA,ACEITE DE MOTOR 5W30 FULL SINTÉTICO,10,104,1040,REPUESTOS
1117,2025-11-15,Prov Repuestos,LA MOLINA,AMORTIGUADORES DELANTEROS,10,204,2040,REPUESTOS
1118,2025-11-15,Prov Repuestos,LA MOLINA,AMORTIGUADORES POSTERIORES,10,100,1000,REPUESTOS
1119,2025-11-15,Prov Repuestos,LA MOLINA,"LLANTAS 18""",10,72,720,REPUESTOS
1120,2025-11-15,Prov Repuestos,LA MOLINA,BATERÍA DE 18 PLACAS,5,110,550,REPUESTOS
1121,2025-11-15,Prov Repuestos,SURCO,BATERÍA DE 18 PLACAS,10,110,1100,REPUESTOS
1122,2025-11-15,Prov Repuestos,LA MOLINA,AMORTIGUADORES DELANTEROS,7,204,1428,REPUESTOS
1123,2025-12-01,Prov Repuestos,SURCO,ACEITE DE MOTOR 5W30 FULL SINTÉTICO,10,87,870,REPUESTOS
1124,2025-12-01,Prov Repuestos,SURCO,AMORTIGUADORES DELANTEROS,10,207,2070,REPUESTOS
1125,2025-12-01,Prov Repuestos,SURCO,AMORTIGUADORES POSTERIORES,10,93,930,REPUESTOS
1126,2025-12-01,Prov Repuestos,SURCO,"LLANTAS 18""",10,50,500,REPUESTOS
1127,2025-12-01,Prov Repuestos,SURCO,BATERÍA DE 18 PLACAS,5,82,410,REPUESTOS
1128,2025-12-01,Prov Repuestos,LA MOLINA,ACEITE DE MOTOR 5W30 FULL SINTÉTICO,10,87,870,REPUESTOS
1129,2025-12-01,Prov Repuestos,LA MOLINA,AMORTIGUADORES DELANTEROS,10,207,2070,REPUESTOS
1130,2025-12-01,Prov Repuestos,LA MOLINA,AMORTIGUADORES POSTERIORES,10,93,930,REPUESTOS
1131,2025-12-01,Prov Repuestos,LA MOLINA,"LLANTAS 18""",10,50,500,REPUESTOS
1132,2025-12-01,Prov Repuestos,LA MOLINA,BATERÍA DE 18 PLACAS,5,82,410,REPUESTOS
1133,2025-12-01,Prov Repuestos,SURCO,AMORTIGUADORES DELANTEROS,12,207,2484,REPUESTOS
1134,2025-12-01,Prov Repuestos,LA MOLINA,AMORTIGUADORES DELANTEROS,10,207,2070,REPUESTOS
1135,2025-12-15,Prov Vehículos,SURCO,AUTO HONDA ACCORD 2014,3,16500,49500,AUTOS
1136,2025-12-15,Prov Vehículos,SURCO,AUTO HONDA CIVIC 2014,3,18000,54000,AUTOS
1137,2025-12-15,Prov Vehículos,SURCO,AUTO HONDA ODISSEY 2013,3,15500,46500,AUTOS
1138,2025-12-15,Prov Vehículos,SURCO,AUTO HONDA CRV 2014,3,18000,54000,AUTOS
1139,2025-12-15,Prov Vehículos,SURCO,AUTO HONDA FIT 2016,3,15500,46500,AUTOS
1140,2025-12-15,Prov Vehículos,SURCO,AUTO HONDA CITY 2016,5,16500,82500,AUTOS
1141,2025-12-15,Prov Repuestos,SURCO,ACEITE DE MOTOR 5W30 FULL SINTÉTICO,10,87,870,REPUESTOS
1142,2025-12-15,Prov Repuestos,SURCO,AMORTIGUADORES DELANTEROS,10,207,2070,REPUESTOS
1143,2025-12-15,Prov Repuestos,SURCO,AMORTIGUADORES POSTERIORES,9,93,837,REPUESTOS
1144,2025-12-15,Prov Repuestos,SURCO,"LLANTAS 18""",10,50,500,REPUESTOS
1145,2025-12-15,Prov Repuestos,SURCO,BATERÍA DE 18 PLACAS,5,82,410,REPUESTOS
1146,2025-12-15,Prov Vehículos,LA MOLINA,AUTO HONDA ACCORD 2014,3,16500,49500,AUTOS
1147,2025-12-15,Prov Vehículos,LA MOLINA,AUTO HONDA CIVIC 2014,2,18000,36000,AUTOS
1148,2025-12-15,Prov Vehículos,LA MOLINA,AUTO HONDA ODISSEY 2013,2,15500,31000,AUTOS
1149,2025-12-15,Prov Vehículos,LA MOLINA,AUTO HONDA CRV 2014,2,18000,36000,AUTOS
1150,2025-12-15,Prov Repuestos,LA MOLINA,ACEITE DE MOTOR 5W30 FULL SINTÉTICO,10,87,870,REPUESTOS
1151,2025-12-15,Prov Repuestos,LA MOLINA,AMORTIGUADORES DELANTEROS,1,207,207,REPUESTOS
1152,2025-12-15,Prov Repuestos,LA MOLINA,AMORTIGUADORES POSTERIORES,10,93,930,REPUESTOS
1153,2025-12-15,Prov Repuestos,LA MOLINA,"LLANTAS 18""",7,50,350,REPUESTOS
1154,2025-12-15,Prov Repuestos,LA MOLINA,BATERÍA DE 18 PLACAS,5,82,410,REPUESTOS
1155,2025-12-15,Prov Repuestos,SURCO,ACEITE DE MOTOR 5W30 FULL SINTÉTICO,17,87,1479,REPUESTOS
1156,2025-12-15,Prov Repuestos,LA MOLINA,FILTRO DE COMBUSTIBLE,15,94,1410,REPUESTOS
