id_compra,Fecha,Proveedor,Almacen,Producto,ID_Producto,Cantidad,Precio_Compra,Monto
1157,2025-12-31,Prov Vehículos,LA MOLINA,AUTO HONDA PILOT 2013,5,1,17000,17000
1158,2025-12-31,Prov Vehículos,LA MOLINA,AUTO HONDA FIT 2016,6,1,15500,15500
1159,2025-12-31,Prov Vehículos,LA MOLINA,AUTO HONDA CITY 2016,7,1,16500,16500
1160,2025-12-31,Prov Vehículos,LA MOLINA,CAMIONETA HONDA ELEMENT 2013,8,1,22500,22500
1161,2025-12-31,Prov Vehículos,LA MOLINA,CAMIONETA HONDA CROSSTOUR 2013,9,1,22000,22000
1162,2025-12-31,Prov Vehículos,LA MOLINA,CAMIONETA HONDA CR-Z 2015,10,1,24000,24000
1163,2025-12-31,Prov Vehículos,LA MOLINA,CAMIONETA HONDA RID LINE PICK UP 2014,11,1,24500,24500
1164,2025-12-31,Prov Repuestos,LA MOLINA,ACEITE DE MOTOR 5W30 FULL SINTÉTICO,38,1,87,87
1165,2025-12-31,Prov Repuestos,LA MOLINA,AMORTIGUADORES DELANTEROS,40,1,207,207
1166,2025-12-31,Prov Repuestos,LA MOLINA,AMORTIGUADORES POSTERIORES,41,1,93,93
1167,2025-12-31,Prov Repuestos,LA MOLINA,"LLANTAS 18""",42,1,50,50
1168,2025-12-31,Prov Repuestos,LA MOLINA,BATERÍA DE 18 PLACAS,43,1,82,82
1169,2025-12-31,Prov Vehículos,SURCO,AUTO HONDA CITY 2016,7,1,16500,16500
1170,2025-12-31,Prov Vehículos,SURCO,CAMIONETA HONDA ELEMENT 2013,8,1,22500,22500
1171,2025-12-31,Prov Vehículos,SURCO,CAMIONETA HONDA CROSSTOUR 2013,9,1,22000,22000
1172,2025-12-31,Prov Vehículos,SURCO,CAMIONETA HONDA CR-Z 2015,10,1,24000,24000
1173,2025-12-31,Prov Vehículos,SURCO,CAMIONETA HONDA RID LINE PICK UP 2014,11,1,24500,24500
1174,2025-12-31,Prov Repuestos,SURCO,ACEITE DE MOTOR 5W30 FULL SINTÉTICO,38,1,87,87
1175,2025-12-31,Prov Repuestos,SURCO,AMORTIGUADORES DELANTEROS,40,1,207,207
1176,2025-12-31,Prov Repuestos,SURCO,AMORTIGUADORES POSTERIORES,41,1,93,93
1177,2025-12-31,Prov Repuestos,SURCO,"LLANTAS 18""",42,1,50,50
1178,2025-12-31,Prov Repuestos,SURCO,BATERÍA DE 18 PLACAS,43,1,82,82
1179,2025-12-31,Prov Vehículos,LA MOLINA,AUTO HONDA FIT 2016,6,1,15500,15500
1180,2025-12-31,Prov Vehículos,LA MOLINA,AUTO HONDA CITY 2016,7,1,16500,16500
1181,2025-12-31,Prov Vehículos,LA MOLINA,CAMIONETA HONDA ELEMENT 2013,8,1,22500,22500
1182,2025-12-31,Prov Repuestos,LA MOLINA,ACEITE DE MOTOR 5W30 FULL SINTÉTICO,38,1,87,87
1183,2025-12-31,Prov Repuestos,LA MOLINA,AMORTIGUADORES DELANTEROS,40,1,207,207
1184,2025-12-31,Prov Repuestos,LA MOLINA,AMORTIGUADORES POSTERIORES,41,1,93,93
1185,2025-12-31,Prov Repuestos,LA MOLINA,"LLANTAS 18""",42,1,50,50
1186,2025-12-31,Prov Repuestos,LA MOLINA,BATERÍA DE 18 PLACAS,43,1,82,82
1187,2025-12-31,Prov Repuestos,SURCO,ACEITE DE MOTOR 5W30 FULL SINTÉTICO,38,1,87,87
1188,2025-12-31,Prov Repuestos,SURCO,AMORTIGUADORES DELANTEROS,40,1,207,207
1189,2025-12-31,Prov Repuestos,SURCO,AMORTIGUADORES POSTERIORES,41,1,93,93
1190,2025-12-31,Prov Repuestos,SURCO,"LLANTAS 18""",42,1,50,50
1191,2025-12-31,Prov Repuestos,SURCO,BATERÍA DE 18 PLACAS,43,1,82,82
1192,2025-12-31,Prov Vehículos,LA MOLINA,AUTO HONDA ACCORD 2014,1,1,16500,16500
1193,2025-12-31,Prov Vehículos,LA MOLINA,AUTO HONDA CITY 2016,7,1,16500,16500
1194,2026-01-01,Prov Repuestos,LA MOLINA,ACEITE DE MOTOR 5W30 FULL SINTÉTICO,38,1,87,87
1195,2026-01-01,Prov Repuestos,LA MOLINA,AMORTIGUADORES DELANTEROS,40,1,207,207
1196,2026-01-01,Prov Repuestos,LA MOLINA,AMORTIGUADORES POSTERIORES,41,1,93,93
1197,2026-01-01,Prov Repuestos,LA MOLINA,"LLANTAS 18""",42,1,50,50
1198,2026-01-01,Prov Repuestos,LA MOLINA,BATERÍA DE 18 PLACAS,43,1,82,82
1199,2025-12-31,Prov Vehículos,SURCO,AUTO HONDA ACCORD 2014,1,1,16500,16500
1200,2025-12-31,Prov Vehículos,SURCO,AUTO HONDA CIVIC 2014,2,1,18000,18000
1201,2025-12-31,Prov Vehículos,SURCO,AUTO HONDA ODISSEY 2013,3,1,15500,15500
1202,2025-12-31,Prov Vehículos,SURCO,AUTO HONDA CRV 2014,4,1,18000,18000
1203,2026-01-01,Prov Repuestos,SURCO,ACEITE DE MOTOR 5W30 FULL SINTÉTICO,38,1,87,87
1204,2026-01-01,Prov Repuestos,SURCO,AMORTIGUADORES DELANTEROS,40,1,207,207
1205,2026-01-01,Prov Repuestos,SURCO,AMORTIGUADORES POSTERIORES,41,1,93,93
1206,2026-01-01,Prov Repuestos,SURCO,"LLANTAS 18""",42,1,50,50
1207,2026-01-01,Prov Repuestos,SURCO,BATERÍA DE 18 PLACAS,43,1,82,82
1208,2025-12-31,Prov Vehículos,LA MOLINA,AUTO HONDA CITY 2016,7,1,16500,16500
1209,2026-01-02,Prov Repuestos,LA MOLINA,ACEITE DE MOTOR 5W30 FULL SINTÉTICO,38,1,87,87
1210,2026-01-02,Prov Repuestos,LA MOLINA,AMORTIGUADORES DELANTEROS,40,1,207,207
1211,2026-01-02,Prov Repuestos,LA MOLINA,AMORTIGUADORES POSTERIORES,41,1,93,93
1212,2026-01-02,Prov Repuestos,LA MOLINA,"LLANTAS 18""",42,1,50,50
1213,2026-01-02,Prov Repuestos,LA MOLINA,BATERÍA DE 18 PLACAS,43,1,82,82
1214,2026-01-02,Prov Repuestos,SURCO,ACEITE DE MOTOR 5W30 FULL SINTÉTICO,38,1,87,87
1215,2026-01-02,Prov Repuestos,SURCO,AMORTIGUADORES DELANTEROS,40,1,207,207
1216,2026-01-02,Prov Repuestos,SURCO,AMORTIGUADORES POSTERIORES,41,1,93,93
1217,2026-01-02,Prov Repuestos,SURCO,"LLANTAS 18""",42,1,50,50
1218,2026-01-02,Prov Repuestos,SURCO,BATERÍA DE 18 PLACAS,43,1,82,82
1219,2026-01-03,Prov Repuestos,LA MOLINA,ACEITE DE MOTOR 5W30 FULL SINTÉTICO,38,1,87,87
1220,2026-01-03,Prov Repuestos,LA MOLINA,AMORTIGUADORES DELANTEROS,40,1,207,207
1221,2026-01-03,Prov Repuestos,LA MOLINA,AMORTIGUADORES POSTERIORES,41,1,93,93
1222,2026-01-03,Prov Repuestos,LA MOLINA,"LLANTAS 18""",42,1,50,50
1223,2026-01-03,Prov Repuestos,LA MOLINA,BATERÍA DE 18 PLACAS,43,1,82,82
1224,2026-01-03,Prov Repuestos,SURCO,ACEITE DE MOTOR 5W30 FULL SINTÉTICO,38,1,87,87
1225,2026-01-03,Prov Repuestos,SURCO,AMORTIGUADORES DELANTEROS,40,1,207,207
1226,2026-01-03,Prov Repuestos,SURCO,AMORTIGUADORES POSTERIORES,41,1,93,93
1227,2026-01-03,Prov Repuestos,SURCO,"LLANTAS 18""",42,1,50,50
1228,2026-01-03,Prov Repuestos,SURCO,BATERÍA DE 18 PLACAS,43,1,82,82
1229,2026-01-04,Prov Repuestos,LA MOLINA,ACEITE DE MOTOR 5W30 FULL SINTÉTICO,38,1,87,87
1230,2026-01-04,Prov Repuestos,LA MOLINA,AMORTIGUADORES DELANTEROS,40,1,207,207
1231,2026-01-04,Prov Repuestos,LA MOLINA,AMORTIGUADORES POSTERIORES,41,1,93,93
1232,2026-01-04,Prov Repuestos,LA MOLINA,"LLANTAS 18""",42,1,50,50
1233,2026-01-04,Prov Repuestos,LA MOLINA,BATERÍA DE 18 PLACAS,43,1,82,82
1234,2026-01-04,Prov Repuestos,SURCO,ACEITE DE MOTOR 5W30 FULL SINTÉTICO,38,1,87,87
1235,2026-01-04,Prov Repuestos,SURCO,AMORTIGUADORES DELANTEROS,40,1,207,207
1236,2026-01-04,Prov Repuestos,SURCO,AMORTIGUADORES POSTERIORES,41,1,93,93
1237,2026-01-04,Prov Repuestos,SURCO,"LLANTAS 18""",42,1,50,50
1238,2026-01-04,Prov Repuestos,SURCO,BATERÍA DE 18 PLACAS,43,1,82,82
1239,2026-01-05,Prov Repuestos,LA MOLINA,ACEITE DE MOTOR 5W30 FULL SINTÉTICO,38,1,87,87
1240,2026-01-05,Prov Repuestos,LA MOLINA,AMORTIGUADORES DELANTEROS,40,1,207,207
1241,2026-01-05,Prov Repuestos,LA MOLINA,AMORTIGUADORES POSTERIORES,41,1,93,93
1242,2026-01-05,Prov Repuestos,LA MOLINA,"LLANTAS 18""",42,1,50,50
1243,2026-01-05,Prov Repuestos,LA MOLINA,BATERÍA DE 18 PLACAS,43,1,82,82
1244,2026-01-05,Prov Repuestos,SURCO,ACEITE DE MOTOR 5W30 FULL SINTÉTICO,38,1,87,87
1245,2026-01-05,Prov Repuestos,SURCO,AMORTIGUADORES DELANTEROS,40,1,207,207
1246,2026-01-05,Prov Repuestos,SURCO,AMORTIGUADORES POSTERIORES,41,1,93,93
1247,2026-01-05,Prov Repuestos,SURCO,"LLANTAS 18""",42,1,50,50
1248,2026-01-05,Prov Repuestos,SURCO,BATERÍA DE 18 PLACAS,43,1,82,82
1249,2026-01-06,Prov Repuestos,LA MOLINA,ACEITE DE MOTOR 5W30 FULL SINTÉTICO,38,1,87,87
1250,2026-01-06,Prov Repuestos,LA MOLINA,AMORTIGUADORES DELANTEROS,40,1,207,207
1251,2026-01-06,Prov Repuestos,LA MOLINA,AMORTIGUADORES POSTERIORES,41,1,93,93
1252,2026-01-06,Prov Repuestos,LA MOLINA,"LLANTAS 18""",42,1,50,50
1253,2026-01-06,Prov Repuestos,LA MOLINA,BATERÍA DE 18 PLACAS,43,1,82,82
1254,2026-01-06,Prov Repuestos,SURCO,ACEITE DE MOTOR 5W30 FULL SINTÉTICO,38,1,87,87
1255,2026-01-06,Prov Repuestos,SURCO,AMORTIGUADORES DELANTEROS,40,1,207,207
1256,2026-01-06,Prov Repuestos,SURCO,AMORTIGUADORES POSTERIORES,41,1,93,93
1257,2026-01-06,Prov Repuestos,SURCO,"LLANTAS 18""",42,1,50,50
1258,2026-01-06,Prov Repuestos,SURCO,BATERÍA DE 18 PLACAS,43,1,82,82
1259,2026-01-07,Prov Repuestos,LA MOLINA,ACEITE DE MOTOR 5W30 FULL SINTÉTICO,38,1,87,87
1260,2026-01-07,Prov Repuestos,LA MOLINA,AMORTIGUADORES DELANTEROS,40,1,207,207
1261,2026-01-07,Prov Repuestos,LA MOLINA,AMORTIGUADORES POSTERIORES,41,1,93,93
1262,2026-01-07,Prov Repuestos,LA MOLINA,"LLANTAS 18""",42,1,50,50
1263,2026-01-07,Prov Repuestos,LA MOLINA,BATERÍA DE 18 PLACAS,43,1,82,82
1264,2026-01-07,Prov Repuestos,SURCO,ACEITE DE MOTOR 5W30 FULL SINTÉTICO,38,1,87,87
1265,2026-01-07,Prov Repuestos,SURCO,AMORTIGUADORES DELANTEROS,40,1,207,207
1266,2026-01-07,Prov Repuestos,SURCO,AMORTIGUADORES POSTERIORES,41,1,93,93
1267,2026-01-07,Prov Repuestos,SURCO,"LLANTAS 18""",42,1,50,50
1268,2026-01-07,Prov Repuestos,SURCO,BATERÍA DE 18 PLACAS,43,1,82,82
1269,2026-01-08,Prov Repuestos,LA MOLINA,ACEITE DE MOTOR 5W30 FULL SINTÉTICO,38,1,87,87
1270,2026-01-08,Prov Repuestos,LA MOLINA,AMORTIGUADORES DELANTEROS,40,1,207,207
1271,2026-01-08,Prov Repuestos,LA MOLINA,AMORTIGUADORES POSTERIORES,41,1,93,93
1272,2026-01-08,Prov Repuestos,LA MOLINA,"LLANTAS 18""",42,1,50,50
1273,2026-01-08,Prov Repuestos,LA MOLINA,BATERÍA DE 18 PLACAS,43,1,82,82
1274,2026-01-08,Prov Repuestos,SURCO,ACEITE DE MOTOR 5W30 FULL SINTÉTICO,38,1,87,87
1275,2026-01-08,Prov Repuestos,SURCO,AMORTIGUADORES DELANTEROS,40,1,207,207
1276,2026-01-08,Prov Repuestos,SURCO,AMORTIGUADORES POSTERIORES,41,1,93,93
1277,2026-01-08,Prov Repuestos,SURCO,"LLANTAS 18""",42,1,50,50
1278,2026-01-09,Prov Repuestos,LA MOLINA,ACEITE DE MOTOR 5W30 FULL SINTÉTICO,38,1,87,87
1279,2026-01-09,Prov Repuestos,LA MOLINA,AMORTIGUADORES DELANTEROS,40,1,207,207
1280,2026-01-09,Prov Repuestos,LA MOLINA,AMORTIGUADORES POSTERIORES,41,1,93,93
1281,2026-01-09,Prov Repuestos,LA MOLINA,"LLANTAS 18""",42,1,50,50
1282,2026-01-09,Prov Repuestos,LA MOLINA,BATERÍA DE 18 PLACAS,43,1,82,82
1283,2026-01-09,Prov Repuestos,SURCO,ACEITE DE MOTOR 5W30 FULL SINTÉTICO,38,1,87,87
1284,2026-01-09,Prov Repuestos,SURCO,AMORTIGUADORES DELANTEROS,40,1,207,207
1285,2026-01-09,Prov Repuestos,SURCO,AMORTIGUADORES POSTERIORES,41,1,93,93
1286,2026-01-09,Prov Repuestos,SURCO,"LLANTAS 18""",42,1,50,50
1287,2026-01-10,Prov Repuestos,LA MOLINA,ACEITE DE MOTOR 5W30 FULL SINTÉTICO,38,1,87,87
1288,2026-01-10,Prov Repuestos,LA MOLINA,AMORTIGUADORES DELANTEROS,40,1,207,207
1289,2026-01-10,Prov Repuestos,LA MOLINA,AMORTIGUADORES POSTERIORES,41,1,93,93
1290,2026-01-10,Prov Repuestos,LA MOLINA,"LLANTAS 18""",42,1,50,50
1291,2026-01-10,Prov Repuestos,SURCO,ACEITE DE MOTOR 5W30 FULL SINTÉTICO,38,1,87,87
1292,2026-01-10,Prov Repuestos,SURCO,AMORTIGUADORES DELANTEROS,40,1,207,207
1293,2026-01-10,Prov Repuestos,SURCO,AMORTIGUADORES POSTERIORES,41,1,93,93
1294,2026-01-10,Prov Repuestos,SURCO,"LLANTAS 18""",42,1,50,50
1295,2026-01-11,Prov Repuestos,LA MOLINA,ACEITE DE MOTOR 5W30 FULL SINTÉTICO,38,1,87,87
1296,2026-01-11,Prov Repuestos,LA MOLINA,AMORTIGUADORES DELANTEROS,40,1,207,207
1297,2026-01-11,Prov Repuestos,LA MOLINA,AMORTIGUADORES POSTERIORES,41,1,93,93
1298,2026-01-11,Prov Repuestos,LA MOLINA,"LLANTAS 18""",42,1,50,50
1299,2026-01-11,Prov Repuestos,SURCO,ACEITE DE MOTOR 5W30 FULL SINTÉTICO,38,1,87,87
1300,2026-01-11,Prov Repuestos,SURCO,AMORTIGUADORES DELANTEROS,40,1,207,207
1301,2026-01-11,Prov Repuestos,SURCO,AMORTIGUADORES POSTERIORES,41,1,93,93
1302,2026-01-11,Prov Repuestos,SURCO,"LLANTAS 18""",42,1,50,50
1303,2026-01-12,Prov Repuestos,LA MOLINA,ACEITE DE MOTOR 5W30 FULL SINTÉTICO,38,1,87,87
1304,2026-01-12,Prov Repuestos,LA MOLINA,AMORTIGUADORES DELANTEROS,40,1,207,207
1305,2026-01-12,Prov Repuestos,LA MOLINA,AMORTIGUADORES POSTERIORES,41,1,93,93
1306,2026-01-12,Prov Repuestos,LA MOLINA,"LLANTAS 18""",42,1,50,50
1307,2026-01-12,Prov Repuestos,SURCO,ACEITE DE MOTOR 5W30 FULL SINTÉTICO,38,1,87,87
1308,2026-01-12,Prov Repuestos,SURCO,AMORTIGUADORES DELANTEROS,40,1,207,207
1309,2026-01-12,Prov Repuestos,SURCO,AMORTIGUADORES POSTERIORES,41,1,93,93
1310,2026-01-12,Prov Repuestos,SURCO,"LLANTAS 18""",42,1,50,50
1311,2026-01-13,Prov Repuestos,LA MOLINA,ACEITE DE MOTOR 5W30 FULL SINTÉTICO,38,1,87,87
1312,2026-01-13,Prov Repuestos,LA MOLINA,AMORTIGUADORES DELANTEROS,40,1,207,207
1313,2026-01-13,Prov Repuestos,LA MOLINA,AMORTIGUADORES POSTERIORES,41,1,93,93
1314,2026-01-13,Prov Repuestos,LA MOLINA,"LLANTAS 18""",42,1,50,50
1315,2026-01-13,Prov Repuestos,SURCO,ACEITE DE MOTOR 5W30 FULL SINTÉTICO,38,1,87,87
1316,2026-01-13,Prov Repuestos,SURCO,AMORTIGUADORES DELANTEROS,40,1,207,207
1317,2026-01-13,Prov Repuestos,SURCO,AMORTIGUADORES POSTERIORES,41,1,93,93
1318,2026-01-13,Prov Repuestos,SURCO,"LLANTAS 18""",42,1,50,50
1319,2026-01-14,Prov Repuestos,LA MOLINA,ACEITE DE MOTOR 5W30 FULL SINTÉTICO,38,1,87,87
1320,2026-01-14,Prov Repuestos,LA MOLINA,AMORTIGUADORES DELANTEROS,40,1,207,207
1321,2026-01-14,Prov Repuestos,LA MOLINA,AMORTIGUADORES POSTERIORES,41,1,93,93
1322,2026-01-14,Prov Repuestos,LA MOLINA,"LLANTAS 18""",42,1,50,50
1323,2026-01-14,Prov Repuestos,SURCO,ACEITE DE MOTOR 5W30 FULL SINTÉTICO,38,1,87,87
1324,2026-01-14,Prov Repuestos,SURCO,AMORTIGUADORES DELANTEROS,40,1,207,207
1325,2026-01-14,Prov Repuestos,SURCO,AMORTIGUADORES POSTERIORES,41,1,93,93
1326,2026-01-14,Prov Repuestos,SURCO,"LLANTAS 18""",42,1,50,50
1327,2026-01-15,Prov Repuestos,LA MOLINA,ACEITE DE MOTOR 5W30 FULL SINTÉTICO,38,1,87,87
1328,2026-01-15,Prov Repuestos,LA MOLINA,AMORTIGUADORES DELANTEROS,40,1,207,207
1329,2026-01-15,Prov Repuestos,LA MOLINA,AMORTIGUADORES POSTERIORES,41,1,93,93
1330,2026-01-15,Prov Repuestos,LA MOLINA,"LLANTAS 18""",42,1,50,50
1331,2026-01-15,Prov Repuestos,SURCO,ACEITE DE MOTOR 5W30 FULL SINTÉTICO,38,1,87,87
1332,2026-01-15,Prov Repuestos,SURCO,AMORTIGUADORES DELANTEROS,40,1,207,207
1333,2026-01-15,Prov Repuestos,SURCO,AMORTIGUADORES POSTERIORES,41,1,93,93
1334,2026-01-15,Prov Repuestos,SURCO,"LLANTAS 18""",42,1,50,50
1335,2026-01-16,Prov Repuestos,LA MOLINA,ACEITE DE MOTOR 5W30 FULL SINTÉTICO,38,1,87,87
1336,2026-01-16,Prov Repuestos,LA MOLINA,AMORTIGUADORES DELANTEROS,40,1,207,207
1337,2026-01-16,Prov Repuestos,LA MOLINA,AMORTIGUADORES POSTERIORES,41,1,93,93
1338,2026-01-16,Prov Repuestos,LA MOLINA,"LLANTAS 18""",42,1,50,50
1339,2026-01-16,Prov Repuestos,SURCO,ACEITE DE MOTOR 5W30 FULL SINTÉTICO,38,1,87,87
1340,2026-01-16,Prov Repuestos,SURCO,AMORTIGUADORES DELANTEROS,40,1,207,207
1341,2026-01-16,Prov Repuestos,SURCO,AMORTIGUADORES POSTERIORES,41,1,93,93
1342,2026-01-16,Prov Repuestos,SURCO,"LLANTAS 18""",42,1,50,50
1343,2026-01-17,Prov Repuestos,LA MOLINA,ACEITE DE MOTOR 5W30 FULL SINTÉTICO,38,1,87,87
1344,2026-01-17,Prov Repuestos,LA MOLINA,AMORTIGUADORES DELANTEROS,40,1,207,207
1345,2026-01-17,Prov Repuestos,LA MOLINA,AMORTIGUADORES POSTERIORES,41,1,93,93
1346,2026-01-17,Prov Repuestos,LA MOLINA,"LLANTAS 18""",42,1,50,50
1347,2026-01-17,Prov Repuestos,SURCO,ACEITE DE MOTOR 5W30 FULL SINTÉTICO,38,1,87,87
1348,2026-01-17,Prov Repuestos,SURCO,AMORTIGUADORES DELANTEROS,40,1,207,207
1349,2026-01-18,Prov Repuestos,LA MOLINA,ACEITE DE MOTOR 5W30 FULL SINTÉTICO,38,1,87,87
1350,2026-01-18,Prov Repuestos,LA MOLINA,AMORTIGUADORES DELANTEROS,40,1,207,207
1351,2026-01-18,Prov Repuestos,LA MOLINA,AMORTIGUADORES POSTERIORES,41,1,93,93
1352,2026-01-18,Prov Repuestos,SURCO,ACEITE DE MOTOR 5W30 FULL SINTÉTICO,38,1,87,87
1353,2026-01-18,Prov Repuestos,SURCO,AMORTIGUADORES DELANTEROS,40,1,207,207
1354,2026-01-19,Prov Repuestos,LA MOLINA,ACEITE DE MOTOR 5W30 FULL SINTÉTICO,38,1,87,87
1355,2026-01-19,Prov Repuestos,LA MOLINA,AMORTIGUADORES DELANTEROS,40,1,207,207
1356,2026-01-19,Prov Repuestos,LA MOLINA,AMORTIGUADORES POSTERIORES,41,1,93,93
1357,2026-01-19,Prov Repuestos,SURCO,ACEITE DE MOTOR 5W30 FULL SINTÉTICO,38,1,87,87
1358,2026-01-19,Prov Repuestos,SURCO,AMORTIGUADORES DELANTEROS,40,1,207,207
1359,2026-01-20,Prov Repuestos,LA MOLINA,ACEITE DE MOTOR 5W30 FULL SINTÉTICO,38,1,87,87
1360,2026-01-20,Prov Repuestos,LA MOLINA,AMORTIGUADORES DELANTEROS,40,1,207,207
1361,2026-01-20,Prov Repuestos,SURCO,ACEITE DE MOTOR 5W30 FULL SINTÉTICO,38,1,87,87
1362,2026-01-20,Prov Repuestos,SURCO,AMORTIGUADORES DELANTEROS,40,1,207,207
1363,2026-01-21,Prov Repuestos,LA MOLINA,ACEITE DE MOTOR 5W30 FULL SINTÉTICO,38,1,87,87
1364,2026-01-21,Prov Repuestos,LA MOLINA,AMORTIGUADORES DELANTEROS,40,1,207,207
1365,2026-01-21,Prov Repuestos,SURCO,ACEITE DE MOTOR 5W30 FULL SINTÉTICO,38,1,87,87
1366,2026-01-21,Prov Repuestos,SURCO,AMORTIGUADORES DELANTEROS,40,1,207,207
1367,2026-01-22,Prov Repuestos,LA MOLINA,AMORTIGUADORES DELANTEROS,40,1,207,207
1368,2026-01-22,Prov Repuestos,SURCO,ACEITE DE MOTOR 5W30 FULL SINTÉTICO,38,1,87,87
1369,2026-01-23,Prov Repuestos,LA MOLINA,AMORTIGUADORES DELANTEROS,40,1,207,207
1370,2026-01-24,Prov Repuestos,LA MOLINA,AMORTIGUADORES DELANTEROS,40,1,207,207
1371,2026-01-25,Prov Repuestos,LA MOLINA,AMORTIGUADORES DELANTEROS,40,1,207,207
1372,2026-01-26,Prov Repuestos,LA MOLINA,AMORTIGUADORES DELANTEROS,40,1,207,207
1373,2026-01-27,Prov Repuestos,LA MOLINA,AMORTIGUADORES DELANTEROS,40,1,207,207
1374,2026-01-28,Prov Repuestos,LA MOLINA,AMORTIGUADORES DELANTEROS,40,1,207,207
1375,2026-01-07,Prov Vehículos,LA MOLINA,AUTO HONDA ACCORD 2014,1,1,16500,16500
1376,2026-01-07,Prov Vehículos,LA MOLINA,AUTO HONDA PILOT 2013,5,1,17000,17000
1377,2026-01-07,Prov Vehículos,LA MOLINA,AUTO HONDA FIT 2016,6,1,15500,15500
1378,2026-01-07,Prov Vehículos,LA MOLINA,AUTO HONDA CITY 2016,7,1,16500,16500
1379,2026-01-07,Prov Vehículos,LA MOLINA,CAMIONETA HONDA ELEMENT 2013,8,1,22500,22500
1380,2026-01-07,Prov Vehículos,LA MOLINA,CAMIONETA HONDA CROSSTOUR 2013,9,1,22000,22000
1381,2026-01-07,Prov Vehículos,LA MOLINA,CAMIONETA HONDA CR-Z 2015,10,1,24000,24000
1382,2026-01-07,Prov Vehículos,LA MOLINA,CAMIONETA HONDA RID LINE PICK UP 2014,11,1,24500,24500
1383,2026-01-30,Prov Repuestos,LA MOLINA,ACEITE DE MOTOR 5W30 FULL SINTÉTICO,38,1,87,87
1384,2026-01-30,Prov Repuestos,LA MOLINA,AMORTIGUADORES DELANTEROS,40,1,207,207
1385,2026-01-30,Prov Repuestos,LA MOLINA,AMORTIGUADORES POSTERIORES,41,1,93,93
1386,2026-01-30,Prov Repuestos,LA MOLINA,"LLANTAS 18""",42,1,50,50
1387,2026-01-30,Prov Repuestos,LA MOLINA,BATERÍA DE 18 PLACAS,43,1,82,82
1388,2026-01-07,Prov Vehículos,SURCO,AUTO HONDA ACCORD 2014,1,1,16500,16500
1389,2026-01-07,Prov Vehículos,SURCO,AUTO HONDA CIVIC 2014,2,1,18000,18000
1390,2026-01-07,Prov Vehículos,SURCO,AUTO HONDA ODISSEY 2013,3,1,15500,15500
1391,2026-01-07,Prov Vehículos,SURCO,AUTO HONDA CRV 2014,4,1,18000,18000
1392,2026-01-07,Prov Vehículos,SURCO,AUTO HONDA CITY 2016,7,1,16500,16500
1393,2026-01-07,Prov Vehículos,SURCO,CAMIONETA HONDA ELEMENT 2013,8,1,22500,22500
1394,2026-01-07,Prov Vehículos,SURCO,CAMIONETA HONDA CROSSTOUR 2013,9,1,22000,22000
1395,2026-01-07,Prov Vehículos,SURCO,CAMIONETA HONDA CR-Z 2015,10,1,24000,24000
1396,2026-01-07,Prov Vehículos,SURCO,CAMIONETA HONDA RID LINE PICK UP 2014,11,1,24500,24500
1397,2026-01-30,Prov Repuestos,SURCO,ACEITE DE MOTOR 5W30 FULL SINTÉTICO,38,1,87,87
1398,2026-01-30,Prov Repuestos,SURCO,AMORTIGUADORES DELANTEROS,40,1,207,207
1399,2026-01-30,Prov Repuestos,SURCO,AMORTIGUADORES POSTERIORES,41,1,93,93
1400,2026-01-30,Prov Repuestos,SURCO,"LLANTAS 18""",42,1,50,50
1401,2026-01-30,Prov Repuestos,SURCO,BATERÍA DE 18 PLACAS,43,1,82,82
1402,2026-01-08,Prov Vehículos,LA MOLINA,AUTO HONDA ACCORD 2014,1,1,16500,16500
1403,2026-01-08,Prov Vehículos,LA MOLINA,AUTO HONDA CIVIC 2014,2,1,18000,18000
1404,2026-01-08,Prov Vehículos,LA MOLINA,AUTO HONDA ODISSEY 2013,3,1,15500,15500
1405,2026-01-08,Prov Vehículos,LA MOLINA,AUTO HONDA CRV 2014,4,1,18000,18000
1406,2026-01-08,Prov Vehículos,LA MOLINA,AUTO HONDA PILOT 2013,5,1,17000,17000
1407,2026-01-08,Prov Vehículos,LA MOLINA,AUTO HONDA FIT 2016,6,1,15500,15500
1408,2026-01-08,Prov Vehículos,LA MOLINA,AUTO HONDA CITY 2016,7,1,16500,16500
1409,2026-01-08,Prov Vehículos,LA MOLINA,CAMIONETA HONDA ELEMENT 2013,8,1,22500,22500
1410,2026-01-31,Prov Repuestos,LA MOLINA,ACEITE DE MOTOR 5W30 FULL SINTÉTICO,38,1,87,87
1411,2026-01-31,Prov Repuestos,LA MOLINA,AMORTIGUADORES DELANTEROS,40,1,207,207
1412,2026-01-31,Prov Repuestos,LA MOLINA,AMORTIGUADORES POSTERIORES,41,1,93,93
1413,2026-01-31,Prov Repuestos,LA MOLINA,"LLANTAS 18""",42,1,50,50
1414,2026-01-31,Prov Repuestos,LA MOLINA,BATERÍA DE 18 PLACAS,43,1,82,82
1415,2026-01-08,Prov Vehículos,SURCO,AUTO HONDA ACCORD 2014,1,1,16500,16500
1416,2026-01-08,Prov Vehículos,SURCO,AUTO HONDA CIVIC 2014,2,1,18000,18000
1417,2026-01-08,Prov Vehículos,SURCO,AUTO HONDA ODISSEY 2013,3,1,15500,15500
1418,2026-01-08,Prov Vehículos,SURCO,AUTO HONDA CRV 2014,4,1,18000,18000
1419,2026-01-31,Prov Repuestos,SURCO,ACEITE DE MOTOR 5W30 FULL SINTÉTICO,38,1,87,87
1420,2026-01-31,Prov Repuestos,SURCO,AMORTIGUADORES DELANTEROS,40,1,207,207
1421,2026-01-31,Prov Repuestos,SURCO,AMORTIGUADORES POSTERIORES,41,1,93,93
1422,2026-01-31,Prov Repuestos,SURCO,"LLANTAS 18""",42,1,50,50
1423,2026-01-31,Prov Repuestos,SURCO,BATERÍA DE 18 PLACAS,43,1,82,82
1424,2026-01-09,Prov Vehículos,LA MOLINA,AUTO HONDA ACCORD 2014,1,1,16500,16500
1425,2026-01-09,Prov Vehículos,LA MOLINA,AUTO HONDA CITY 2016,7,1,16500,16500
1426,2026-02-01,Prov Repuestos,LA MOLINA,ACEITE DE MOTOR 5W30 FULL SINTÉTICO,38,1,87,87
1427,2026-02-01,Prov Repuestos,LA MOLINA,AMORTIGUADORES DELANTEROS,40,1,207,207
1428,2026-02-01,Prov Repuestos,LA MOLINA,AMORTIGUADORES POSTERIORES,41,1,93,93
1429,2026-02-01,Prov Repuestos,LA MOLINA,"LLANTAS 18""",42,1,50,50
1430,2026-02-01,Prov Repuestos,LA MOLINA,BATERÍA DE 18 PLACAS,43,1,82,82
1431,2026-01-09,Prov Vehículos,SURCO,AUTO HONDA ACCORD 2014,1,1,16500,16500
1432,2026-01-09,Prov Vehículos,SURCO,AUTO HONDA CIVIC 2014,2,1,18000,18000
1433,2026-01-09,Prov Vehículos,SURCO,AUTO HONDA ODISSEY 2013,3,1,15500,15500
1434,2026-01-09,Prov Vehículos,SURCO,AUTO HONDA CRV 2014,4,1,18000,18000
1435,2026-02-01,Prov Repuestos,SURCO,ACEITE DE MOTOR 5W30 FULL SINTÉTICO,38,1,87,87
1436,2026-02-01,Prov Repuestos,SURCO,AMORTIGUADORES DELANTEROS,40,1,207,207
1437,2026-02-01,Prov Repuestos,SURCO,AMORTIGUADORES POSTERIORES,41,1,93,93
1438,2026-02-01,Prov Repuestos,SURCO,"LLANTAS 18""",42,1,50,50
1439,2026-02-01,Prov Repuestos,SURCO,BATERÍA DE 18 PLACAS,43,1,82,82
1440,2026-01-10,Prov Vehículos,LA MOLINA,AUTO HONDA CITY 2016,7,1,16500,16500
1441,2026-02-02,Prov Repuestos,LA MOLINA,ACEITE DE MOTOR 5W30 FULL SINTÉTICO,38,1,87,87
1442,2026-02-02,Prov Repuestos,LA MOLINA,AMORTIGUADORES DELANTEROS,40,1,207,207
1443,2026-02-02,Prov Repuestos,LA MOLINA,AMORTIGUADORES POSTERIORES,41,1,93,93
1444,2026-02-02,Prov Repuestos,LA MOLINA,"LLANTAS 18""",42,1,50,50
1445,2026-02-02,Prov Repuestos,LA MOLINA,BATERÍA DE 18 PLACAS,43,1,82,82
1446,2026-02-02,Prov Repuestos,SURCO,ACEITE DE MOTOR 5W30 FULL SINTÉTICO,38,1,87,87
1447,2026-02-02,Prov Repuestos,SURCO,AMORTIGUADORES DELANTEROS,40,1,207,207
1448,2026-02-02,Prov Repuestos,SURCO,AMORTIGUADORES POSTERIORES,41,1,93,93
1449,2026-02-02,Prov Repuestos,SURCO,"LLANTAS 18""",42,1,50,50
1450,2026-02-02,Prov Repuestos,SURCO,BATERÍA DE 18 PLACAS,43,1,82,82
1451,2026-02-03,Prov Repuestos,LA MOLINA,ACEITE DE MOTOR 5W30 FULL SINTÉTICO,38,1,87,87
1452,2026-02-03,Prov Repuestos,LA MOLINA,AMORTIGUADORES DELANTEROS,40,1,207,207
1453,2026-02-03,Prov Repuestos,LA MOLINA,AMORTIGUADORES POSTERIORES,41,1,93,93
1454,2026-02-03,Prov Repuestos,LA MOLINA,"LLANTAS 18""",42,1,50,50
1455,2026-02-03,Prov Repuestos,LA MOLINA,BATERÍA DE 18 PLACAS,43,1,82,82
1456,2026-02-03,Prov Repuestos,SURCO,ACEITE DE MOTOR 5W30 FULL SINTÉTICO,38,1,87,87
1457,2026-02-03,Prov Repuestos,SURCO,AMORTIGUADORES DELANTEROS,40,1,207,207
1458,2026-02-03,Prov Repuestos,SURCO,AMORTIGUADORES POSTERIORES,41,1,93,93
1459,2026-02-03,Prov Repuestos,SURCO,"LLANTAS 18""",42,1,50,50
1460,2026-02-03,Prov Repuestos,SURCO,BATERÍA DE 18 PLACAS,43,1,82,82
1461,2026-02-04,Prov Repuestos,LA MOLINA,ACEITE DE MOTOR 5W30 FULL SINTÉTICO,38,1,87,87
1462,2026-02-04,Prov Repuestos,LA MOLINA,AMORTIGUADORES DELANTEROS,40,1,207,207
1463,2026-02-04,Prov Repuestos,LA MOLINA,AMORTIGUADORES POSTERIORES,41,1,93,93
1464,2026-02-04,Prov Repuestos,LA MOLINA,"LLANTAS 18""",42,1,50,50
1465,2026-02-04,Prov Repuestos,LA MOLINA,BATERÍA DE 18 PLACAS,43,1,82,82
1466,2026-02-04,Prov Repuestos,SURCO,ACEITE DE MOTOR 5W30 FULL SINTÉTICO,38,1,87,87
1467,2026-02-04,Prov Repuestos,SURCO,AMORTIGUADORES DELANTEROS,40,1,207,207
1468,2026-02-04,Prov Repuestos,SURCO,AMORTIGUADORES POSTERIORES,41,1,93,93
1469,2026-02-04,Prov Repuestos,SURCO,"LLANTAS 18""",42,1,50,50
1470,2026-02-04,Prov Repuestos,SURCO,BATERÍA DE 18 PLACAS,43,1,82,82
1471,2026-02-05,Prov Repuestos,LA MOLINA,ACEITE DE MOTOR 5W30 FULL SINTÉTICO,38,1,87,87
1472,2026-02-05,Prov Repuestos,LA MOLINA,AMORTIGUADORES DELANTEROS,40,1,207,207
1473,2026-02-05,Prov Repuestos,LA MOLINA,AMORTIGUADORES POSTERIORES,41,1,93,93
1474,2026-02-05,Prov Repuestos,LA MOLINA,"LLANTAS 18""",42,1,50,50
1475,2026-02-05,Prov Repuestos,LA MOLINA,BATERÍA DE 18 PLACAS,43,1,82,82
1476,2026-02-05,Prov Repuestos,SURCO,ACEITE DE MOTOR 5W30 FULL SINTÉTICO,38,1,87,87
1477,2026-02-05,Prov Repuestos,SURCO,AMORTIGUADORES DELANTEROS,40,1,207,207
1478,2026-02-05,Prov Repuestos,SURCO,AMORTIGUADORES POSTERIORES,41,1,93,93
1479,2026-02-05,Prov Repuestos,SURCO,"LLANTAS 18""",42,1,50,50
1480,2026-02-05,Prov Repuestos,SURCO,BATERÍA DE 18 PLACAS,43,1,82,82
1481,2026-02-06,Prov Repuestos,LA MOLINA,ACEITE DE MOTOR 5W30 FULL SINTÉTICO,38,1,87,87
1482,2026-02-06,Prov Repuestos,LA MOLINA,AMORTIGUADORES DELANTEROS,40,1,207,207
1483,2026-02-06,Prov Repuestos,LA MOLINA,AMORTIGUADORES POSTERIORES,41,1,93,93
1484,2026-02-06,Prov Repuestos,LA MOLINA,"LLANTAS 18""",42,1,50,50
1485,2026-02-06,Prov Repuestos,LA MOLINA,BATERÍA DE 18 PLACAS,43,1,82,82
1486,2026-02-06,Prov Repuestos,SURCO,ACEITE DE MOTOR 5W30 FULL SINTÉTICO,38,1,87,87
1487,2026-02-06,Prov Repuestos,SURCO,AMORTIGUADORES DELANTEROS,40,1,207,207
1488,2026-02-06,Prov Repuestos,SURCO,AMORTIGUADORES POSTERIORES,41,1,93,93
1489,2026-02-06,Prov Repuestos,SURCO,"LLANTAS 18""",42,1,50,50
1490,2026-02-06,Prov Repuestos,SURCO,BATERÍA DE 18 PLACAS,43,1,82,82
1491,2026-02-07,Prov Repuestos,LA MOLINA,ACEITE DE MOTOR 5W30 FULL SINTÉTICO,38,1,87,87
1492,2026-02-07,Prov Repuestos,LA MOLINA,AMORTIGUADORES DELANTEROS,40,1,207,207
1493,2026-02-07,Prov Repuestos,LA MOLINA,AMORTIGUADORES POSTERIORES,41,1,93,93
1494,2026-02-07,Prov Repuestos,LA MOLINA,"LLANTAS 18""",42,1,50,50
1495,2026-02-07,Prov Repuestos,LA MOLINA,BATERÍA DE 18 PLACAS,43,1,82,82
1496,2026-02-07,Prov Repuestos,SURCO,ACEITE DE MOTOR 5W30 FULL SINTÉTICO,38,1,87,87
1497,2026-02-07,Prov Repuestos,SURCO,AMORTIGUADORES DELANTEROS,40,1,207,207
1498,2026-02-07,Prov Repuestos,SURCO,AMORTIGUADORES POSTERIORES,41,1,93,93
1499,2026-02-07,Prov Repuestos,SURCO,"LLANTAS 18""",42,1,50,50
1500,2026-02-07,Prov Repuestos,SURCO,BATERÍA DE 18 PLACAS,43,1,82,82
1501,2026-02-08,Prov Repuestos,LA MOLINA,ACEITE DE MOTOR 5W30 FULL SINTÉTICO,38,1,87,87
1502,2026-02-08,Prov Repuestos,LA MOLINA,AMORTIGUADORES DELANTEROS,40,1,207,207
1503,2026-02-08,Prov Repuestos,LA MOLINA,AMORTIGUADORES POSTERIORES,41,1,93,93
1504,2026-02-08,Prov Repuestos,LA MOLINA,"LLANTAS 18""",42,1,50,50
1505,2026-02-08,Prov Repuestos,LA MOLINA,BATERÍA DE 18 PLACAS,43,1,82,82
1506,2026-02-08,Prov Repuestos,SURCO,ACEITE DE MOTOR 5W30 FULL SINTÉTICO,38,1,87,87
1507,2026-02-08,Prov Repuestos,SURCO,AMORTIGUADORES DELANTEROS,40,1,207,207
1508,2026-02-08,Prov Repuestos,SURCO,AMORTIGUADORES POSTERIORES,41,1,93,93
1509,2026-02-08,Prov Repuestos,SURCO,"LLANTAS 18""",42,1,50,50
1510,2026-02-09,Prov Repuestos,LA MOLINA,ACEITE DE MOTOR 5W30 FULL SINTÉTICO,38,1,87,87
1511,2026-02-09,Prov Repuestos,LA MOLINA,AMORTIGUADORES DELANTEROS,40,1,207,207
1512,2026-02-09,Prov Repuestos,LA MOLINA,AMORTIGUADORES POSTERIORES,41,1,93,93
1513,2026-02-09,Prov Repuestos,LA MOLINA,"LLANTAS 18""",42,1,50,50
1514,2026-02-09,Prov Repuestos,LA MOLINA,BATERÍA DE 18 PLACAS,43,1,82,82
1515,2026-02-09,Prov Repuestos,SURCO,ACEITE DE MOTOR 5W30 FULL SINTÉTICO,38,1,87,87
1516,2026-02-09,Prov Repuestos,SURCO,AMORTIGUADORES DELANTEROS,40,1,207,207
1517,2026-02-09,Prov Repuestos,SURCO,AMORTIGUADORES POSTERIORES,41,1,93,93
1518,2026-02-09,Prov Repuestos,SURCO,"LLANTAS 18""",42,1,50,50
1519,2026-02-10,Prov Repuestos,LA MOLINA,ACEITE DE MOTOR 5W30 FULL SINTÉTICO,38,1,87,87
1520,2026-02-10,Prov Repuestos,LA MOLINA,AMORTIGUADORES DELANTEROS,40,1,207,207
1521,2026-02-10,Prov Repuestos,LA MOLINA,AMORTIGUADORES POSTERIORES,41,1,93,93
1522,2026-02-10,Prov Repuestos,LA MOLINA,"LLANTAS 18""",42,1,50,50
1523,2026-02-10,Prov Repuestos,SURCO,ACEITE DE MOTOR 5W30 FULL SINTÉTICO,38,1,87,87
1524,2026-02-10,Prov Repuestos,SURCO,AMORTIGUADORES DELANTEROS,40,1,207,207
1525,2026-02-10,Prov Repuestos,SURCO,AMORTIGUADORES POSTERIORES,41,1,93,93
1526,2026-02-10,Prov Repuestos,SURCO,"LLANTAS 18""",42,1,50,50
1527,2026-02-11,Prov Repuestos,LA MOLINA,ACEITE DE MOTOR 5W30 FULL SINTÉTICO,38,1,87,87
1528,2026-02-11,Prov Repuestos,LA MOLINA,AMORTIGUADORES DELANTEROS,40,1,207,207
1529,2026-02-11,Prov Repuestos,LA MOLINA,AMORTIGUADORES POSTERIORES,41,1,93,93
1530,2026-02-11,Prov Repuestos,LA MOLINA,"LLANTAS 18""",42,1,50,50
1531,2026-02-11,Prov Repuestos,SURCO,ACEITE DE MOTOR 5W30 FULL SINTÉTICO,38,1,87,87
1532,2026-02-11,Prov Repuestos,SURCO,AMORTIGUADORES DELANTEROS,40,1,207,207
1533,2026-02-11,Prov Repuestos,SURCO,AMORTIGUADORES POSTERIORES,41,1,93,93
1534,2026-02-11,Prov Repuestos,SURCO,"LLANTAS 18""",42,1,50,50
1535,2026-02-12,Prov Repuestos,LA MOLINA,ACEITE DE MOTOR 5W30 FULL SINTÉTICO,38,1,87,87
1536,2026-02-12,Prov Repuestos,LA MOLINA,AMORTIGUADORES DELANTEROS,40,1,207,207
1537,2026-02-12,Prov Repuestos,LA MOLINA,AMORTIGUADORES POSTERIORES,41,1,93,93
1538,2026-02-12,Prov Repuestos,LA MOLINA,"LLANTAS 18""",42,1,50,50
1539,2026-02-12,Prov Repuestos,SURCO,ACEITE DE MOTOR 5W30 FULL SINTÉTICO,38,1,87,87
1540,2026-02-12,Prov Repuestos,SURCO,AMORTIGUADORES DELANTEROS,40,1,207,207
1541,2026-02-12,Prov Repuestos,SURCO,AMORTIGUADORES POSTERIORES,41,1,93,93
1542,2026-02-12,Prov Repuestos,SURCO,"LLANTAS 18""",42,1,50,50
1543,2026-02-13,Prov Repuestos,LA MOLINA,ACEITE DE MOTOR 5W30 FULL SINTÉTICO,38,1,87,87
1544,2026-02-13,Prov Repuestos,LA MOLINA,AMORTIGUADORES DELANTEROS,40,1,207,207
1545,2026-02-13,Prov Repuestos,LA MOLINA,AMORTIGUADORES POSTERIORES,41,1,93,93
1546,2026-02-13,Prov Repuestos,LA MOLINA,"LLANTAS 18""",42,1,50,50
1547,2026-02-13,Prov Repuestos,SURCO,ACEITE DE MOTOR 5W30 FULL SINTÉTICO,38,1,87,87
1548,2026-02-13,Prov Repuestos,SURCO,AMORTIGUADORES DELANTEROS,40,1,207,207
1549,2026-02-13,Prov Repuestos,SURCO,AMORTIGUADORES POSTERIORES,41,1,93,93
1550,2026-02-13,Prov Repuestos,SURCO,"LLANTAS 18""",42,1,50,50
1551,2026-02-14,Prov Repuestos,LA MOLINA,ACEITE DE MOTOR 5W30 FULL SINTÉTICO,38,1,87,87
1552,2026-02-14,Prov Repuestos,LA MOLINA,AMORTIGUADORES DELANTEROS,40,1,207,207
1553,2026-02-14,Prov Repuestos,LA MOLINA,AMORTIGUADORES POSTERIORES,41,1,93,93
1554,2026-02-14,Prov Repuestos,LA MOLINA,"LLANTAS 18""",42,1,50,50
1555,2026-02-14,Prov Repuestos,SURCO,ACEITE DE MOTOR 5W30 FULL SINTÉTICO,38,1,87,87
1556,2026-02-14,Prov Repuestos,SURCO,AMORTIGUADORES DELANTEROS,40,1,207,207
1557,2026-02-14,Prov Repuestos,SURCO,AMORTIGUADORES POSTERIORES,41,1,93,93
1558,2026-02-14,Prov Repuestos,SURCO,"LLANTAS 18""",42,1,50,50
1559,2026-02-15,Prov Repuestos,LA MOLINA,ACEITE DE MOTOR 5W30 FULL SINTÉTICO,38,1,87,87
1560,2026-02-15,Prov Repuestos,LA MOLINA,AMORTIGUADORES DELANTEROS,40,1,207,207
1561,2026-02-15,Prov Repuestos,LA MOLINA,AMORTIGUADORES POSTERIORES,41,1,93,93
1562,2026-02-15,Prov Repuestos,LA MOLINA,"LLANTAS 18""",42,1,50,50
1563,2026-02-15,Prov Repuestos,SURCO,ACEITE DE MOTOR 5W30 FULL SINTÉTICO,38,1,87,87
1564,2026-02-15,Prov Repuestos,SURCO,AMORTIGUADORES DELANTEROS,40,1,207,207
1565,2026-02-15,Prov Repuestos,SURCO,AMORTIGUADORES POSTERIORES,41,1,93,93
1566,2026-02-15,Prov Repuestos,SURCO,"LLANTAS 18""",42,1,50,50
1567,2026-02-16,Prov Repuestos,LA MOLINA,ACEITE DE MOTOR 5W30 FULL SINTÉTICO,38,1,87,87
1568,2026-02-16,Prov Repuestos,LA MOLINA,AMORTIGUADORES DELANTEROS,40,1,207,207
1569,2026-02-16,Prov Repuestos,LA MOLINA,AMORTIGUADORES POSTERIORES,41,1,93,93
1570,2026-02-16,Prov Repuestos,LA MOLINA,"LLANTAS 18""",42,1,50,50
1571,2026-02-16,Prov Repuestos,SURCO,ACEITE DE MOTOR 5W30 FULL SINTÉTICO,38,1,87,87
1572,2026-02-16,Prov Repuestos,SURCO,AMORTIGUADORES DELANTEROS,40,1,207,207
1573,2026-02-16,Prov Repuestos,SURCO,AMORTIGUADORES POSTERIORES,41,1,93,93
1574,2026-02-16,Prov Repuestos,SURCO,"LLANTAS 18""",42,1,50,50
1575,2026-02-17,Prov Repuestos,LA MOLINA,ACEITE DE MOTOR 5W30 FULL SINTÉTICO,38,1,87,87
1576,2026-02-17,Prov Repuestos,LA MOLINA,AMORTIGUADORES DELANTEROS,40,1,207,207
1577,2026-02-17,Prov Repuestos,LA MOLINA,AMORTIGUADORES POSTERIORES,41,1,93,93
1578,2026-02-17,Prov Repuestos,LA MOLINA,"LLANTAS 18""",42,1,50,50
1579,2026-02-17,Prov Repuestos,SURCO,ACEITE DE MOTOR 5W30 FULL SINTÉTICO,38,1,87,87
1580,2026-02-17,Prov Repuestos,SURCO,AMORTIGUADORES DELANTEROS,40,1,207,207
1581,2026-02-18,Prov Repuestos,LA MOLINA,ACEITE DE MOTOR 5W30 FULL SINTÉTICO,38,1,87,87
1582,2026-02-18,Prov Repuestos,LA MOLINA,AMORTIGUADORES DELANTEROS,40,1,207,207
1583,2026-02-18,Prov Repuestos,LA MOLINA,AMORTIGUADORES POSTERIORES,41,1,93,93
1584,2026-02-18,Prov Repuestos,SURCO,ACEITE DE MOTOR 5W30 FULL SINTÉTICO,38,1,87,87
1585,2026-02-18,Prov Repuestos,SURCO,AMORTIGUADORES DELANTEROS,40,1,207,207
1586,2026-02-19,Prov Repuestos,LA MOLINA,AMORTIGUADORES DELANTEROS,40,1,207,207
1587,2026-02-19,Prov Repuestos,LA MOLINA,AMORTIGUADORES POSTERIORES,41,1,93,93
1588,2026-02-19,Prov Repuestos,SURCO,AMORTIGUADORES DELANTEROS,40,1,207,207
1589,2026-02-20,Prov Repuestos,LA MOLINA,AMORTIGUADORES DELANTEROS,40,1,207,207
1590,2026-02-20,Prov Repuestos,SURCO,AMORTIGUADORES DELANTEROS,40,1,207,207
1591,2026-02-21,Prov Repuestos,LA MOLINA,AMORTIGUADORES DELANTEROS,40,1,207,207
1592,2026-02-21,Prov Repuestos,SURCO,AMORTIGUADORES DELANTEROS,40,1,207,207
1593,2026-02-22,Prov Repuestos,LA MOLINA,AMORTIGUADORES DELANTEROS,40,1,207,207
1594,2026-02-23,Prov Repuestos,LA MOLINA,AMORTIGUADORES DELANTEROS,40,1,207,207
1595,2026-02-24,Prov Repuestos,LA MOLINA,AMORTIGUADORES DELANTEROS,40,1,207,207
1596,2026-02-25,Prov Repuestos,LA MOLINA,AMORTIGUADORES DELANTEROS,40,1,207,207
1597,2026-02-26,Prov Repuestos,LA MOLINA,AMORTIGUADORES DELANTEROS,40,3,207,621
1598,2026-02-04,Prov Vehículos,LA MOLINA,AUTO HONDA ACCORD 2014,1,1,16500,16500
1599,2026-02-04,Prov Vehículos,LA MOLINA,AUTO HONDA CIVIC 2014,2,1,18000,18000
1600,2026-02-04,Prov Vehículos,LA MOLINA,AUTO HONDA ODISSEY 2013,3,1,15500,15500
1601,2026-02-04,Prov Vehículos,LA MOLINA,AUTO HONDA CRV 2014,4,1,18000,18000
1602,2026-02-04,Prov Vehículos,LA MOLINA,AUTO HONDA PILOT 2013,5,1,17000,17000
1603,2026-02-04,Prov Vehículos,LA MOLINA,AUTO HONDA FIT 2016,6,1,15500,15500
1604,2026-02-04,Prov Vehículos,LA MOLINA,AUTO HONDA CITY 2016,7,1,16500,16500
1605,2026-02-04,Prov Vehículos,LA MOLINA,CAMIONETA HONDA ELEMENT 2013,8,1,22500,22500
1606,2026-02-04,Prov Vehículos,LA MOLINA,CAMIONETA HONDA CROSSTOUR 2013,9,1,22000,22000
1607,2026-02-04,Prov Vehículos,LA MOLINA,CAMIONETA HONDA CR-Z 2015,10,1,24000,24000
1608,2026-02-04,Prov Vehículos,LA MOLINA,CAMIONETA HONDA RID LINE PICK UP 2014,11,1,24500,24500
1609,2026-02-27,Prov Repuestos,LA MOLINA,ACEITE DE MOTOR 5W30 FULL SINTÉTICO,38,1,87,87
1610,2026-02-27,Prov Repuestos,LA MOLINA,AMORTIGUADORES DELANTEROS,40,1,207,207
1611,2026-02-27,Prov Repuestos,LA MOLINA,AMORTIGUADORES POSTERIORES,41,1,93,93
1612,2026-02-27,Prov Repuestos,LA MOLINA,"LLANTAS 18""",42,1,50,50
1613,2026-02-27,Prov Repuestos,LA MOLINA,BATERÍA DE 18 PLACAS,43,1,82,82
1614,2026-02-04,Prov Vehículos,SURCO,AUTO HONDA ACCORD 2014,1,1,16500,16500
1615,2026-02-04,Prov Vehículos,SURCO,AUTO HONDA CIVIC 2014,2,1,18000,18000
1616,2026-02-04,Prov Vehículos,SURCO,AUTO HONDA ODISSEY 2013,3,1,15500,15500
1617,2026-02-04,Prov Vehículos,SURCO,AUTO HONDA CRV 2014,4,1,18000,18000
1618,2026-02-04,Prov Vehículos,SURCO,AUTO HONDA FIT 2016,6,1,15500,15500
1619,2026-02-04,Prov Vehículos,SURCO,AUTO HONDA CITY 2016,7,1,16500,16500
1620,2026-02-04,Prov Vehículos,SURCO,CAMIONETA HONDA ELEMENT 2013,8,1,22500,22500
1621,2026-02-04,Prov Vehículos,SURCO,CAMIONETA HONDA CROSSTOUR 2013,9,1,22000,22000
1622,2026-02-04,Prov Vehículos,SURCO,CAMIONETA HONDA CR-Z 2015,10,1,24000,24000
1623,2026-02-04,Prov Vehículos,SURCO,CAMIONETA HONDA RID LINE PICK UP 2014,11,1,24500,24500
1624,2026-02-27,Prov Repuestos,SURCO,ACEITE DE MOTOR 5W30 FULL SINTÉTICO,38,1,87,87
1625,2026-02-27,Prov Repuestos,SURCO,AMORTIGUADORES DELANTEROS,40,1,207,207
1626,2026-02-27,Prov Repuestos,SURCO,AMORTIGUADORES POSTERIORES,41,1,93,93
1627,2026-02-27,Prov Repuestos,SURCO,"LLANTAS 18""",42,1,50,50
1628,2026-02-27,Prov Repuestos,SURCO,BATERÍA DE 18 PLACAS,43,1,82,82
1629,2026-02-05,Prov Vehículos,LA MOLINA,AUTO HONDA ACCORD 2014,1,1,16500,16500
1630,2026-02-05,Prov Vehículos,LA MOLINA,AUTO HONDA CIVIC 2014,2,1,18000,18000
1631,2026-02-05,Prov Vehículos,LA MOLINA,AUTO HONDA ODISSEY 2013,3,1,15500,15500
1632,2026-02-05,Prov Vehículos,LA MOLINA,AUTO HONDA CRV 2014,4,1,18000,18000
1633,2026-02-05,Prov Vehículos,LA MOLINA,AUTO HONDA PILOT 2013,5,1,17000,17000
1634,2026-02-05,Prov Vehículos,LA MOLINA,AUTO HONDA FIT 2016,6,1,15500,15500
1635,2026-02-05,Prov Vehículos,LA MOLINA,AUTO HONDA CITY 2016,7,1,16500,16500
1636,2026-02-05,Prov Vehículos,LA MOLINA,CAMIONETA HONDA ELEMENT 2013,8,1,22500,22500
1637,2026-02-28,Prov Repuestos,LA MOLINA,ACEITE DE MOTOR 5W30 FULL SINTÉTICO,38,1,87,87
1638,2026-02-28,Prov Repuestos,LA MOLINA,AMORTIGUADORES DELANTEROS,40,1,207,207
1639,2026-02-28,Prov Repuestos,LA MOLINA,AMORTIGUADORES POSTERIORES,41,1,93,93
1640,2026-02-28,Prov Repuestos,LA MOLINA,"LLANTAS 18""",42,1,50,50
1641,2026-02-28,Prov Repuestos,LA MOLINA,BATERÍA DE 18 PLACAS,43,1,82,82
1642,2026-02-05,Prov Vehículos,SURCO,AUTO HONDA ACCORD 2014,1,1,16500,16500
1643,2026-02-05,Prov Vehículos,SURCO,AUTO HONDA CIVIC 2014,2,1,18000,18000
1644,2026-02-05,Prov Vehículos,SURCO,AUTO HONDA ODISSEY 2013,3,1,15500,15500
1645,2026-02-05,Prov Vehículos,SURCO,AUTO HONDA CRV 2014,4,1,18000,18000
1646,2026-02-28,Prov Repuestos,SURCO,ACEITE DE MOTOR 5W30 FULL SINTÉTICO,38,1,87,87
1647,2026-02-28,Prov Repuestos,SURCO,AMORTIGUADORES DELANTEROS,40,1,207,207
1648,2026-02-28,Prov Repuestos,SURCO,AMORTIGUADORES POSTERIORES,41,1,93,93
1649,2026-02-28,Prov Repuestos,SURCO,"LLANTAS 18""",42,1,50,50
1650,2026-02-28,Prov Repuestos,SURCO,BATERÍA DE 18 PLACAS,43,1,82,82
1651,2026-02-06,Prov Vehículos,LA MOLINA,AUTO HONDA ACCORD 2014,1,1,16500,16500
1652,2026-02-06,Prov Vehículos,LA MOLINA,AUTO HONDA PILOT 2013,5,1,17000,17000
1653,2026-02-06,Prov Vehículos,LA MOLINA,AUTO HONDA CITY 2016,7,1,16500,16500
1654,2026-03-01,Prov Repuestos,LA MOLINA,ACEITE DE MOTOR 5W30 FULL SINTÉTICO,38,1,87,87
1655,2026-03-01,Prov Repuestos,LA MOLINA,AMORTIGUADORES DELANTEROS,40,1,207,207
1656,2026-03-01,Prov Repuestos,LA MOLINA,AMORTIGUADORES POSTERIORES,41,1,93,93
1657,2026-03-01,Prov Repuestos,LA MOLINA,"LLANTAS 18""",42,1,50,50
1658,2026-03-01,Prov Repuestos,LA MOLINA,BATERÍA DE 18 PLACAS,43,1,82,82
1659,2026-02-06,Prov Vehículos,SURCO,AUTO HONDA ACCORD 2014,1,1,16500,16500
1660,2026-02-06,Prov Vehículos,SURCO,AUTO HONDA CIVIC 2014,2,1,18000,18000
1661,2026-02-06,Prov Vehículos,SURCO,AUTO HONDA ODISSEY 2013,3,1,15500,15500
1662,2026-02-06,Prov Vehículos,SURCO,AUTO HONDA CRV 2014,4,1,18000,18000
1663,2026-03-01,Prov Repuestos,SURCO,ACEITE DE MOTOR 5W30 FULL SINTÉTICO,38,1,87,87
1664,2026-03-01,Prov Repuestos,SURCO,AMORTIGUADORES DELANTEROS,40,1,207,207
1665,2026-03-01,Prov Repuestos,SURCO,AMORTIGUADORES POSTERIORES,41,1,93,93
1666,2026-03-01,Prov Repuestos,SURCO,"LLANTAS 18""",42,1,50,50
1667,2026-03-01,Prov Repuestos,SURCO,BATERÍA DE 18 PLACAS,43,1,82,82
1668,2026-02-07,Prov Vehículos,LA MOLINA,AUTO HONDA CITY 2016,7,1,16500,16500
1669,2026-03-02,Prov Repuestos,LA MOLINA,ACEITE DE MOTOR 5W30 FULL SINTÉTICO,38,1,87,87
1670,2026-03-02,Prov Repuestos,LA MOLINA,AMORTIGUADORES DELANTEROS,40,1,207,207
1671,2026-03-02,Prov Repuestos,LA MOLINA,AMORTIGUADORES POSTERIORES,41,1,93,93
1672,2026-03-02,Prov Repuestos,LA MOLINA,"LLANTAS 18""",42,1,50,50
1673,2026-03-02,Prov Repuestos,LA MOLINA,BATERÍA DE 18 PLACAS,43,1,82,82
1674,2026-03-02,Prov Repuestos,SURCO,ACEITE DE MOTOR 5W30 FULL SINTÉTICO,38,1,87,87
1675,2026-03-02,Prov Repuestos,SURCO,AMORTIGUADORES DELANTEROS,40,1,207,207
1676,2026-03-02,Prov Repuestos,SURCO,AMORTIGUADORES POSTERIORES,41,1,93,93
1677,2026-03-02,Prov Repuestos,SURCO,"LLANTAS 18""",42,1,50,50
1678,2026-03-02,Prov Repuestos,SURCO,BATERÍA DE 18 PLACAS,43,1,82,82
1679,2026-03-03,Prov Repuestos,LA MOLINA,ACEITE DE MOTOR 5W30 FULL SINTÉTICO,38,1,87,87
1680,2026-03-03,Prov Repuestos,LA MOLINA,AMORTIGUADORES DELANTEROS,40,1,207,207
1681,2026-03-03,Prov Repuestos,LA MOLINA,AMORTIGUADORES POSTERIORES,41,1,93,93
1682,2026-03-03,Prov Repuestos,LA MOLINA,"LLANTAS 18""",42,1,50,50
1683,2026-03-03,Prov Repuestos,LA MOLINA,BATERÍA DE 18 PLACAS,43,1,82,82
1684,2026-03-03,Prov Repuestos,SURCO,ACEITE DE MOTOR 5W30 FULL SINTÉTICO,38,1,87,87
1685,2026-03-03,Prov Repuestos,SURCO,AMORTIGUADORES DELANTEROS,40,1,207,207
1686,2026-03-03,Prov Repuestos,SURCO,AMORTIGUADORES POSTERIORES,41,1,93,93
1687,2026-03-03,Prov Repuestos,SURCO,"LLANTAS 18""",42,1,50,50
1688,2026-03-03,Prov Repuestos,SURCO,BATERÍA DE 18 PLACAS,43,1,82,82
1689,2026-03-04,Prov Repuestos,LA MOLINA,ACEITE DE MOTOR 5W30 FULL SINTÉTICO,38,1,87,87
1690,2026-03-04,Prov Repuestos,LA MOLINA,AMORTIGUADORES DELANTEROS,40,1,207,207
1691,2026-03-04,Prov Repuestos,LA MOLINA,AMORTIGUADORES POSTERIORES,41,1,93,93
1692,2026-03-04,Prov Repuestos,LA MOLINA,"LLANTAS 18""",42,1,50,50
1693,2026-03-04,Prov Repuestos,LA MOLINA,BATERÍA DE 18 PLACAS,43,1,82,82
1694,2026-03-04,Prov Repuestos,SURCO,ACEITE DE MOTOR 5W30 FULL SINTÉTICO,38,1,87,87
1695,2026-03-04,Prov Repuestos,SURCO,AMORTIGUADORES DELANTEROS,40,1,207,207
1696,2026-03-04,Prov Repuestos,SURCO,AMORTIGUADORES POSTERIORES,41,1,93,93
1697,2026-03-04,Prov Repuestos,SURCO,"LLANTAS 18""",42,1,50,50
1698,2026-03-04,Prov Repuestos,SURCO,BATERÍA DE 18 PLACAS,43,1,82,82
1699,2026-03-05,Prov Repuestos,LA MOLINA,ACEITE DE MOTOR 5W30 FULL SINTÉTICO,38,1,87,87
1700,2026-03-05,Prov Repuestos,LA MOLINA,AMORTIGUADORES DELANTEROS,40,1,207,207
1701,2026-03-05,Prov Repuestos,LA MOLINA,AMORTIGUADORES POSTERIORES,41,1,93,93
1702,2026-03-05,Prov Repuestos,LA MOLINA,"LLANTAS 18""",42,1,50,50
1703,2026-03-05,Prov Repuestos,LA MOLINA,BATERÍA DE 18 PLACAS,43,1,82,82
1704,2026-03-05,Prov Repuestos,SURCO,ACEITE DE MOTOR 5W30 FULL SINTÉTICO,38,1,87,87
1705,2026-03-05,Prov Repuestos,SURCO,AMORTIGUADORES DELANTEROS,40,1,207,207
1706,2026-03-05,Prov Repuestos,SURCO,AMORTIGUADORES POSTERIORES,41,1,93,93
1707,2026-03-05,Prov Repuestos,SURCO,"LLANTAS 18""",42,1,50,50
1708,2026-03-05,Prov Repuestos,SURCO,BATERÍA DE 18 PLACAS,43,1,82,82
1709,2026-03-06,Prov Repuestos,LA MOLINA,ACEITE DE MOTOR 5W30 FULL SINTÉTICO,38,1,87,87
1710,2026-03-06,Prov Repuestos,LA MOLINA,AMORTIGUADORES DELANTEROS,40,1,207,207
1711,2026-03-06,Prov Repuestos,LA MOLINA,AMORTIGUADORES POSTERIORES,41,1,93,93
1712,2026-03-06,Prov Repuestos,LA MOLINA,"LLANTAS 18""",42,1,50,50
1713,2026-03-06,Prov Repuestos,LA MOLINA,BATERÍA DE 18 PLACAS,43,1,82,82
1714,2026-03-06,Prov Repuestos,SURCO,ACEITE DE MOTOR 5W30 FULL SINTÉTICO,38,1,87,87
1715,2026-03-06,Prov Repuestos,SURCO,AMORTIGUADORES DELANTEROS,40,1,207,207
1716,2026-03-06,Prov Repuestos,SURCO,AMORTIGUADORES POSTERIORES,41,1,93,93
1717,2026-03-06,Prov Repuestos,SURCO,"LLANTAS 18""",42,1,50,50
1718,2026-03-06,Prov Repuestos,SURCO,BATERÍA DE 18 PLACAS,43,1,82,82
1719,2026-03-07,Prov Repuestos,LA MOLINA,ACEITE DE MOTOR 5W30 FULL SINTÉTICO,38,1,87,87
1720,2026-03-07,Prov Repuestos,LA MOLINA,AMORTIGUADORES DELANTEROS,40,1,207,207
1721,2026-03-07,Prov Repuestos,LA MOLINA,AMORTIGUADORES POSTERIORES,41,1,93,93
1722,2026-03-07,Prov Repuestos,LA MOLINA,"LLANTAS 18""",42,1,50,50
1723,2026-03-07,Prov Repuestos,LA MOLINA,BATERÍA DE 18 PLACAS,43,1,82,82
1724,2026-03-07,Prov Repuestos,SURCO,ACEITE DE MOTOR 5W30 FULL SINTÉTICO,38,1,87,87
1725,2026-03-07,Prov Repuestos,SURCO,AMORTIGUADORES DELANTEROS,40,1,207,207
1726,2026-03-07,Prov Repuestos,SURCO,AMORTIGUADORES POSTERIORES,41,1,93,93
1727,2026-03-07,Prov Repuestos,SURCO,"LLANTAS 18""",42,1,50,50
1728,2026-03-07,Prov Repuestos,SURCO,BATERÍA DE 18 PLACAS,43,1,82,82
1729,2026-03-08,Prov Repuestos,LA MOLINA,ACEITE DE MOTOR 5W30 FULL SINTÉTICO,38,1,87,87
1730,2026-03-08,Prov Repuestos,LA MOLINA,AMORTIGUADORES DELANTEROS,40,1,207,207
1731,2026-03-08,Prov Repuestos,LA MOLINA,AMORTIGUADORES POSTERIORES,41,1,93,93
1732,2026-03-08,Prov Repuestos,LA MOLINA,"LLANTAS 18""",42,1,50,50
1733,2026-03-08,Prov Repuestos,LA MOLINA,BATERÍA DE 18 PLACAS,43,1,82,82
1734,2026-03-08,Prov Repuestos,SURCO,ACEITE DE MOTOR 5W30 FULL SINTÉTICO,38,1,87,87
1735,2026-03-08,Prov Repuestos,SURCO,AMORTIGUADORES DELANTEROS,40,1,207,207
1736,2026-03-08,Prov Repuestos,SURCO,AMORTIGUADORES POSTERIORES,41,1,93,93
1737,2026-03-08,Prov Repuestos,SURCO,"LLANTAS 18""",42,1,50,50
1738,2026-03-09,Prov Repuestos,LA MOLINA,ACEITE DE MOTOR 5W30 FULL SINTÉTICO,38,1,87,87
1739,2026-03-09,Prov Repuestos,LA MOLINA,AMORTIGUADORES DELANTEROS,40,1,207,207
1740,2026-03-09,Prov Repuestos,LA MOLINA,AMORTIGUADORES POSTERIORES,41,1,93,93
1741,2026-03-09,Prov Repuestos,LA MOLINA,"LLANTAS 18""",42,1,50,50
1742,2026-03-09,Prov Repuestos,LA MOLINA,BATERÍA DE 18 PLACAS,43,1,82,82
1743,2026-03-09,Prov Repuestos,SURCO,ACEITE DE MOTOR 5W30 FULL SINTÉTICO,38,1,87,87
1744,2026-03-09,Prov Repuestos,SURCO,AMORTIGUADORES DELANTEROS,40,1,207,207
1745,2026-03-09,Prov Repuestos,SURCO,AMORTIGUADORES POSTERIORES,41,1,93,93
1746,2026-03-09,Prov Repuestos,SURCO,"LLANTAS 18""",42,1,50,50
1747,2026-03-10,Prov Repuestos,LA MOLINA,ACEITE DE MOTOR 5W30 FULL SINTÉTICO,38,1,87,87
1748,2026-03-10,Prov Repuestos,LA MOLINA,AMORTIGUADORES DELANTEROS,40,1,207,207
1749,2026-03-10,Prov Repuestos,LA MOLINA,AMORTIGUADORES POSTERIORES,41,1,93,93
1750,2026-03-10,Prov Repuestos,LA MOLINA,"LLANTAS 18""",42,1,50,50
1751,2026-03-10,Prov Repuestos,SURCO,ACEITE DE MOTOR 5W30 FULL SINTÉTICO,38,1,87,87
1752,2026-03-10,Prov Repuestos,SURCO,AMORTIGUADORES DELANTEROS,40,1,207,207
1753,2026-03-10,Prov Repuestos,SURCO,AMORTIGUADORES POSTERIORES,41,1,93,93
1754,2026-03-10,Prov Repuestos,SURCO,"LLANTAS 18""",42,1,50,50
1755,2026-03-11,Prov Repuestos,LA MOLINA,ACEITE DE MOTOR 5W30 FULL SINTÉTICO,38,1,87,87
1756,2026-03-11,Prov Repuestos,LA MOLINA,AMORTIGUADORES DELANTEROS,40,1,207,207
1757,2026-03-11,Prov Repuestos,LA MOLINA,AMORTIGUADORES POSTERIORES,41,1,93,93
1758,2026-03-11,Prov Repuestos,LA MOLINA,"LLANTAS 18""",42,1,50,50
1759,2026-03-11,Prov Repuestos,SURCO,ACEITE DE MOTOR 5W30 FULL SINTÉTICO,38,1,87,87
1760,2026-03-11,Prov Repuestos,SURCO,AMORTIGUADORES DELANTEROS,40,1,207,207
1761,2026-03-11,Prov Repuestos,SURCO,AMORTIGUADORES POSTERIORES,41,1,93,93
1762,2026-03-11,Prov Repuestos,SURCO,"LLANTAS 18""",42,1,50,50
1763,2026-03-12,Prov Repuestos,LA MOLINA,ACEITE DE MOTOR 5W30 FULL SINTÉTICO,38,1,87,87
1764,2026-03-12,Prov Repuestos,LA MOLINA,AMORTIGUADORES DELANTEROS,40,1,207,207
1765,2026-03-12,Prov Repuestos,LA MOLINA,AMORTIGUADORES POSTERIORES,41,1,93,93
1766,2026-03-12,Prov Repuestos,LA MOLINA,"LLANTAS 18""",42,1,50,50
1767,2026-03-12,Prov Repuestos,SURCO,ACEITE DE MOTOR 5W30 FULL SINTÉTICO,38,1,87,87
1768,2026-03-12,Prov Repuestos,SURCO,AMORTIGUADORES DELANTEROS,40,1,207,207
1769,2026-03-12,Prov Repuestos,SURCO,AMORTIGUADORES POSTERIORES,41,1,93,93
1770,2026-03-12,Prov Repuestos,SURCO,"LLANTAS 18""",42,1,50,50
1771,2026-03-13,Prov Repuestos,LA MOLINA,ACEITE DE MOTOR 5W30 FULL SINTÉTICO,38,1,87,87
1772,2026-03-13,Prov Repuestos,LA MOLINA,AMORTIGUADORES DELANTEROS,40,1,207,207
1773,2026-03-13,Prov Repuestos,LA MOLINA,AMORTIGUADORES POSTERIORES,41,1,93,93
1774,2026-03-13,Prov Repuestos,LA MOLINA,"LLANTAS 18""",42,1,50,50
1775,2026-03-13,Prov Repuestos,SURCO,ACEITE DE MOTOR 5W30 FULL SINTÉTICO,38,1,87,87
1776,2026-03-13,Prov Repuestos,SURCO,AMORTIGUADORES DELANTEROS,40,1,207,207
1777,2026-03-13,Prov Repuestos,SURCO,AMORTIGUADORES POSTERIORES,41,1,93,93
1778,2026-03-13,Prov Repuestos,SURCO,"LLANTAS 18""",42,1,50,50
1779,2026-03-14,Prov Repuestos,LA MOLINA,ACEITE DE MOTOR 5W30 FULL SINTÉTICO,38,1,87,87
1780,2026-03-14,Prov Repuestos,LA MOLINA,AMORTIGUADORES DELANTEROS,40,1,207,207
1781,2026-03-14,Prov Repuestos,LA MOLINA,AMORTIGUADORES POSTERIORES,41,1,93,93
1782,2026-03-14,Prov Repuestos,LA MOLINA,"LLANTAS 18""",42,1,50,50
1783,2026-03-14,Prov Repuestos,SURCO,ACEITE DE MOTOR 5W30 FULL SINTÉTICO,38,1,87,87
1784,2026-03-14,Prov Repuestos,SURCO,AMORTIGUADORES DELANTEROS,40,1,207,207
1785,2026-03-14,Prov Repuestos,SURCO,AMORTIGUADORES POSTERIORES,41,1,93,93
1786,2026-03-14,Prov Repuestos,SURCO,"LLANTAS 18""",42,1,50,50
1787,2026-03-15,Prov Repuestos,LA MOLINA,ACEITE DE MOTOR 5W30 FULL SINTÉTICO,38,1,87,87
1788,2026-03-15,Prov Repuestos,LA MOLINA,AMORTIGUADORES DELANTEROS,40,1,207,207
1789,2026-03-15,Prov Repuestos,LA MOLINA,AMORTIGUADORES POSTERIORES,41,1,93,93
1790,2026-03-15,Prov Repuestos,LA MOLINA,"LLANTAS 18""",42,1,50,50
1791,2026-03-15,Prov Repuestos,SURCO,ACEITE DE MOTOR 5W30 FULL SINTÉTICO,38,1,87,87
1792,2026-03-15,Prov Repuestos,SURCO,AMORTIGUADORES DELANTEROS,40,1,207,207
1793,2026-03-15,Prov Repuestos,SURCO,AMORTIGUADORES POSTERIORES,41,1,93,93
1794,2026-03-15,Prov Repuestos,SURCO,"LLANTAS 18""",42,1,50,50
1795,2026-03-16,Prov Repuestos,LA MOLINA,ACEITE DE MOTOR 5W30 FULL SINTÉTICO,38,1,87,87
1796,2026-03-16,Prov Repuestos,LA MOLINA,AMORTIGUADORES DELANTEROS,40,1,207,207
1797,2026-03-16,Prov Repuestos,LA MOLINA,AMORTIGUADORES POSTERIORES,41,1,93,93
1798,2026-03-16,Prov Repuestos,LA MOLINA,"LLANTAS 18""",42,1,50,50
1799,2026-03-16,Prov Repuestos,SURCO,ACEITE DE MOTOR 5W30 FULL SINTÉTICO,38,1,87,87
1800,2026-03-16,Prov Repuestos,SURCO,AMORTIGUADORES DELANTEROS,40,1,207,207
1801,2026-03-16,Prov Repuestos,SURCO,AMORTIGUADORES POSTERIORES,41,1,93,93
1802,2026-03-16,Prov Repuestos,SURCO,"LLANTAS 18""",42,1,50,50
1803,2026-03-17,Prov Repuestos,LA MOLINA,ACEITE DE MOTOR 5W30 FULL SINTÉTICO,38,1,87,87
1804,2026-03-17,Prov Repuestos,LA MOLINA,AMORTIGUADORES DELANTEROS,40,1,207,207
1805,2026-03-17,Prov Repuestos,LA MOLINA,AMORTIGUADORES POSTERIORES,41,1,93,93
1806,2026-03-17,Prov Repuestos,LA MOLINA,"LLANTAS 18""",42,1,50,50
1807,2026-03-17,Prov Repuestos,SURCO,ACEITE DE MOTOR 5W30 FULL SINTÉTICO,38,1,87,87
1808,2026-03-17,Prov Repuestos,SURCO,AMORTIGUADORES DELANTEROS,40,1,207,207
1809,2026-03-18,Prov Repuestos,LA MOLINA,ACEITE DE MOTOR 5W30 FULL SINTÉTICO,38,1,87,87
1810,2026-03-18,Prov Repuestos,LA MOLINA,AMORTIGUADORES DELANTEROS,40,1,207,207
1811,2026-03-18,Prov Repuestos,LA MOLINA,AMORTIGUADORES POSTERIORES,41,1,93,93
1812,2026-03-18,Prov Repuestos,SURCO,ACEITE DE MOTOR 5W30 FULL SINTÉTICO,38,1,87,87
1813,2026-03-18,Prov Repuestos,SURCO,AMORTIGUADORES DELANTEROS,40,1,207,207
1814,2026-03-19,Prov Repuestos,LA MOLINA,AMORTIGUADORES DELANTEROS,40,1,207,207
1815,2026-03-19,Prov Repuestos,LA MOLINA,AMORTIGUADORES POSTERIORES,41,1,93,93
1816,2026-03-19,Prov Repuestos,SURCO,AMORTIGUADORES DELANTEROS,40,1,207,207
1817,2026-03-20,Prov Repuestos,LA MOLINA,AMORTIGUADORES DELANTEROS,40,1,207,207
1818,2026-03-20,Prov Repuestos,SURCO,AMORTIGUADORES DELANTEROS,40,1,207,207
1819,2026-03-21,Prov Repuestos,LA MOLINA,AMORTIGUADORES DELANTEROS,40,1,207,207
1820,2026-03-21,Prov Repuestos,SURCO,AMORTIGUADORES DELANTEROS,40,1,207,207
1821,2026-03-22,Prov Repuestos,LA MOLINA,AMORTIGUADORES DELANTEROS,40,1,207,207
1822,2026-03-23,Prov Repuestos,LA MOLINA,AMORTIGUADORES DELANTEROS,40,1,207,207
1823,2026-03-24,Prov Repuestos,LA MOLINA,AMORTIGUADORES DELANTEROS,40,1,207,207
1824,2026-03-25,Prov Repuestos,LA MOLINA,AMORTIGUADORES DELANTEROS,40,1,207,207
1825,2026-03-26,Prov Repuestos,LA MOLINA,AMORTIGUADORES DELANTEROS,40,1,207,207
1826,2026-03-27,Prov Repuestos,LA MOLINA,AMORTIGUADORES DELANTEROS,40,1,207,207
1827,2026-03-28,Prov Repuestos,LA MOLINA,AMORTIGUADORES DELANTEROS,40,1,207,207
1828,2026-03-07,Prov Vehículos,LA MOLINA,AUTO HONDA ACCORD 2014,1,1,16500,16500
1829,2026-03-07,Prov Vehículos,LA MOLINA,AUTO HONDA CIVIC 2014,2,1,18000,18000
1830,2026-03-07,Prov Vehículos,LA MOLINA,AUTO HONDA ODISSEY 2013,3,1,15500,15500
1831,2026-03-07,Prov Vehículos,LA MOLINA,AUTO HONDA CRV 2014,4,1,18000,18000
1832,2026-03-07,Prov Vehículos,LA MOLINA,AUTO HONDA PILOT 2013,5,1,17000,17000
1833,2026-03-07,Prov Vehículos,LA MOLINA,AUTO HONDA FIT 2016,6,1,15500,15500
1834,2026-03-07,Prov Vehículos,LA MOLINA,AUTO HONDA CITY 2016,7,1,16500,16500
1835,2026-03-07,Prov Vehículos,LA MOLINA,CAMIONETA HONDA ELEMENT 2013,8,1,22500,22500
1836,2026-03-07,Prov Vehículos,LA MOLINA,CAMIONETA HONDA CROSSTOUR 2013,9,1,22000,22000
1837,2026-03-07,Prov Vehículos,LA MOLINA,CAMIONETA HONDA CR-Z 2015,10,1,24000,24000
1838,2026-03-07,Prov Vehículos,LA MOLINA,CAMIONETA HONDA RID LINE PICK UP 2014,11,1,24500,24500
1839,2026-03-30,Prov Repuestos,LA MOLINA,ACEITE DE MOTOR 5W30 FULL SINTÉTICO,38,1,87,87
1840,2026-03-30,Prov Repuestos,LA MOLINA,AMORTIGUADORES DELANTEROS,40,1,207,207
1841,2026-03-30,Prov Repuestos,LA MOLINA,AMORTIGUADORES POSTERIORES,41,1,93,93
1842,2026-03-30,Prov Repuestos,LA MOLINA,"LLANTAS 18""",42,1,50,50
1843,2026-03-30,Prov Repuestos,LA MOLINA,BATERÍA DE 18 PLACAS,43,1,82,82
1844,2026-03-07,Prov Vehículos,SURCO,AUTO HONDA ACCORD 2014,1,1,16500,16500
1845,2026-03-07,Prov Vehículos,SURCO,AUTO HONDA CIVIC 2014,2,1,18000,18000
1846,2026-03-07,Prov Vehículos,SURCO,AUTO HONDA ODISSEY 2013,3,1,15500,15500
1847,2026-03-07,Prov Vehículos,SURCO,AUTO HONDA CRV 2014,4,1,18000,18000
1848,2026-03-07,Prov Vehículos,SURCO,AUTO HONDA FIT 2016,6,1,15500,15500
1849,2026-03-07,Prov Vehículos,SURCO,AUTO HONDA CITY 2016,7,1,16500,16500
1850,2026-03-07,Prov Vehículos,SURCO,CAMIONETA HONDA ELEMENT 2013,8,1,22500,22500
1851,2026-03-07,Prov Vehículos,SURCO,CAMIONETA HONDA CROSSTOUR 2013,9,1,22000,22000
1852,2026-03-07,Prov Vehículos,SURCO,CAMIONETA HONDA CR-Z 2015,10,1,24000,24000
1853,2026-03-07,Prov Vehículos,SURCO,CAMIONETA HONDA RID LINE PICK UP 2014,11,1,24500,24500
1854,2026-03-30,Prov Repuestos,SURCO,ACEITE DE MOTOR 5W30 FULL SINTÉTICO,38,1,87,87
1855,2026-03-30,Prov Repuestos,SURCO,AMORTIGUADORES DELANTEROS,40,1,207,207
1856,2026-03-30,Prov Repuestos,SURCO,AMORTIGUADORES POSTERIORES,41,1,93,93
1857,2026-03-30,Prov Repuestos,SURCO,"LLANTAS 18""",42,1,50,50
1858,2026-03-30,Prov Repuestos,SURCO,BATERÍA DE 18 PLACAS,43,1,82,82
1859,2026-03-08,Prov Vehículos,LA MOLINA,AUTO HONDA ACCORD 2014,1,1,16500,16500
1860,2026-03-08,Prov Vehículos,LA MOLINA,AUTO HONDA CIVIC 2014,2,1,18000,18000
1861,2026-03-08,Prov Vehículos,LA MOLINA,AUTO HONDA ODISSEY 2013,3,1,15500,15500
1862,2026-03-08,Prov Vehículos,LA MOLINA,AUTO HONDA CRV 2014,4,1,18000,18000
1863,2026-03-08,Prov Vehículos,LA MOLINA,AUTO HONDA FIT 2016,6,1,15500,15500
1864,2026-03-08,Prov Vehículos,LA MOLINA,AUTO HONDA CITY 2016,7,1,16500,16500
1865,2026-03-08,Prov Vehículos,LA MOLINA,CAMIONETA HONDA ELEMENT 2013,8,1,22500,22500
1866,2026-03-31,Prov Repuestos,LA MOLINA,ACEITE DE MOTOR 5W30 FULL SINTÉTICO,38,1,87,87
1867,2026-03-31,Prov Repuestos,LA MOLINA,AMORTIGUADORES DELANTEROS,40,1,207,207
1868,2026-03-31,Prov Repuestos,LA MOLINA,AMORTIGUADORES POSTERIORES,41,1,93,93
1869,2026-03-31,Prov Repuestos,LA MOLINA,"LLANTAS 18""",42,1,50,50
1870,2026-03-31,Prov Repuestos,LA MOLINA,BATERÍA DE 18 PLACAS,43,1,82,82
1871,2026-03-08,Prov Vehículos,SURCO,AUTO HONDA ACCORD 2014,1,1,16500,16500
1872,2026-03-08,Prov Vehículos,SURCO,AUTO HONDA CIVIC 2014,2,1,18000,18000
1873,2026-03-08,Prov Vehículos,SURCO,AUTO HONDA ODISSEY 2013,3,1,15500,15500
1874,2026-03-08,Prov Vehículos,SURCO,AUTO HONDA CRV 2014,4,1,18000,18000
1875,2026-03-31,Prov Repuestos,SURCO,ACEITE DE MOTOR 5W30 FULL SINTÉTICO,38,1,87,87
1876,2026-03-31,Prov Repuestos,SURCO,AMORTIGUADORES DELANTEROS,40,1,207,207
1877,2026-03-31,Prov Repuestos,SURCO,AMORTIGUADORES POSTERIORES,41,1,93,93
1878,2026-03-31,Prov Repuestos,SURCO,"LLANTAS 18""",42,1,50,50
1879,2026-03-31,Prov Repuestos,SURCO,BATERÍA DE 18 PLACAS,43,1,82,82
1880,2026-03-09,Prov Vehículos,LA MOLINA,AUTO HONDA ACCORD 2014,1,1,16500,16500
1881,2026-03-09,Prov Vehículos,LA MOLINA,AUTO HONDA CITY 2016,7,1,16500,16500
1882,2026-04-01,Prov Repuestos,LA MOLINA,ACEITE DE MOTOR 5W30 FULL SINTÉTICO,38,1,87,87
1883,2026-04-01,Prov Repuestos,LA MOLINA,AMORTIGUADORES DELANTEROS,40,1,207,207
1884,2026-04-01,Prov Repuestos,LA MOLINA,AMORTIGUADORES POSTERIORES,41,1,93,93
1885,2026-04-01,Prov Repuestos,LA MOLINA,"LLANTAS 18""",42,1,50,50
1886,2026-04-01,Prov Repuestos,LA MOLINA,BATERÍA DE 18 PLACAS,43,1,82,82
1887,2026-03-09,Prov Vehículos,SURCO,AUTO HONDA ACCORD 2014,1,1,16500,16500
1888,2026-03-09,Prov Vehículos,SURCO,AUTO HONDA CIVIC 2014,2,1,18000,18000
1889,2026-03-09,Prov Vehículos,SURCO,AUTO HONDA ODISSEY 2013,3,1,15500,15500
1890,2026-03-09,Prov Vehículos,SURCO,AUTO HONDA CRV 2014,4,1,18000,18000
1891,2026-04-01,Prov Repuestos,SURCO,ACEITE DE MOTOR 5W30 FULL SINTÉTICO,38,1,87,87
1892,2026-04-01,Prov Repuestos,SURCO,AMORTIGUADORES DELANTEROS,40,1,207,207
1893,2026-04-01,Prov Repuestos,SURCO,AMORTIGUADORES POSTERIORES,41,1,93,93
1894,2026-04-01,Prov Repuestos,SURCO,"LLANTAS 18""",42,1,50,50
1895,2026-04-01,Prov Repuestos,SURCO,BATERÍA DE 18 PLACAS,43,1,82,82
1896,2026-03-10,Prov Vehículos,LA MOLINA,AUTO HONDA CITY 2016,7,1,16500,16500
1897,2026-04-02,Prov Repuestos,LA MOLINA,ACEITE DE MOTOR 5W30 FULL SINTÉTICO,38,1,87,87
1898,2026-04-02,Prov Repuestos,LA MOLINA,AMORTIGUADORES DELANTEROS,40,1,207,207
1899,2026-04-02,Prov Repuestos,LA MOLINA,AMORTIGUADORES POSTERIORES,41,1,93,93
1900,2026-04-02,Prov Repuestos,LA MOLINA,"LLANTAS 18""",42,1,50,50
1901,2026-04-02,Prov Repuestos,LA MOLINA,BATERÍA DE 18 PLACAS,43,1,82,82
1902,2026-04-02,Prov Repuestos,SURCO,ACEITE DE MOTOR 5W30 FULL SINTÉTICO,38,1,87,87
1903,2026-04-02,Prov Repuestos,SURCO,AMORTIGUADORES DELANTEROS,40,1,207,207
1904,2026-04-02,Prov Repuestos,SURCO,AMORTIGUADORES POSTERIORES,41,1,93,93
1905,2026-04-02,Prov Repuestos,SURCO,"LLANTAS 18""",42,1,50,50
1906,2026-04-02,Prov Repuestos,SURCO,BATERÍA DE 18 PLACAS,43,1,82,82
1907,2026-04-03,Prov Repuestos,LA MOLINA,ACEITE DE MOTOR 5W30 FULL SINTÉTICO,38,1,87,87
1908,2026-04-03,Prov Repuestos,LA MOLINA,AMORTIGUADORES DELANTEROS,40,1,207,207
1909,2026-04-03,Prov Repuestos,LA MOLINA,AMORTIGUADORES POSTERIORES,41,1,93,93
1910,2026-04-03,Prov Repuestos,LA MOLINA,"LLANTAS 18""",42,1,50,50
1911,2026-04-03,Prov Repuestos,LA MOLINA,BATERÍA DE 18 PLACAS,43,1,82,82
1912,2026-04-03,Prov Repuestos,SURCO,ACEITE DE MOTOR 5W30 FULL SINTÉTICO,38,1,87,87
1913,2026-04-03,Prov Repuestos,SURCO,AMORTIGUADORES DELANTEROS,40,1,207,207
1914,2026-04-03,Prov Repuestos,SURCO,AMORTIGUADORES POSTERIORES,41,1,93,93
1915,2026-04-03,Prov Repuestos,SURCO,"LLANTAS 18""",42,1,50,50
1916,2026-04-03,Prov Repuestos,SURCO,BATERÍA DE 18 PLACAS,43,1,82,82
1917,2026-04-04,Prov Repuestos,LA MOLINA,ACEITE DE MOTOR 5W30 FULL SINTÉTICO,38,1,87,87
1918,2026-04-04,Prov Repuestos,LA MOLINA,AMORTIGUADORES DELANTEROS,40,1,207,207
1919,2026-04-04,Prov Repuestos,LA MOLINA,AMORTIGUADORES POSTERIORES,41,1,93,93
1920,2026-04-04,Prov Repuestos,LA MOLINA,"LLANTAS 18""",42,1,50,50
1921,2026-04-04,Prov Repuestos,LA MOLINA,BATERÍA DE 18 PLACAS,43,1,82,82
1922,2026-04-04,Prov Repuestos,SURCO,ACEITE DE MOTOR 5W30 FULL SINTÉTICO,38,1,87,87
1923,2026-04-04,Prov Repuestos,SURCO,AMORTIGUADORES DELANTEROS,40,1,207,207
1924,2026-04-04,Prov Repuestos,SURCO,AMORTIGUADORES POSTERIORES,41,1,93,93
1925,2026-04-04,Prov Repuestos,SURCO,"LLANTAS 18""",42,1,50,50
1926,2026-04-04,Prov Repuestos,SURCO,BATERÍA DE 18 PLACAS,43,1,82,82
1927,2026-04-05,Prov Repuestos,LA MOLINA,ACEITE DE MOTOR 5W30 FULL SINTÉTICO,38,1,87,87
1928,2026-04-05,Prov Repuestos,LA MOLINA,AMORTIGUADORES DELANTEROS,40,1,207,207
1929,2026-04-05,Prov Repuestos,LA MOLINA,AMORTIGUADORES POSTERIORES,41,1,93,93
1930,2026-04-05,Prov Repuestos,LA MOLINA,"LLANTAS 18""",42,1,50,50
1931,2026-04-05,Prov Repuestos,LA MOLINA,BATERÍA DE 18 PLACAS,43,1,82,82
1932,2026-04-05,Prov Repuestos,SURCO,ACEITE DE MOTOR 5W30 FULL SINTÉTICO,38,1,87,87
1933,2026-04-05,Prov Repuestos,SURCO,AMORTIGUADORES DELANTEROS,40,1,207,207
1934,2026-04-05,Prov Repuestos,SURCO,AMORTIGUADORES POSTERIORES,41,1,93,93
1935,2026-04-05,Prov Repuestos,SURCO,"LLANTAS 18""",42,1,50,50
1936,2026-04-05,Prov Repuestos,SURCO,BATERÍA DE 18 PLACAS,43,1,82,82
1937,2026-04-06,Prov Repuestos,LA MOLINA,ACEITE DE MOTOR 5W30 FULL SINTÉTICO,38,1,87,87
1938,2026-04-06,Prov Repuestos,LA MOLINA,AMORTIGUADORES DELANTEROS,40,1,207,207
1939,2026-04-06,Prov Repuestos,LA MOLINA,AMORTIGUADORES POSTERIORES,41,1,93,93
1940,2026-04-06,Prov Repuestos,LA MOLINA,"LLANTAS 18""",42,1,50,50
1941,2026-04-06,Prov Repuestos,LA MOLINA,BATERÍA DE 18 PLACAS,43,1,82,82
1942,2026-04-06,Prov Repuestos,SURCO,ACEITE DE MOTOR 5W30 FULL SINTÉTICO,38,1,87,87
1943,2026-04-06,Prov Repuestos,SURCO,AMORTIGUADORES DELANTEROS,40,1,207,207
1944,2026-04-06,Prov Repuestos,SURCO,AMORTIGUADORES POSTERIORES,41,1,93,93
1945,2026-04-06,Prov Repuestos,SURCO,"LLANTAS 18""",42,1,50,50
1946,2026-04-06,Prov Repuestos,SURCO,BATERÍA DE 18 PLACAS,43,1,82,82
1947,2026-04-07,Prov Repuestos,LA MOLINA,ACEITE DE MOTOR 5W30 FULL SINTÉTICO,38,1,87,87
1948,2026-04-07,Prov Repuestos,LA MOLINA,AMORTIGUADORES DELANTEROS,40,1,207,207
1949,2026-04-07,Prov Repuestos,LA MOLINA,AMORTIGUADORES POSTERIORES,41,1,93,93
1950,2026-04-07,Prov Repuestos,LA MOLINA,"LLANTAS 18""",42,1,50,50
1951,2026-04-07,Prov Repuestos,LA MOLINA,BATERÍA DE 18 PLACAS,43,1,82,82
1952,2026-04-07,Prov Repuestos,SURCO,ACEITE DE MOTOR 5W30 FULL SINTÉTICO,38,1,87,87
1953,2026-04-07,Prov Repuestos,SURCO,AMORTIGUADORES DELANTEROS,40,1,207,207
1954,2026-04-07,Prov Repuestos,SURCO,AMORTIGUADORES POSTERIORES,41,1,93,93
1955,2026-04-07,Prov Repuestos,SURCO,"LLANTAS 18""",42,1,50,50
1956,2026-04-07,Prov Repuestos,SURCO,BATERÍA DE 18 PLACAS,43,1,82,82
1957,2026-04-08,Prov Repuestos,LA MOLINA,ACEITE DE MOTOR 5W30 FULL SINTÉTICO,38,1,87,87
1958,2026-04-08,Prov Repuestos,LA MOLINA,AMORTIGUADORES DELANTEROS,40,1,207,207
1959,2026-04-08,Prov Repuestos,LA MOLINA,AMORTIGUADORES POSTERIORES,41,1,93,93
1960,2026-04-08,Prov Repuestos,LA MOLINA,"LLANTAS 18""",42,1,50,50
1961,2026-04-08,Prov Repuestos,LA MOLINA,BATERÍA DE 18 PLACAS,43,1,82,82
1962,2026-04-08,Prov Repuestos,SURCO,ACEITE DE MOTOR 5W30 FULL SINTÉTICO,38,1,87,87
1963,2026-04-08,Prov Repuestos,SURCO,AMORTIGUADORES DELANTEROS,40,1,207,207
1964,2026-04-08,Prov Repuestos,SURCO,AMORTIGUADORES POSTERIORES,41,1,93,93
1965,2026-04-08,Prov Repuestos,SURCO,"LLANTAS 18""",42,1,50,50
1966,2026-04-09,Prov Repuestos,LA MOLINA,ACEITE DE MOTOR 5W30 FULL SINTÉTICO,38,1,87,87
1967,2026-04-09,Prov Repuestos,LA MOLINA,AMORTIGUADORES DELANTEROS,40,1,207,207
1968,2026-04-09,Prov Repuestos,LA MOLINA,AMORTIGUADORES POSTERIORES,41,1,93,93
1969,2026-04-09,Prov Repuestos,LA MOLINA,"LLANTAS 18""",42,1,50,50
1970,2026-04-09,Prov Repuestos,LA MOLINA,BATERÍA DE 18 PLACAS,43,1,82,82
1971,2026-04-09,Prov Repuestos,SURCO,ACEITE DE MOTOR 5W30 FULL SINTÉTICO,38,1,87,87
1972,2026-04-09,Prov Repuestos,SURCO,AMORTIGUADORES DELANTEROS,40,1,207,207
1973,2026-04-09,Prov Repuestos,SURCO,AMORTIGUADORES POSTERIORES,41,1,93,93
1974,2026-04-09,Prov Repuestos,SURCO,"LLANTAS 18""",42,1,50,50
1975,2026-04-10,Prov Repuestos,LA MOLINA,ACEITE DE MOTOR 5W30 FULL SINTÉTICO,38,1,87,87
1976,2026-04-10,Prov Repuestos,LA MOLINA,AMORTIGUADORES DELANTEROS,40,1,207,207
1977,2026-04-10,Prov Repuestos,LA MOLINA,AMORTIGUADORES POSTERIORES,41,1,93,93
1978,2026-04-10,Prov Repuestos,LA MOLINA,"LLANTAS 18""",42,1,50,50
1979,2026-04-10,Prov Repuestos,SURCO,ACEITE DE MOTOR 5W30 FULL SINTÉTICO,38,1,87,87
1980,2026-04-10,Prov Repuestos,SURCO,AMORTIGUADORES DELANTEROS,40,1,207,207
1981,2026-04-10,Prov Repuestos,SURCO,AMORTIGUADORES POSTERIORES,41,1,93,93
1982,2026-04-10,Prov Repuestos,SURCO,"LLANTAS 18""",42,1,50,50
1983,2026-04-11,Prov Repuestos,LA MOLINA,ACEITE DE MOTOR 5W30 FULL SINTÉTICO,38,1,87,87
1984,2026-04-11,Prov Repuestos,LA MOLINA,AMORTIGUADORES DELANTEROS,40,1,207,207
1985,2026-04-11,Prov Repuestos,LA MOLINA,AMORTIGUADORES POSTERIORES,41,1,93,93
1986,2026-04-11,Prov Repuestos,LA MOLINA,"LLANTAS 18""",42,1,50,50
1987,2026-04-11,Prov Repuestos,SURCO,ACEITE DE MOTOR 5W30 FULL SINTÉTICO,38,1,87,87
1988,2026-04-11,Prov Repuestos,SURCO,AMORTIGUADORES DELANTEROS,40,1,207,207
1989,2026-04-11,Prov Repuestos,SURCO,AMORTIGUADORES POSTERIORES,41,1,93,93
1990,2026-04-11,Prov Repuestos,SURCO,"LLANTAS 18""",42,1,50,50
1991,2026-04-12,Prov Repuestos,LA MOLINA,ACEITE DE MOTOR 5W30 FULL SINTÉTICO,38,1,87,87
1992,2026-04-12,Prov Repuestos,LA MOLINA,AMORTIGUADORES DELANTEROS,40,1,207,207
1993,2026-04-12,Prov Repuestos,LA MOLINA,AMORTIGUADORES POSTERIORES,41,1,93,93
1994,2026-04-12,Prov Repuestos,LA MOLINA,"LLANTAS 18""",42,1,50,50
1995,2026-04-12,Prov Repuestos,SURCO,ACEITE DE MOTOR 5W30 FULL SINTÉTICO,38,1,87,87
1996,2026-04-12,Prov Repuestos,SURCO,AMORTIGUADORES DELANTEROS,40,1,207,207
1997,2026-04-12,Prov Repuestos,SURCO,AMORTIGUADORES POSTERIORES,41,1,93,93
1998,2026-04-12,Prov Repuestos,SURCO,"LLANTAS 18""",42,1,50,50
1999,2026-04-13,Prov Repuestos,LA MOLINA,ACEITE DE MOTOR 5W30 FULL SINTÉTICO,38,1,87,87
2000,2026-04-13,Prov Repuestos,LA MOLINA,AMORTIGUADORES DELANTEROS,40,1,207,207
2001,2026-04-13,Prov Repuestos,LA MOLINA,AMORTIGUADORES POSTERIORES,41,1,93,93
2002,2026-04-13,Prov Repuestos,LA MOLINA,"LLANTAS 18""",42,1,50,50
2003,2026-04-13,Prov Repuestos,SURCO,ACEITE DE MOTOR 5W30 FULL SINTÉTICO,38,1,87,87
2004,2026-04-13,Prov Repuestos,SURCO,AMORTIGUADORES DELANTEROS,40,1,207,207
2005,2026-04-13,Prov Repuestos,SURCO,AMORTIGUADORES POSTERIORES,41,1,93,93
2006,2026-04-13,Prov Repuestos,SURCO,"LLANTAS 18""",42,1,50,50
2007,2026-04-14,Prov Repuestos,LA MOLINA,ACEITE DE MOTOR 5W30 FULL SINTÉTICO,38,1,87,87
2008,2026-04-14,Prov Repuestos,LA MOLINA,AMORTIGUADORES DELANTEROS,40,1,207,207
2009,2026-04-14,Prov Repuestos,LA MOLINA,AMORTIGUADORES POSTERIORES,41,1,93,93
2010,2026-04-14,Prov Repuestos,LA MOLINA,"LLANTAS 18""",42,1,50,50
2011,2026-04-14,Prov Repuestos,SURCO,ACEITE DE MOTOR 5W30 FULL SINTÉTICO,38,1,87,87
2012,2026-04-14,Prov Repuestos,SURCO,AMORTIGUADORES DELANTEROS,40,1,207,207
2013,2026-04-14,Prov Repuestos,SURCO,AMORTIGUADORES POSTERIORES,41,1,93,93
2014,2026-04-14,Prov Repuestos,SURCO,"LLANTAS 18""",42,1,50,50
2015,2026-04-15,Prov Repuestos,LA MOLINA,ACEITE DE MOTOR 5W30 FULL SINTÉTICO,38,1,87,87
2016,2026-04-15,Prov Repuestos,LA MOLINA,AMORTIGUADORES DELANTEROS,40,1,207,207
2017,2026-04-15,Prov Repuestos,LA MOLINA,AMORTIGUADORES POSTERIORES,41,1,93,93
2018,2026-04-15,Prov Repuestos,LA MOLINA,"LLANTAS 18""",42,1,50,50
2019,2026-04-15,Prov Repuestos,SURCO,ACEITE DE MOTOR 5W30 FULL SINTÉTICO,38,1,87,87
2020,2026-04-15,Prov Repuestos,SURCO,AMORTIGUADORES DELANTEROS,40,1,207,207
2021,2026-04-15,Prov Repuestos,SURCO,AMORTIGUADORES POSTERIORES,41,1,93,93
2022,2026-04-15,Prov Repuestos,SURCO,"LLANTAS 18""",42,1,50,50
2023,2026-04-16,Prov Repuestos,LA MOLINA,ACEITE DE MOTOR 5W30 FULL SINTÉTICO,38,1,87,87
2024,2026-04-16,Prov Repuestos,LA MOLINA,AMORTIGUADORES DELANTEROS,40,1,207,207
2025,2026-04-16,Prov Repuestos,LA MOLINA,AMORTIGUADORES POSTERIORES,41,1,93,93
2026,2026-04-16,Prov Repuestos,LA MOLINA,"LLANTAS 18""",42,1,50,50
2027,2026-04-16,Prov Repuestos,SURCO,ACEITE DE MOTOR 5W30 FULL SINTÉTICO,38,1,87,87
2028,2026-04-16,Prov Repuestos,SURCO,AMORTIGUADORES DELANTEROS,40,1,207,207
2029,2026-04-16,Prov Repuestos,SURCO,AMORTIGUADORES POSTERIORES,41,1,93,93
2030,2026-04-16,Prov Repuestos,SURCO,"LLANTAS 18""",42,1,50,50
2031,2026-04-17,Prov Repuestos,LA MOLINA,AMORTIGUADORES DELANTEROS,40,1,207,207
2032,2026-04-17,Prov Repuestos,LA MOLINA,AMORTIGUADORES POSTERIORES,41,1,93,93
2033,2026-04-17,Prov Repuestos,LA MOLINA,"LLANTAS 18""",42,1,50,50
2034,2026-04-17,Prov Repuestos,SURCO,ACEITE DE MOTOR 5W30 FULL SINTÉTICO,38,1,87,87
2035,2026-04-17,Prov Repuestos,SURCO,AMORTIGUADORES DELANTEROS,40,1,207,207
2036,2026-04-18,Prov Repuestos,LA MOLINA,AMORTIGUADORES DELANTEROS,40,1,207,207
2037,2026-04-18,Prov Repuestos,LA MOLINA,AMORTIGUADORES POSTERIORES,41,1,93,93
2038,2026-04-18,Prov Repuestos,SURCO,AMORTIGUADORES DELANTEROS,40,1,207,207
2039,2026-04-19,Prov Repuestos,LA MOLINA,AMORTIGUADORES DELANTEROS,40,1,207,207
2040,2026-04-19,Prov Repuestos,LA MOLINA,AMORTIGUADORES POSTERIORES,41,1,93,93
2041,2026-04-19,Prov Repuestos,SURCO,AMORTIGUADORES DELANTEROS,40,1,207,207
2042,2026-04-20,Prov Repuestos,LA MOLINA,AMORTIGUADORES DELANTEROS,40,1,207,207
2043,2026-04-20,Prov Repuestos,SURCO,AMORTIGUADORES DELANTEROS,40,1,207,207
2044,2026-04-21,Prov Repuestos,LA MOLINA,AMORTIGUADORES DELANTEROS,40,1,207,207
2045,2026-04-21,Prov Repuestos,SURCO,AMORTIGUADORES DELANTEROS,40,1,207,207
2046,2026-04-22,Prov Repuestos,LA MOLINA,AMORTIGUADORES DELANTEROS,40,1,207,207
2047,2026-04-23,Prov Repuestos,LA MOLINA,AMORTIGUADORES DELANTEROS,40,1,207,207
2048,2026-04-24,Prov Repuestos,LA MOLINA,AMORTIGUADORES DELANTEROS,40,1,207,207
2049,2026-04-25,Prov Repuestos,LA MOLINA,AMORTIGUADORES DELANTEROS,40,1,207,207
2050,2026-04-26,Prov Repuestos,LA MOLINA,AMORTIGUADORES DELANTEROS,40,1,207,207
2051,2026-04-27,Prov Repuestos,LA MOLINA,AMORTIGUADORES DELANTEROS,40,1,207,207
2052,2026-04-28,Prov Repuestos,LA MOLINA,AMORTIGUADORES DELANTEROS,40,1,207,207
