id_compra,Fecha,Proveedor,Almacen,Producto,Cantidad,Precio_Compra,Monto
1,2022-12-07,Prov Vehículos,SURCO,AUTO HONDA ACCORD 2014,4,18000,72000
2,2022-12-07,Prov Vehículos,SURCO,AUTO HONDA CIVIC 2014,4,16500,66000
3,2022-12-07,Prov Vehículos,SURCO,AUTO HONDA ODISSEY 2013,1,16000,16000
4,2022-12-07,Prov Vehículos,SURCO,AUTO HONDA CRV 2014,6,17500,105000
5,2022-12-07,Prov Vehículos,SURCO,AUTO HONDA PILOT 2013,1,15000,15000
6,2022-12-07,Prov Vehículos,SURCO,AUTO HONDA CITY 2016,2,20000,40000
7,2022-12-07,Prov Vehículos,SURCO,CAMIONETA HONDA ELEMENT 2013,1,22500,22500
8,2022-12-07,Prov Vehículos,SURCO,CAMIONETA HONDA CROSSTOUR 2013,4,22000,88000
9,2022-12-07,Prov Vehículos,SURCO,CAMIONETA HONDA CR-Z 2015,3,24000,72000
10,2022-12-07,Prov Vehículos,SURCO,CAMIONETA HONDA RID LINE PICK UP 2014,3,24500,73500
11,2022-12-30,Prov Repuestos,SURCO,ACEITE DE MOTOR 5W30 FULL SINTÉTICO,15,107,1605
12,2022-12-30,Prov Repuestos,SURCO,FILTRO DE COMBUSTIBLE,15,85,1275
13,2022-12-30,Prov Repuestos,SURCO,AMORTIGUADORES DELANTEROS,20,225,4500
14,2022-12-30,Prov Repuestos,SURCO,AMORTIGUADORES POSTERIORES,9,83,747
15,2022-12-30,Prov Repuestos,SURCO,"LLANTAS 18""",9,52,468
16,2022-12-30,Prov Repuestos,SURCO,BATERÍA DE 18 PLACAS,17,85,1445
17,2022-12-07,Prov Vehículos,LA MOLINA,AUTO HONDA ODISSEY 2013,2,18500,37000
18,2022-12-07,Prov Vehículos,LA MOLINA,AUTO HONDA CRV 2014,2,17500,35000
19,2022-12-07,Prov Vehículos,LA MOLINA,AUTO HONDA PILOT 2013,2,17000,34000
20,2022-12-07,Prov Vehículos,LA MOLINA,AUTO HONDA FIT 2016,1,17000,17000
21,2022-12-07,Prov Vehículos,LA MOLINA,AUTO HONDA CITY 2016,3,16500,49500
22,2022-12-07,Prov Vehículos,LA MOLINA,CAMIONETA HONDA ELEMENT 2013,2,21500,43000
23,2022-12-07,Prov Vehículos,LA MOLINA,CAMIONETA HONDA CROSSTOUR 2013,2,22500,45000
24,2022-12-07,Prov Vehículos,LA MOLINA,CAMIONETA HONDA CR-Z 2015,2,22000,44000
25,2022-12-07,Prov Vehículos,LA MOLINA,CAMIONETA HONDA RID LINE PICK UP 2014,1,25000,25000
26,2022-12-30,Prov Repuestos,LA MOLINA,ACEITE DE MOTOR 5W30 FULL SINTÉTICO,43,86,3698
27,2022-12-30,Prov Repuestos,LA MOLINA,FILTRO DE COMBUSTIBLE,39,98,3822
28,2022-12-30,Prov Repuestos,LA MOLINA,AMORTIGUADORES DELANTEROS,23,224,5152
29,2022-12-30,Prov Repuestos,LA MOLINA,AMORTIGUADORES POSTERIORES,37,91,3367
30,2022-12-30,Prov Repuestos,LA MOLINA,"LLANTAS 18""",36,60,2160
31,2022-12-30,Prov Repuestos,LA MOLINA,BATERÍA DE 18 PLACAS,34,98,3332
32,2023-01-15,Prov Vehículos,SURCO,AUTO HONDA ACCORD 2014,5,18000,90000
33,2023-01-15,Prov Vehículos,SURCO,AUTO HONDA CIVIC 2014,5,16500,82500
34,2023-01-15,Prov Vehículos,SURCO,AUTO HONDA ODISSEY 2013,5,18500,92500
35,2023-01-15,Prov Vehículos,SURCO,AUTO HONDA CRV 2014,1,17500,17500
36,2023-01-15,Prov Vehículos,SURCO,AUTO HONDA PILOT 2013,5,17000,85000
37,2023-01-15,Prov Repuestos,SURCO,ACEITE DE MOTOR 5W30 FULL SINTÉTICO,10,86,860
38,2023-01-15,Prov Repuestos,SURCO,AMORTIGUADORES DELANTEROS,7,224,1568
39,2023-01-15,Prov Repuestos,SURCO,AMORTIGUADORES POSTERIORES,10,91,910
40,2023-01-15,Prov Repuestos,SURCO,"LLANTAS 18""",8,60,480
41,2023-01-15,Prov Vehículos,LA MOLINA,AUTO HONDA ACCORD 2014,5,18000,90000
42,2023-01-15,Prov Vehículos,LA MOLINA,AUTO HONDA CIVIC 2014,5,16500,82500
43,2023-01-15,Prov Vehículos,LA MOLINA,AUTO HONDA ODISSEY 2013,4,18500,74000
44,2023-01-15,Prov Vehículos,LA MOLINA,AUTO HONDA CRV 2014,2,17500,35000
45,2023-01-15,Prov Repuestos,SURCO,AMORTIGUADORES DELANTEROS,22,224,4928
46,2023-01-15,Prov Repuestos,LA MOLINA,"LLANTAS 18""",74,60,4440
47,2023-02-01,Prov Repuestos,SURCO,ACEITE DE MOTOR 5W30 FULL SINTÉTICO,10,92,920
48,2023-02-01,Prov Repuestos,SURCO,AMORTIGUADORES DELANTEROS,10,242,2420
49,2023-02-01,Prov Repuestos,SURCO,AMORTIGUADORES POSTERIORES,10,81,810
50,2023-02-01,Prov Repuestos,SURCO,"LLANTAS 18""",10,67,670
51,2023-02-01,Prov Repuestos,SURCO,BATERÍA DE 18 PLACAS,5,75,375
52,2023-02-01,Prov Repuestos,LA MOLINA,ACEITE DE MOTOR 5W30 FULL SINTÉTICO,10,92,920
53,2023-02-01,Prov Repuestos,LA MOLINA,AMORTIGUADORES DELANTEROS,10,242,2420
54,2023-02-01,Prov Repuestos,LA MOLINA,AMORTIGUADORES POSTERIORES,10,81,810
55,2023-02-01,Prov Repuestos,LA MOLINA,BATERÍA DE 18 PLACAS,1,75,75
56,2023-02-01,Prov Repuestos,SURCO,ACEITE DE MOTOR 5W30 FULL SINTÉTICO,26,92,2392
57,2023-02-01,Prov Repuestos,LA MOLINA,BATERÍA DE 18 PLACAS,81,75,6075
58,2023-02-15,Prov Vehículos,SURCO,AUTO HONDA ACCORD 2014,4,19500,78000
59,2023-02-15,Prov Vehículos,SURCO,AUTO HONDA CIVIC 2014,4,18500,74000
60,2023-02-15,Prov Vehículos,SURCO,AUTO HONDA ODISSEY 2013,1,18500,18500
61,2023-02-15,Prov Vehículos,SURCO,AUTO HONDA CRV 2014,4,17500,70000
62,2023-02-15,Prov Vehículos,SURCO,AUTO HONDA PILOT 2013,5,17000,85000
63,2023-02-15,Prov Vehículos,SURCO,AUTO HONDA FIT 2016,5,14500,72500
64,2023-02-15,Prov Vehículos,SURCO,AUTO HONDA CITY 2016,3,16500,49500
65,2023-02-15,Prov Repuestos,SURCO,ACEITE DE MOTOR 5W30 FULL SINTÉTICO,2,92,184
66,2023-02-15,Prov Repuestos,SURCO,AMORTIGUADORES DELANTEROS,10,242,2420
67,2023-02-15,Prov Repuestos,SURCO,AMORTIGUADORES POSTERIORES,10,81,810
68,2023-02-15,Prov Repuestos,SURCO,"LLANTAS 18""",10,67,670
69,2023-02-15,Prov Repuestos,SURCO,BATERÍA DE 18 PLACAS,5,75,375
70,2023-02-15,Prov Vehículos,LA MOLINA,AUTO HONDA ODISSEY 2013,1,18500,18500
71,2023-02-15,Prov Vehículos,LA MOLINA,AUTO HONDA CRV 2014,3,17500,52500
72,2023-02-15,Prov Repuestos,LA MOLINA,ACEITE DE MOTOR 5W30 FULL SINTÉTICO,10,92,920
73,2023-02-15,Prov Repuestos,LA MOLINA,AMORTIGUADORES DELANTEROS,10,242,2420
74,2023-02-15,Prov Repuestos,LA MOLINA,AMORTIGUADORES POSTERIORES,10,81,810
75,2023-02-15,Prov Repuestos,SURCO,"LLANTAS 18""",31,67,2077
76,2023-02-15,Prov Repuestos,LA MOLINA,"LLANTAS 18""",55,67,3685
77,2023-03-01,Prov Repuestos,SURCO,ACEITE DE MOTOR 5W30 FULL SINTÉTICO,10,105,1050
78,2023-03-01,Prov Repuestos,SURCO,AMORTIGUADORES DELANTEROS,10,201,2010
79,2023-03-01,Prov Repuestos,SURCO,AMORTIGUADORES POSTERIORES,10,75,750
80,2023-03-01,Prov Repuestos,SURCO,"LLANTAS 18""",5,64,320
81,2023-03-01,Prov Repuestos,SURCO,BATERÍA DE 18 PLACAS,5,58,290
82,2023-03-01,Prov Repuestos,LA MOLINA,ACEITE DE MOTOR 5W30 FULL SINTÉTICO,10,105,1050
83,2023-03-01,Prov Repuestos,LA MOLINA,AMORTIGUADORES DELANTEROS,10,201,2010
84,2023-03-01,Prov Repuestos,LA MOLINA,AMORTIGUADORES POSTERIORES,10,75,750
85,2023-03-01,Prov Repuestos,SURCO,AMORTIGUADORES DELANTEROS,38,201,7638
86,2023-03-01,Prov Repuestos,LA MOLINA,FILTRO DE COMBUSTIBLE,69,95,6555
87,2023-03-15,Prov Vehículos,SURCO,AUTO HONDA ACCORD 2014,2,16500,33000
88,2023-03-15,Prov Vehículos,SURCO,AUTO HONDA CIVIC 2014,1,16000,16000
89,2023-03-15,Prov Vehículos,SURCO,AUTO HONDA ODISSEY 2013,4,18500,74000
90,2023-03-15,Prov Vehículos,SURCO,AUTO HONDA CRV 2014,1,17500,17500
91,2023-03-15,Prov Vehículos,SURCO,AUTO HONDA PILOT 2013,2,17000,34000
92,2023-03-15,Prov Vehículos,SURCO,AUTO HONDA FIT 2016,3,14500,43500
93,2023-03-15,Prov Vehículos,SURCO,AUTO HONDA CITY 2016,5,17000,85000
94,2023-03-15,Prov Repuestos,SURCO,ACEITE DE MOTOR 5W30 FULL SINTÉTICO,10,105,1050
95,2023-03-15,Prov Repuestos,SURCO,FILTRO DE COMBUSTIBLE,1,95,95
96,2023-03-15,Prov Repuestos,SURCO,AMORTIGUADORES POSTERIORES,10,75,750
97,2023-03-15,Prov Repuestos,SURCO,"LLANTAS 18""",10,64,640
98,2023-03-15,Prov Repuestos,SURCO,BATERÍA DE 18 PLACAS,2,58,116
99,2023-03-15,Prov Vehículos,LA MOLINA,AUTO HONDA ACCORD 2014,5,16500,82500
100,2023-03-15,Prov Vehículos,LA MOLINA,AUTO HONDA ODISSEY 2013,2,18500,37000
101,2023-03-15,Prov Vehículos,LA MOLINA,AUTO HONDA CRV 2014,3,17500,52500
102,2023-03-15,Prov Repuestos,LA MOLINA,ACEITE DE MOTOR 5W30 FULL SINTÉTICO,10,105,1050
103,2023-03-15,Prov Repuestos,LA MOLINA,AMORTIGUADORES DELANTEROS,10,201,2010
104,2023-03-15,Prov Repuestos,LA MOLINA,AMORTIGUADORES POSTERIORES,10,75,750
105,2023-03-15,Prov Repuestos,SURCO,"LLANTAS 18""",9,64,576
106,2023-03-15,Prov Repuestos,LA MOLINA,"LLANTAS 18""",29,64,1856
107,2023-04-01,Prov Vehículos,SURCO,AUTO HONDA ACCORD 2014,2,16500,33000
108,2023-04-01,Prov Repuestos,SURCO,ACEITE DE MOTOR 5W30 FULL SINTÉTICO,10,121,1210
109,2023-04-01,Prov Repuestos,SURCO,FILTRO DE COMBUSTIBLE,1,108,108
110,2023-04-01,Prov Repuestos,SURCO,AMORTIGUADORES DELANTEROS,4,207,828
111,2023-04-01,Prov Repuestos,SURCO,AMORTIGUADORES POSTERIORES,10,89,890
112,2023-04-01,Prov Repuestos,SURCO,"LLANTAS 18""",8,54,432
113,2023-04-01,Prov Repuestos,SURCO,BATERÍA DE 18 PLACAS,5,85,425
114,2023-04-01,Prov Repuestos,LA MOLINA,ACEITE DE MOTOR 5W30 FULL SINTÉTICO,10,121,1210
115,2023-04-01,Prov Repuestos,LA MOLINA,AMORTIGUADORES DELANTEROS,10,207,2070
116,2023-04-01,Prov Repuestos,LA MOLINA,AMORTIGUADORES POSTERIORES,10,89,890
117,2023-04-01,Prov Repuestos,LA MOLINA,BATERÍA DE 18 PLACAS,5,85,425
118,2023-04-01,Prov Repuestos,SURCO,ACEITE DE MOTOR 5W30 FULL SINTÉTICO,39,121,4719
119,2023-04-01,Prov Repuestos,LA MOLINA,ACEITE DE MOTOR 5W30 FULL SINTÉTICO,43,121,5203
120,2023-04-15,Prov Vehículos,SURCO,AUTO HONDA ACCORD 2014,5,16500,82500
121,2023-04-15,Prov Vehículos,SURCO,AUTO HONDA CIVIC 2014,3,16000,48000
122,2023-04-15,Prov Vehículos,SURCO,AUTO HONDA ODISSEY 2013,1,15500,15500
123,2023-04-15,Prov Vehículos,SURCO,AUTO HONDA CRV 2014,2,18500,37000
124,2023-04-15,Prov Vehículos,SURCO,AUTO HONDA PILOT 2013,2,18000,36000
125,2023-04-15,Prov Vehículos,SURCO,AUTO HONDA FIT 2016,5,14000,70000
126,2023-04-15,Prov Vehículos,SURCO,AUTO HONDA CITY 2016,1,16000,16000
127,2023-04-15,Prov Repuestos,SURCO,FILTRO DE COMBUSTIBLE,1,108,108
128,2023-04-15,Prov Repuestos,SURCO,AMORTIGUADORES DELANTEROS,10,207,2070
129,2023-04-15,Prov Repuestos,SURCO,AMORTIGUADORES POSTERIORES,10,89,890
130,2023-04-15,Prov Repuestos,SURCO,"LLANTAS 18""",10,54,540
131,2023-04-15,Prov Repuestos,SURCO,BATERÍA DE 18 PLACAS,5,85,425
132,2023-04-15,Prov Vehículos,LA MOLINA,AUTO HONDA ACCORD 2014,2,16500,33000
133,2023-04-15,Prov Vehículos,LA MOLINA,AUTO HONDA CIVIC 2014,3,16000,48000
134,2023-04-15,Prov Vehículos,LA MOLINA,AUTO HONDA ODISSEY 2013,3,15500,46500
135,2023-04-15,Prov Vehículos,LA MOLINA,AUTO HONDA CRV 2014,2,18500,37000
136,2023-04-15,Prov Repuestos,LA MOLINA,AMORTIGUADORES DELANTEROS,10,207,2070
137,2023-04-15,Prov Repuestos,LA MOLINA,AMORTIGUADORES POSTERIORES,10,89,890
138,2023-04-15,Prov Repuestos,LA MOLINA,BATERÍA DE 18 PLACAS,5,85,425
139,2023-04-15,Prov Repuestos,SURCO,"LLANTAS 18""",11,54,594
140,2023-04-15,Prov Repuestos,LA MOLINA,AMORTIGUADORES DELANTEROS,46,207,9522
141,2023-05-01,Prov Repuestos,SURCO,AMORTIGUADORES DELANTEROS,10,197,1970
142,2023-05-01,Prov Repuestos,SURCO,AMORTIGUADORES POSTERIORES,10,106,1060
143,2023-05-01,Prov Repuestos,SURCO,"LLANTAS 18""",10,81,810
144,2023-05-01,Prov Repuestos,SURCO,BATERÍA DE 18 PLACAS,5,96,480
145,2023-05-01,Prov Repuestos,LA MOLINA,ACEITE DE MOTOR 5W30 FULL SINTÉTICO,10,95,950
146,2023-05-01,Prov Repuestos,LA MOLINA,AMORTIGUADORES DELANTEROS,10,197,1970
147,2023-05-01,Prov Repuestos,LA MOLINA,AMORTIGUADORES POSTERIORES,10,106,1060
148,2023-05-01,Prov Repuestos,LA MOLINA,"LLANTAS 18""",10,81,810
149,2023-05-01,Prov Repuestos,LA MOLINA,BATERÍA DE 18 PLACAS,5,96,480
150,2023-05-01,Prov Repuestos,SURCO,AMORTIGUADORES POSTERIORES,32,106,3392
151,2023-05-01,Prov Repuestos,LA MOLINA,AMORTIGUADORES DELANTEROS,106,197,20882
152,2023-05-15,Prov Vehículos,SURCO,AUTO HONDA CIVIC 2014,2,20000,40000
153,2023-05-15,Prov Vehículos,SURCO,AUTO HONDA ODISSEY 2013,5,15500,77500
154,2023-05-15,Prov Vehículos,SURCO,AUTO HONDA CRV 2014,3,18500,55500
155,2023-05-15,Prov Vehículos,SURCO,AUTO HONDA PILOT 2013,5,15500,77500
156,2023-05-15,Prov Vehículos,SURCO,AUTO HONDA FIT 2016,1,19000,19000
157,2023-05-15,Prov Vehículos,SURCO,AUTO HONDA CITY 2016,1,16000,16000
158,2023-05-15,Prov Repuestos,SURCO,ACEITE DE MOTOR 5W30 FULL SINTÉTICO,10,95,950
159,2023-05-15,Prov Repuestos,SURCO,FILTRO DE COMBUSTIBLE,1,101,101
160,2023-05-15,Prov Repuestos,SURCO,AMORTIGUADORES DELANTEROS,10,197,1970
161,2023-05-15,Prov Repuestos,SURCO,"LLANTAS 18""",10,81,810
162,2023-05-15,Prov Repuestos,SURCO,BATERÍA DE 18 PLACAS,5,96,480
163,2023-05-15,Prov Vehículos,LA MOLINA,AUTO HONDA ACCORD 2014,3,17000,51000
164,2023-05-15,Prov Vehículos,LA MOLINA,AUTO HONDA CIVIC 2014,3,20000,60000
165,2023-05-15,Prov Vehículos,LA MOLINA,AUTO HONDA ODISSEY 2013,2,15500,31000
166,2023-05-15,Prov Vehículos,LA MOLINA,AUTO HONDA CRV 2014,1,18500,18500
167,2023-05-15,Prov Repuestos,LA MOLINA,ACEITE DE MOTOR 5W30 FULL SINTÉTICO,10,95,950
168,2023-05-15,Prov Repuestos,LA MOLINA,AMORTIGUADORES POSTERIORES,10,106,1060
169,2023-05-15,Prov Repuestos,LA MOLINA,"LLANTAS 18""",9,81,729
170,2023-05-15,Prov Repuestos,LA MOLINA,BATERÍA DE 18 PLACAS,5,96,480
171,2023-05-15,Prov Repuestos,SURCO,FILTRO DE COMBUSTIBLE,26,101,2626
172,2023-05-15,Prov Repuestos,LA MOLINA,AMORTIGUADORES POSTERIORES,23,106,2438
173,2023-06-01,Prov Repuestos,SURCO,ACEITE DE MOTOR 5W30 FULL SINTÉTICO,10,109,1090
174,2023-06-01,Prov Repuestos,SURCO,AMORTIGUADORES DELANTEROS,10,217,2170
175,2023-06-01,Prov Repuestos,SURCO,AMORTIGUADORES POSTERIORES,10,109,1090
176,2023-06-01,Prov Repuestos,SURCO,"LLANTAS 18""",10,55,550
177,2023-06-01,Prov Repuestos,SURCO,BATERÍA DE 18 PLACAS,5,82,410
178,2023-06-01,Prov Repuestos,LA MOLINA,ACEITE DE MOTOR 5W30 FULL SINTÉTICO,10,109,1090
179,2023-06-01,Prov Repuestos,LA MOLINA,AMORTIGUADORES POSTERIORES,10,109,1090
180,2023-06-01,Prov Repuestos,LA MOLINA,"LLANTAS 18""",10,55,550
181,2023-06-01,Prov Repuestos,LA MOLINA,BATERÍA DE 18 PLACAS,5,82,410
182,2023-06-01,Prov Repuestos,SURCO,BATERÍA DE 18 PLACAS,13,82,1066
183,2023-06-01,Prov Repuestos,LA MOLINA,AMORTIGUADORES POSTERIORES,80,109,8720
184,2023-06-15,Prov Vehículos,SURCO,AUTO HONDA CIVIC 2014,2,20000,40000
185,2023-06-15,Prov Vehículos,SURCO,AUTO HONDA ODISSEY 2013,1,15000,15000
186,2023-06-15,Prov Vehículos,SURCO,AUTO HONDA PILOT 2013,5,16500,82500
187,2023-06-15,Prov Vehículos,SURCO,AUTO HONDA FIT 2016,3,15000,45000
188,2023-06-15,Prov Vehículos,SURCO,AUTO HONDA CITY 2016,5,16000,80000
189,2023-06-15,Prov Repuestos,SURCO,ACEITE DE MOTOR 5W30 FULL SINTÉTICO,10,109,1090
190,2023-06-15,Prov Repuestos,SURCO,AMORTIGUADORES DELANTEROS,10,217,2170
191,2023-06-15,Prov Repuestos,SURCO,AMORTIGUADORES POSTERIORES,8,109,872
192,2023-06-15,Prov Repuestos,SURCO,"LLANTAS 18""",10,55,550
193,2023-06-15,Prov Vehículos,LA MOLINA,AUTO HONDA CIVIC 2014,2,20000,40000
194,2023-06-15,Prov Vehículos,LA MOLINA,AUTO HONDA ODISSEY 2013,5,15000,75000
195,2023-06-15,Prov Vehículos,LA MOLINA,AUTO HONDA CRV 2014,1,18500,18500
196,2023-06-15,Prov Repuestos,LA MOLINA,ACEITE DE MOTOR 5W30 FULL SINTÉTICO,10,109,1090
197,2023-06-15,Prov Repuestos,LA MOLINA,"LLANTAS 18""",10,55,550
198,2023-06-15,Prov Repuestos,LA MOLINA,BATERÍA DE 18 PLACAS,5,82,410
199,2023-06-15,Prov Repuestos,SURCO,BATERÍA DE 18 PLACAS,11,82,902
200,2023-06-15,Prov Repuestos,LA MOLINA,AMORTIGUADORES POSTERIORES,31,109,3379
201,2023-07-01,Prov Repuestos,SURCO,ACEITE DE MOTOR 5W30 FULL SINTÉTICO,10,108,1080
202,2023-07-01,Prov Repuestos,SURCO,AMORTIGUADORES DELANTEROS,10,229,2290
203,2023-07-01,Prov Repuestos,SURCO,AMORTIGUADORES POSTERIORES,10,85,850
204,2023-07-01,Prov Repuestos,SURCO,"LLANTAS 18""",10,61,610
205,2023-07-01,Prov Repuestos,SURCO,BATERÍA DE 18 PLACAS,4,100,400
206,2023-07-01,Prov Repuestos,LA MOLINA,ACEITE DE MOTOR 5W30 FULL SINTÉTICO,10,108,1080
207,2023-07-01,Prov Repuestos,LA MOLINA,AMORTIGUADORES DELANTEROS,10,229,2290
208,2023-07-01,Prov Repuestos,LA MOLINA,"LLANTAS 18""",10,61,610
209,2023-07-01,Prov Repuestos,LA MOLINA,BATERÍA DE 18 PLACAS,5,100,500
210,2023-07-01,Prov Repuestos,SURCO,"LLANTAS 18""",17,61,1037
211,2023-07-01,Prov Repuestos,LA MOLINA,ACEITE DE MOTOR 5W30 FULL SINTÉTICO,26,108,2808
212,2023-07-15,Prov Vehículos,SURCO,AUTO HONDA ACCORD 2014,3,15500,46500
213,2023-07-15,Prov Vehículos,SURCO,AUTO HONDA CIVIC 2014,3,19000,57000
214,2023-07-15,Prov Vehículos,SURCO,AUTO HONDA ODISSEY 2013,5,18000,90000
215,2023-07-15,Prov Vehículos,SURCO,AUTO HONDA CRV 2014,5,18000,90000
216,2023-07-15,Prov Vehículos,SURCO,AUTO HONDA PILOT 2013,2,16500,33000
217,2023-07-15,Prov Vehículos,SURCO,AUTO HONDA FIT 2016,2,16000,32000
218,2023-07-15,Prov Repuestos,SURCO,ACEITE DE MOTOR 5W30 FULL SINTÉTICO,7,108,756
219,2023-07-15,Prov Repuestos,SURCO,AMORTIGUADORES DELANTEROS,10,229,2290
220,2023-07-15,Prov Repuestos,SURCO,AMORTIGUADORES POSTERIORES,10,85,850
221,2023-07-15,Prov Repuestos,SURCO,"LLANTAS 18""",5,61,305
222,2023-07-15,Prov Repuestos,SURCO,BATERÍA DE 18 PLACAS,5,100,500
223,2023-07-15,Prov Vehículos,LA MOLINA,AUTO HONDA ACCORD 2014,3,15500,46500
224,2023-07-15,Prov Vehículos,LA MOLINA,AUTO HONDA CIVIC 2014,4,19000,76000
225,2023-07-15,Prov Vehículos,LA MOLINA,AUTO HONDA CRV 2014,3,18000,54000
226,2023-07-15,Prov Repuestos,LA MOLINA,AMORTIGUADORES DELANTEROS,8,229,1832
227,2023-07-15,Prov Repuestos,LA MOLINA,"LLANTAS 18""",10,61,610
228,2023-07-15,Prov Repuestos,LA MOLINA,BATERÍA DE 18 PLACAS,5,100,500
229,2023-07-15,Prov Repuestos,SURCO,BATERÍA DE 18 PLACAS,21,100,2100
230,2023-07-15,Prov Repuestos,LA MOLINA,BATERÍA DE 18 PLACAS,45,100,4500
231,2023-08-01,Prov Repuestos,SURCO,ACEITE DE MOTOR 5W30 FULL SINTÉTICO,10,111,1110
232,2023-08-01,Prov Repuestos,SURCO,AMORTIGUADORES DELANTEROS,10,218,2180
233,2023-08-01,Prov Repuestos,SURCO,AMORTIGUADORES POSTERIORES,10,85,850
234,2023-08-01,Prov Repuestos,SURCO,"LLANTAS 18""",10,75,750
235,2023-08-01,Prov Repuestos,SURCO,BATERÍA DE 18 PLACAS,1,69,69
236,2023-08-01,Prov Repuestos,LA MOLINA,ACEITE DE MOTOR 5W30 FULL SINTÉTICO,10,111,1110
237,2023-08-01,Prov Repuestos,LA MOLINA,AMORTIGUADORES DELANTEROS,10,218,2180
238,2023-08-01,Prov Repuestos,LA MOLINA,"LLANTAS 18""",10,75,750
239,2023-08-01,Prov Repuestos,SURCO,ACEITE DE MOTOR 5W30 FULL SINTÉTICO,28,111,3108
240,2023-08-01,Prov Repuestos,LA MOLINA,"LLANTAS 18""",83,75,6225
241,2023-08-15,Prov Vehículos,SURCO,AUTO HONDA ACCORD 2014,3,15500,46500
242,2023-08-15,Prov Vehículos,SURCO,AUTO HONDA CIVIC 2014,2,19500,39000
243,2023-08-15,Prov Vehículos,SURCO,AUTO HONDA CRV 2014,1,16500,16500
244,2023-08-15,Prov Vehículos,SURCO,AUTO HONDA PILOT 2013,5,20000,100000
245,2023-08-15,Prov Vehículos,SURCO,AUTO HONDA FIT 2016,2,16000,32000
246,2023-08-15,Prov Vehículos,SURCO,AUTO HONDA CITY 2016,5,13500,67500
247,2023-08-15,Prov Repuestos,SURCO,AMORTIGUADORES DELANTEROS,10,218,2180
248,2023-08-15,Prov Repuestos,SURCO,AMORTIGUADORES POSTERIORES,10,85,850
249,2023-08-15,Prov Repuestos,SURCO,"LLANTAS 18""",10,75,750
250,2023-08-15,Prov Repuestos,SURCO,BATERÍA DE 18 PLACAS,5,69,345
251,2023-08-15,Prov Vehículos,LA MOLINA,AUTO HONDA ACCORD 2014,4,15500,62000
252,2023-08-15,Prov Vehículos,LA MOLINA,AUTO HONDA CIVIC 2014,3,19500,58500
253,2023-08-15,Prov Vehículos,LA MOLINA,AUTO HONDA ODISSEY 2013,2,18000,36000
254,2023-08-15,Prov Vehículos,LA MOLINA,AUTO HONDA CRV 2014,2,16500,33000
255,2023-08-15,Prov Repuestos,LA MOLINA,ACEITE DE MOTOR 5W30 FULL SINTÉTICO,10,111,1110
256,2023-08-15,Prov Repuestos,LA MOLINA,AMORTIGUADORES DELANTEROS,8,218,1744
257,2023-08-15,Prov Repuestos,LA MOLINA,AMORTIGUADORES POSTERIORES,10,85,850
258,2023-08-15,Prov Repuestos,SURCO,"LLANTAS 18""",18,75,1350
259,2023-08-15,Prov Repuestos,LA MOLINA,ACEITE DE MOTOR 5W30 FULL SINTÉTICO,47,111,5217
260,2023-09-01,Prov Repuestos,SURCO,ACEITE DE MOTOR 5W30 FULL SINTÉTICO,7,104,728
261,2023-09-01,Prov Repuestos,SURCO,AMORTIGUADORES DELANTEROS,10,192,1920
262,2023-09-01,Prov Repuestos,SURCO,AMORTIGUADORES POSTERIORES,10,95,950
263,2023-09-01,Prov Repuestos,SURCO,"LLANTAS 18""",9,54,486
264,2023-09-01,Prov Repuestos,SURCO,BATERÍA DE 18 PLACAS,5,80,400
265,2023-09-01,Prov Repuestos,LA MOLINA,AMORTIGUADORES DELANTEROS,10,192,1920
266,2023-09-01,Prov Repuestos,LA MOLINA,AMORTIGUADORES POSTERIORES,10,95,950
267,2023-09-01,Prov Repuestos,LA MOLINA,BATERÍA DE 18 PLACAS,5,80,400
268,2023-09-01,Prov Repuestos,SURCO,ACEITE DE MOTOR 5W30 FULL SINTÉTICO,35,104,3640
269,2023-09-01,Prov Repuestos,LA MOLINA,AMORTIGUADORES DELANTEROS,89,192,17088
270,2023-09-15,Prov Vehículos,SURCO,AUTO HONDA ACCORD 2014,2,17500,35000
271,2023-09-15,Prov Vehículos,SURCO,AUTO HONDA CIVIC 2014,3,19500,58500
272,2023-09-15,Prov Vehículos,SURCO,AUTO HONDA ODISSEY 2013,5,18000,90000
273,2023-09-15,Prov Vehículos,SURCO,AUTO HONDA CRV 2014,2,16500,33000
274,2023-09-15,Prov Vehículos,SURCO,AUTO HONDA PILOT 2013,5,16000,80000
275,2023-09-15,Prov Vehículos,SURCO,AUTO HONDA FIT 2016,3,18000,54000
276,2023-09-15,Prov Vehículos,SURCO,AUTO HONDA CITY 2016,4,13500,54000
277,2023-09-15,Prov Repuestos,SURCO,FILTRO DE COMBUSTIBLE,1,103,103
278,2023-09-15,Prov Repuestos,SURCO,AMORTIGUADORES DELANTEROS,10,192,1920
279,2023-09-15,Prov Repuestos,SURCO,AMORTIGUADORES POSTERIORES,10,95,950
280,2023-09-15,Prov Repuestos,SURCO,"LLANTAS 18""",10,54,540
281,2023-09-15,Prov Repuestos,SURCO,BATERÍA DE 18 PLACAS,5,80,400
282,2023-09-15,Prov Vehículos,LA MOLINA,AUTO HONDA ACCORD 2014,1,17500,17500
283,2023-09-15,Prov Vehículos,LA MOLINA,AUTO HONDA CIVIC 2014,1,19500,19500
284,2023-09-15,Prov Vehículos,LA MOLINA,AUTO HONDA ODISSEY 2013,4,18000,72000
285,2023-09-15,Prov Vehículos,LA MOLINA,AUTO HONDA CRV 2014,2,16500,33000
286,2023-09-15,Prov Repuestos,LA MOLINA,AMORTIGUADORES POSTERIORES,10,95,950
287,2023-09-15,Prov Repuestos,LA MOLINA,BATERÍA DE 18 PLACAS,5,80,400
288,2023-09-15,Prov Repuestos,SURCO,FILTRO DE COMBUSTIBLE,22,103,2266
289,2023-09-15,Prov Repuestos,LA MOLINA,"LLANTAS 18""",47,54,2538
290,2023-10-01,Prov Repuestos,SURCO,ACEITE DE MOTOR 5W30 FULL SINTÉTICO,7,102,714
291,2023-10-01,Prov Repuestos,SURCO,AMORTIGUADORES DELANTEROS,10,241,2410
292,2023-10-01,Prov Repuestos,SURCO,AMORTIGUADORES POSTERIORES,10,105,1050
293,2023-10-01,Prov Repuestos,SURCO,"LLANTAS 18""",10,57,570
294,2023-10-01,Prov Repuestos,SURCO,BATERÍA DE 18 PLACAS,5,82,410
295,2023-10-01,Prov Repuestos,LA MOLINA,ACEITE DE MOTOR 5W30 FULL SINTÉTICO,10,102,1020
296,2023-10-01,Prov Repuestos,LA MOLINA,AMORTIGUADORES POSTERIORES,10,105,1050
297,2023-10-01,Prov Repuestos,LA MOLINA,BATERÍA DE 18 PLACAS,5,82,410
298,2023-10-01,Prov Repuestos,SURCO,ACEITE DE MOTOR 5W30 FULL SINTÉTICO,17,102,1734
299,2023-10-01,Prov Repuestos,LA MOLINA,AMORTIGUADORES POSTERIORES,89,105,9345
300,2023-10-15,Prov Vehículos,SURCO,AUTO HONDA ACCORD 2014,3,16500,49500
301,2023-10-15,Prov Vehículos,SURCO,AUTO HONDA CIVIC 2014,1,19500,19500
302,2023-10-15,Prov Vehículos,SURCO,AUTO HONDA ODISSEY 2013,1,19000,19000
303,2023-10-15,Prov Vehículos,SURCO,AUTO HONDA CRV 2014,3,13500,40500
304,2023-10-15,Prov Vehículos,SURCO,AUTO HONDA PILOT 2013,5,16000,80000
305,2023-10-15,Prov Vehículos,SURCO,AUTO HONDA FIT 2016,5,18000,90000
306,2023-10-15,Prov Vehículos,SURCO,AUTO HONDA CITY 2016,5,14500,72500
307,2023-10-15,Prov Repuestos,SURCO,AMORTIGUADORES DELANTEROS,10,241,2410
308,2023-10-15,Prov Repuestos,SURCO,AMORTIGUADORES POSTERIORES,10,105,1050
309,2023-10-15,Prov Repuestos,SURCO,"LLANTAS 18""",10,57,570
310,2023-10-15,Prov Repuestos,SURCO,BATERÍA DE 18 PLACAS,5,82,410
311,2023-10-15,Prov Vehículos,LA MOLINA,AUTO HONDA ACCORD 2014,2,16500,33000
312,2023-10-15,Prov Vehículos,LA MOLINA,AUTO HONDA CIVIC 2014,1,19500,19500
313,2023-10-15,Prov Vehículos,LA MOLINA,AUTO HONDA ODISSEY 2013,4,19000,76000
314,2023-10-15,Prov Vehículos,LA MOLINA,AUTO HONDA CRV 2014,1,13500,13500
315,2023-10-15,Prov Repuestos,LA MOLINA,ACEITE DE MOTOR 5W30 FULL SINTÉTICO,10,102,1020
316,2023-10-15,Prov Repuestos,LA MOLINA,AMORTIGUADORES DELANTEROS,10,241,2410
317,2023-10-15,Prov Repuestos,LA MOLINA,BATERÍA DE 18 PLACAS,5,82,410
318,2023-10-15,Prov Repuestos,SURCO,AMORTIGUADORES DELANTEROS,23,241,5543
319,2023-10-15,Prov Repuestos,LA MOLINA,"LLANTAS 18""",42,57,2394
320,2023-11-01,Prov Repuestos,SURCO,ACEITE DE MOTOR 5W30 FULL SINTÉTICO,10,106,1060
321,2023-11-01,Prov Repuestos,SURCO,AMORTIGUADORES DELANTEROS,10,241,2410
322,2023-11-01,Prov Repuestos,SURCO,AMORTIGUADORES POSTERIORES,10,102,1020
323,2023-11-01,Prov Repuestos,SURCO,"LLANTAS 18""",10,60,600
324,2023-11-01,Prov Repuestos,SURCO,BATERÍA DE 18 PLACAS,5,76,380
325,2023-11-01,Prov Repuestos,LA MOLINA,ACEITE DE MOTOR 5W30 FULL SINTÉTICO,10,106,1060
326,2023-11-01,Prov Repuestos,LA MOLINA,AMORTIGUADORES DELANTEROS,10,241,2410
327,2023-11-01,Prov Repuestos,LA MOLINA,BATERÍA DE 18 PLACAS,5,76,380
328,2023-11-01,Prov Repuestos,SURCO,AMORTIGUADORES POSTERIORES,26,102,2652
329,2023-11-01,Prov Repuestos,LA MOLINA,ACEITE DE MOTOR 5W30 FULL SINTÉTICO,75,106,7950
330,2023-11-15,Prov Vehículos,SURCO,AUTO HONDA ACCORD 2014,1,16000,16000
331,2023-11-15,Prov Vehículos,SURCO,AUTO HONDA CIVIC 2014,3,20000,60000
332,2023-11-15,Prov Vehículos,SURCO,AUTO HONDA ODISSEY 2013,4,19000,76000
333,2023-11-15,Prov Vehículos,SURCO,AUTO HONDA CRV 2014,2,13500,27000
334,2023-11-15,Prov Vehículos,SURCO,AUTO HONDA PILOT 2013,3,17500,52500
335,2023-11-15,Prov Vehículos,SURCO,AUTO HONDA FIT 2016,4,16500,66000
336,2023-11-15,Prov Vehículos,SURCO,AUTO HONDA CITY 2016,5,16500,82500
337,2023-11-15,Prov Repuestos,SURCO,ACEITE DE MOTOR 5W30 FULL SINTÉTICO,10,106,1060
338,2023-11-15,Prov Repuestos,SURCO,AMORTIGUADORES DELANTEROS,10,241,2410
339,2023-11-15,Prov Repuestos,SURCO,"LLANTAS 18""",10,60,600
340,2023-11-15,Prov Repuestos,SURCO,BATERÍA DE 18 PLACAS,5,76,380
341,2023-11-15,Prov Vehículos,LA MOLINA,AUTO HONDA ACCORD 2014,3,16000,48000
342,2023-11-15,Prov Vehículos,LA MOLINA,AUTO HONDA CIVIC 2014,2,20000,40000
343,2023-11-15,Prov Vehículos,LA MOLINA,AUTO HONDA ODISSEY 2013,1,19000,19000
344,2023-11-15,Prov Vehículos,LA MOLINA,AUTO HONDA CRV 2014,2,13500,27000
345,2023-11-15,Prov Repuestos,LA MOLINA,AMORTIGUADORES DELANTEROS,10,241,2410
346,2023-11-15,Prov Repuestos,LA MOLINA,BATERÍA DE 18 PLACAS,5,76,380
347,2023-11-15,Prov Repuestos,SURCO,"LLANTAS 18""",27,60,1620
348,2023-11-15,Prov Repuestos,LA MOLINA,BATERÍA DE 18 PLACAS,47,76,3572
349,2023-12-01,Prov Repuestos,SURCO,ACEITE DE MOTOR 5W30 FULL SINTÉTICO,10,118,1180
350,2023-12-01,Prov Repuestos,SURCO,AMORTIGUADORES DELANTEROS,10,192,1920
351,2023-12-01,Prov Repuestos,SURCO,AMORTIGUADORES POSTERIORES,10,98,980
352,2023-12-01,Prov Repuestos,SURCO,"LLANTAS 18""",6,60,360
353,2023-12-01,Prov Repuestos,SURCO,BATERÍA DE 18 PLACAS,5,99,495
354,2023-12-01,Prov Repuestos,LA MOLINA,AMORTIGUADORES DELANTEROS,10,192,1920
355,2023-12-01,Prov Repuestos,LA MOLINA,AMORTIGUADORES POSTERIORES,10,98,980
356,2023-12-01,Prov Repuestos,LA MOLINA,"LLANTAS 18""",10,60,600
357,2023-12-01,Prov Repuestos,SURCO,ACEITE DE MOTOR 5W30 FULL SINTÉTICO,30,118,3540
358,2023-12-01,Prov Repuestos,LA MOLINA,AMORTIGUADORES DELANTEROS,79,192,15168
359,2023-12-15,Prov Vehículos,SURCO,AUTO HONDA CIVIC 2014,2,20000,40000
360,2023-12-15,Prov Vehículos,SURCO,AUTO HONDA ODISSEY 2013,1,16000,16000
361,2023-12-15,Prov Vehículos,SURCO,AUTO HONDA CRV 2014,1,17000,17000
362,2023-12-15,Prov Vehículos,SURCO,AUTO HONDA PILOT 2013,3,17500,52500
363,2023-12-15,Prov Vehículos,SURCO,AUTO HONDA FIT 2016,5,16500,82500
364,2023-12-15,Prov Vehículos,SURCO,AUTO HONDA CITY 2016,5,17500,87500
365,2023-12-15,Prov Repuestos,SURCO,AMORTIGUADORES DELANTEROS,10,192,1920
366,2023-12-15,Prov Repuestos,SURCO,AMORTIGUADORES POSTERIORES,10,98,980
367,2023-12-15,Prov Repuestos,SURCO,"LLANTAS 18""",10,60,600
368,2023-12-15,Prov Repuestos,SURCO,BATERÍA DE 18 PLACAS,5,99,495
369,2023-12-15,Prov Vehículos,LA MOLINA,AUTO HONDA CIVIC 2014,2,20000,40000
370,2023-12-15,Prov Vehículos,LA MOLINA,AUTO HONDA ODISSEY 2013,2,16000,32000
371,2023-12-15,Prov Vehículos,LA MOLINA,AUTO HONDA CRV 2014,1,17000,17000
372,2023-12-15,Prov Repuestos,LA MOLINA,AMORTIGUADORES POSTERIORES,10,98,980
373,2023-12-15,Prov Repuestos,LA MOLINA,"LLANTAS 18""",10,60,600
374,2023-12-15,Prov Repuestos,SURCO,AMORTIGUADORES POSTERIORES,23,98,2254
375,2023-12-15,Prov Repuestos,LA MOLINA,AMORTIGUADORES DELANTEROS,42,192,8064
376,2024-01-01,Prov Repuestos,SURCO,ACEITE DE MOTOR 5W30 FULL SINTÉTICO,10,88,880
377,2024-01-01,Prov Repuestos,SURCO,AMORTIGUADORES DELANTEROS,10,217,2170
378,2024-01-01,Prov Repuestos,SURCO,AMORTIGUADORES POSTERIORES,10,105,1050
379,2024-01-01,Prov Repuestos,SURCO,"LLANTAS 18""",10,65,650
380,2024-01-01,Prov Repuestos,SURCO,BATERÍA DE 18 PLACAS,5,90,450
381,2024-01-01,Prov Repuestos,LA MOLINA,ACEITE DE MOTOR 5W30 FULL SINTÉTICO,7,88,616
382,2024-01-01,Prov Repuestos,LA MOLINA,AMORTIGUADORES POSTERIORES,10,105,1050
383,2024-01-01,Prov Repuestos,LA MOLINA,"LLANTAS 18""",10,65,650
384,2024-01-01,Prov Repuestos,LA MOLINA,BATERÍA DE 18 PLACAS,5,90,450
385,2024-01-01,Prov Repuestos,SURCO,FILTRO DE COMBUSTIBLE,35,117,4095
386,2024-01-01,Prov Repuestos,LA MOLINA,FILTRO DE COMBUSTIBLE,108,117,12636
387,2024-01-15,Prov Vehículos,SURCO,AUTO HONDA ODISSEY 2013,1,21000,21000
388,2024-01-15,Prov Vehículos,SURCO,AUTO HONDA CRV 2014,3,17000,51000
389,2024-01-15,Prov Vehículos,SURCO,AUTO HONDA PILOT 2013,3,18000,54000
390,2024-01-15,Prov Vehículos,SURCO,AUTO HONDA FIT 2016,5,18500,92500
391,2024-01-15,Prov Vehículos,SURCO,AUTO HONDA CITY 2016,4,20500,82000
392,2024-01-15,Prov Repuestos,SURCO,ACEITE DE MOTOR 5W30 FULL SINTÉTICO,10,88,880
393,2024-01-15,Prov Repuestos,SURCO,AMORTIGUADORES DELANTEROS,10,217,2170
394,2024-01-15,Prov Repuestos,SURCO,AMORTIGUADORES POSTERIORES,10,105,1050
395,2024-01-15,Prov Repuestos,SURCO,"LLANTAS 18""",10,65,650
396,2024-01-15,Prov Repuestos,SURCO,BATERÍA DE 18 PLACAS,5,90,450
397,2024-01-15,Prov Vehículos,LA MOLINA,AUTO HONDA ACCORD 2014,3,19000,57000
398,2024-01-15,Prov Vehículos,LA MOLINA,AUTO HONDA CIVIC 2014,2,20000,40000
399,2024-01-15,Prov Vehículos,LA MOLINA,AUTO HONDA CRV 2014,3,17000,51000
400,2024-01-15,Prov Repuestos,LA MOLINA,ACEITE DE MOTOR 5W30 FULL SINTÉTICO,10,88,880
401,2024-01-15,Prov Repuestos,LA MOLINA,AMORTIGUADORES POSTERIORES,10,105,1050
402,2024-01-15,Prov Repuestos,LA MOLINA,"LLANTAS 18""",10,65,650
403,2024-01-15,Prov Repuestos,LA MOLINA,BATERÍA DE 18 PLACAS,5,90,450
404,2024-01-15,Prov Repuestos,SURCO,AMORTIGUADORES DELANTEROS,1,217,217
405,2024-01-15,Prov Repuestos,LA MOLINA,"LLANTAS 18""",12,65,780
406,2024-02-01,Prov Repuestos,SURCO,ACEITE DE MOTOR 5W30 FULL SINTÉTICO,10,119,1190
407,2024-02-01,Prov Repuestos,SURCO,AMORTIGUADORES DELANTEROS,10,219,2190
408,2024-02-01,Prov Repuestos,SURCO,AMORTIGUADORES POSTERIORES,10,102,1020
409,2024-02-01,Prov Repuestos,SURCO,"LLANTAS 18""",10,49,490
410,2024-02-01,Prov Repuestos,SURCO,BATERÍA DE 18 PLACAS,5,93,465
411,2024-02-01,Prov Repuestos,LA MOLINA,ACEITE DE MOTOR 5W30 FULL SINTÉTICO,10,119,1190
412,2024-02-01,Prov Repuestos,LA MOLINA,AMORTIGUADORES DELANTEROS,10,219,2190
413,2024-02-01,Prov Repuestos,LA MOLINA,AMORTIGUADORES POSTERIORES,10,102,1020
414,2024-02-01,Prov Repuestos,LA MOLINA,"LLANTAS 18""",10,49,490
415,2024-02-01,Prov Repuestos,LA MOLINA,BATERÍA DE 18 PLACAS,5,93,465
416,2024-02-01,Prov Repuestos,SURCO,FILTRO DE COMBUSTIBLE,1,105,105
417,2024-02-01,Prov Repuestos,LA MOLINA,AMORTIGUADORES POSTERIORES,42,102,4284
418,2024-02-15,Prov Vehículos,SURCO,AUTO HONDA ACCORD 2014,1,16500,16500
419,2024-02-15,Prov Vehículos,SURCO,AUTO HONDA CIVIC 2014,2,18000,36000
420,2024-02-15,Prov Vehículos,SURCO,AUTO HONDA ODISSEY 2013,1,16500,16500
421,2024-02-15,Prov Vehículos,SURCO,AUTO HONDA CRV 2014,1,17000,17000
422,2024-02-15,Prov Vehículos,SURCO,AUTO HONDA PILOT 2013,5,17000,85000
423,2024-02-15,Prov Vehículos,SURCO,AUTO HONDA FIT 2016,4,18000,72000
424,2024-02-15,Prov Vehículos,SURCO,AUTO HONDA CITY 2016,4,20500,82000
425,2024-02-15,Prov Repuestos,SURCO,ACEITE DE MOTOR 5W30 FULL SINTÉTICO,10,119,1190
426,2024-02-15,Prov Repuestos,SURCO,AMORTIGUADORES DELANTEROS,10,219,2190
427,2024-02-15,Prov Repuestos,SURCO,AMORTIGUADORES POSTERIORES,6,102,612
428,2024-02-15,Prov Repuestos,SURCO,"LLANTAS 18""",10,49,490
429,2024-02-15,Prov Repuestos,SURCO,BATERÍA DE 18 PLACAS,5,93,465
430,2024-02-15,Prov Vehículos,LA MOLINA,AUTO HONDA ACCORD 2014,1,16500,16500
431,2024-02-15,Prov Vehículos,LA MOLINA,AUTO HONDA CIVIC 2014,3,18000,54000
432,2024-02-15,Prov Vehículos,LA MOLINA,AUTO HONDA ODISSEY 2013,4,16500,66000
433,2024-02-15,Prov Vehículos,LA MOLINA,AUTO HONDA CRV 2014,2,17000,34000
434,2024-02-15,Prov Repuestos,LA MOLINA,ACEITE DE MOTOR 5W30 FULL SINTÉTICO,10,119,1190
435,2024-02-15,Prov Repuestos,LA MOLINA,AMORTIGUADORES DELANTEROS,10,219,2190
436,2024-02-15,Prov Repuestos,LA MOLINA,"LLANTAS 18""",10,49,490
437,2024-02-15,Prov Repuestos,LA MOLINA,BATERÍA DE 18 PLACAS,5,93,465
438,2024-02-15,Prov Repuestos,SURCO,ACEITE DE MOTOR 5W30 FULL SINTÉTICO,5,119,595
439,2024-02-15,Prov Repuestos,LA MOLINA,BATERÍA DE 18 PLACAS,7,93,651
440,2024-03-01,Prov Repuestos,SURCO,ACEITE DE MOTOR 5W30 FULL SINTÉTICO,10,109,1090
441,2024-03-01,Prov Repuestos,SURCO,AMORTIGUADORES DELANTEROS,10,222,2220
442,2024-03-01,Prov Repuestos,SURCO,AMORTIGUADORES POSTERIORES,10,74,740
443,2024-03-01,Prov Repuestos,SURCO,"LLANTAS 18""",10,62,620
444,2024-03-01,Prov Repuestos,SURCO,BATERÍA DE 18 PLACAS,5,91,455
445,2024-03-01,Prov Repuestos,LA MOLINA,ACEITE DE MOTOR 5W30 FULL SINTÉTICO,10,109,1090
446,2024-03-01,Prov Repuestos,LA MOLINA,AMORTIGUADORES DELANTEROS,10,222,2220
447,2024-03-01,Prov Repuestos,LA MOLINA,"LLANTAS 18""",10,62,620
448,2024-03-01,Prov Repuestos,LA MOLINA,BATERÍA DE 18 PLACAS,5,91,455
449,2024-03-01,Prov Repuestos,SURCO,ACEITE DE MOTOR 5W30 FULL SINTÉTICO,5,109,545
450,2024-03-01,Prov Repuestos,LA MOLINA,AMORTIGUADORES POSTERIORES,30,74,2220
451,2024-03-15,Prov Vehículos,SURCO,AUTO HONDA ACCORD 2014,1,20500,20500
452,2024-03-15,Prov Vehículos,SURCO,AUTO HONDA CIVIC 2014,2,18000,36000
453,2024-03-15,Prov Vehículos,SURCO,AUTO HONDA ODISSEY 2013,2,14000,28000
454,2024-03-15,Prov Vehículos,SURCO,AUTO HONDA CRV 2014,4,20000,80000
455,2024-03-15,Prov Vehículos,SURCO,AUTO HONDA PILOT 2013,3,17000,51000
456,2024-03-15,Prov Vehículos,SURCO,AUTO HONDA FIT 2016,5,15500,77500
457,2024-03-15,Prov Vehículos,SURCO,AUTO HONDA CITY 2016,3,18500,55500
458,2024-03-15,Prov Repuestos,SURCO,ACEITE DE MOTOR 5W30 FULL SINTÉTICO,10,109,1090
459,2024-03-15,Prov Repuestos,SURCO,AMORTIGUADORES DELANTEROS,10,222,2220
460,2024-03-15,Prov Repuestos,SURCO,AMORTIGUADORES POSTERIORES,10,74,740
461,2024-03-15,Prov Repuestos,SURCO,"LLANTAS 18""",10,62,620
462,2024-03-15,Prov Repuestos,SURCO,BATERÍA DE 18 PLACAS,5,91,455
463,2024-03-15,Prov Vehículos,LA MOLINA,AUTO HONDA ACCORD 2014,1,20500,20500
464,2024-03-15,Prov Vehículos,LA MOLINA,AUTO HONDA CIVIC 2014,1,18000,18000
465,2024-03-15,Prov Vehículos,LA MOLINA,AUTO HONDA ODISSEY 2013,1,14000,14000
466,2024-03-15,Prov Vehículos,LA MOLINA,AUTO HONDA CRV 2014,2,20000,40000
467,2024-03-15,Prov Repuestos,LA MOLINA,ACEITE DE MOTOR 5W30 FULL SINTÉTICO,10,109,1090
468,2024-03-15,Prov Repuestos,LA MOLINA,AMORTIGUADORES DELANTEROS,10,222,2220
469,2024-03-15,Prov Repuestos,LA MOLINA,"LLANTAS 18""",10,62,620
470,2024-03-15,Prov Repuestos,LA MOLINA,BATERÍA DE 18 PLACAS,5,91,455
471,2024-03-15,Prov Repuestos,SURCO,FILTRO DE COMBUSTIBLE,9,90,810
472,2024-03-15,Prov Repuestos,LA MOLINA,AMORTIGUADORES DELANTEROS,28,222,6216
473,2024-04-01,Prov Repuestos,SURCO,ACEITE DE MOTOR 5W30 FULL SINTÉTICO,10,88,880
474,2024-04-01,Prov Repuestos,SURCO,AMORTIGUADORES DELANTEROS,10,206,2060
475,2024-04-01,Prov Repuestos,SURCO,AMORTIGUADORES POSTERIORES,10,81,810
476,2024-04-01,Prov Repuestos,SURCO,"LLANTAS 18""",10,66,660
477,2024-04-01,Prov Repuestos,SURCO,BATERÍA DE 18 PLACAS,5,91,455
478,2024-04-01,Prov Repuestos,LA MOLINA,ACEITE DE MOTOR 5W30 FULL SINTÉTICO,10,88,880
479,2024-04-01,Prov Repuestos,LA MOLINA,AMORTIGUADORES DELANTEROS,10,206,2060
480,2024-04-01,Prov Repuestos,LA MOLINA,AMORTIGUADORES POSTERIORES,10,81,810
481,2024-04-01,Prov Repuestos,LA MOLINA,"LLANTAS 18""",10,66,660
482,2024-04-01,Prov Repuestos,LA MOLINA,BATERÍA DE 18 PLACAS,5,91,455
483,2024-04-01,Prov Repuestos,LA MOLINA,BATERÍA DE 18 PLACAS,52,91,4732
484,2024-04-15,Prov Vehículos,SURCO,AUTO HONDA ACCORD 2014,2,20500,41000
485,2024-04-15,Prov Vehículos,SURCO,AUTO HONDA CIVIC 2014,2,18000,36000
486,2024-04-15,Prov Vehículos,SURCO,AUTO HONDA PILOT 2013,5,20500,102500
487,2024-04-15,Prov Vehículos,SURCO,AUTO HONDA FIT 2016,2,16500,33000
488,2024-04-15,Prov Repuestos,SURCO,ACEITE DE MOTOR 5W30 FULL SINTÉTICO,10,88,880
489,2024-04-15,Prov Repuestos,SURCO,AMORTIGUADORES DELANTEROS,10,206,2060
490,2024-04-15,Prov Repuestos,SURCO,AMORTIGUADORES POSTERIORES,10,81,810
491,2024-04-15,Prov Repuestos,SURCO,"LLANTAS 18""",10,66,660
492,2024-04-15,Prov Repuestos,SURCO,BATERÍA DE 18 PLACAS,5,91,455
493,2024-04-15,Prov Vehículos,LA MOLINA,AUTO HONDA ACCORD 2014,4,20500,82000
494,2024-04-15,Prov Vehículos,LA MOLINA,AUTO HONDA ODISSEY 2013,1,14500,14500
495,2024-04-15,Prov Repuestos,LA MOLINA,ACEITE DE MOTOR 5W30 FULL SINTÉTICO,10,88,880
496,2024-04-15,Prov Repuestos,LA MOLINA,AMORTIGUADORES DELANTEROS,10,206,2060
497,2024-04-15,Prov Repuestos,LA MOLINA,AMORTIGUADORES POSTERIORES,10,81,810
498,2024-04-15,Prov Repuestos,LA MOLINA,"LLANTAS 18""",10,66,660
499,2024-04-15,Prov Repuestos,SURCO,AMORTIGUADORES DELANTEROS,4,206,824
500,2024-04-15,Prov Repuestos,LA MOLINA,BATERÍA DE 18 PLACAS,17,91,1547
501,2024-05-01,Prov Repuestos,SURCO,ACEITE DE MOTOR 5W30 FULL SINTÉTICO,10,94,940
502,2024-05-01,Prov Repuestos,SURCO,AMORTIGUADORES DELANTEROS,10,234,2340
503,2024-05-01,Prov Repuestos,SURCO,AMORTIGUADORES POSTERIORES,10,76,760
504,2024-05-01,Prov Repuestos,SURCO,"LLANTAS 18""",10,65,650
505,2024-05-01,Prov Repuestos,SURCO,BATERÍA DE 18 PLACAS,5,85,425
506,2024-05-01,Prov Repuestos,LA MOLINA,ACEITE DE MOTOR 5W30 FULL SINTÉTICO,10,94,940
507,2024-05-01,Prov Repuestos,LA MOLINA,AMORTIGUADORES DELANTEROS,10,234,2340
508,2024-05-01,Prov Repuestos,LA MOLINA,AMORTIGUADORES POSTERIORES,10,76,760
509,2024-05-01,Prov Repuestos,LA MOLINA,"LLANTAS 18""",10,65,650
510,2024-05-01,Prov Repuestos,SURCO,ACEITE DE MOTOR 5W30 FULL SINTÉTICO,4,94,376
511,2024-05-01,Prov Repuestos,LA MOLINA,"LLANTAS 18""",29,65,1885
512,2024-05-15,Prov Vehículos,SURCO,AUTO HONDA ACCORD 2014,4,20500,82000
513,2024-05-15,Prov Vehículos,SURCO,AUTO HONDA CIVIC 2014,2,18000,36000
514,2024-05-15,Prov Vehículos,SURCO,AUTO HONDA ODISSEY 2013,3,19000,57000
515,2024-05-15,Prov Vehículos,SURCO,AUTO HONDA CRV 2014,1,20000,20000
516,2024-05-15,Prov Vehículos,SURCO,AUTO HONDA PILOT 2013,3,20500,61500
517,2024-05-15,Prov Vehículos,SURCO,AUTO HONDA FIT 2016,2,16500,33000
518,2024-05-15,Prov Vehículos,SURCO,AUTO HONDA CITY 2016,4,17000,68000
519,2024-05-15,Prov Repuestos,SURCO,ACEITE DE MOTOR 5W30 FULL SINTÉTICO,10,94,940
520,2024-05-15,Prov Repuestos,SURCO,AMORTIGUADORES DELANTEROS,10,234,2340
521,2024-05-15,Prov Repuestos,SURCO,AMORTIGUADORES POSTERIORES,10,76,760
522,2024-05-15,Prov Repuestos,SURCO,"LLANTAS 18""",10,65,650
523,2024-05-15,Prov Repuestos,SURCO,BATERÍA DE 18 PLACAS,4,85,340
524,2024-05-15,Prov Vehículos,LA MOLINA,AUTO HONDA ACCORD 2014,2,20500,41000
525,2024-05-15,Prov Vehículos,LA MOLINA,AUTO HONDA CIVIC 2014,2,18000,36000
526,2024-05-15,Prov Vehículos,LA MOLINA,AUTO HONDA ODISSEY 2013,1,19000,19000
527,2024-05-15,Prov Vehículos,LA MOLINA,AUTO HONDA CRV 2014,1,20000,20000
528,2024-05-15,Prov Repuestos,LA MOLINA,ACEITE DE MOTOR 5W30 FULL SINTÉTICO,10,94,940
529,2024-05-15,Prov Repuestos,LA MOLINA,AMORTIGUADORES DELANTEROS,10,234,2340
530,2024-05-15,Prov Repuestos,LA MOLINA,AMORTIGUADORES POSTERIORES,10,76,760
531,2024-05-15,Prov Repuestos,LA MOLINA,"LLANTAS 18""",1,65,65
532,2024-05-15,Prov Repuestos,SURCO,ACEITE DE MOTOR 5W30 FULL SINTÉTICO,9,94,846
533,2024-05-15,Prov Repuestos,LA MOLINA,FILTRO DE COMBUSTIBLE,44,102,4488
534,2024-06-01,Prov Repuestos,SURCO,ACEITE DE MOTOR 5W30 FULL SINTÉTICO,10,122,1220
535,2024-06-01,Prov Repuestos,SURCO,AMORTIGUADORES DELANTEROS,10,236,2360
536,2024-06-01,Prov Repuestos,SURCO,AMORTIGUADORES POSTERIORES,10,70,700
537,2024-06-01,Prov Repuestos,SURCO,"LLANTAS 18""",10,57,570
538,2024-06-01,Prov Repuestos,SURCO,BATERÍA DE 18 PLACAS,5,84,420
539,2024-06-01,Prov Repuestos,LA MOLINA,ACEITE DE MOTOR 5W30 FULL SINTÉTICO,10,122,1220
540,2024-06-01,Prov Repuestos,LA MOLINA,AMORTIGUADORES DELANTEROS,10,236,2360
541,2024-06-01,Prov Repuestos,LA MOLINA,AMORTIGUADORES POSTERIORES,10,70,700
542,2024-06-01,Prov Repuestos,LA MOLINA,"LLANTAS 18""",10,57,570
543,2024-06-01,Prov Repuestos,LA MOLINA,BATERÍA DE 18 PLACAS,5,84,420
544,2024-06-01,Prov Repuestos,SURCO,BATERÍA DE 18 PLACAS,9,84,756
545,2024-06-01,Prov Repuestos,LA MOLINA,BATERÍA DE 18 PLACAS,16,84,1344
546,2024-06-15,Prov Vehículos,SURCO,AUTO HONDA ACCORD 2014,1,16000,16000
547,2024-06-15,Prov Vehículos,SURCO,AUTO HONDA CIVIC 2014,2,17500,35000
548,2024-06-15,Prov Vehículos,SURCO,AUTO HONDA ODISSEY 2013,1,19000,19000
549,2024-06-15,Prov Vehículos,SURCO,AUTO HONDA CRV 2014,1,20000,20000
550,2024-06-15,Prov Vehículos,SURCO,AUTO HONDA PILOT 2013,3,20500,61500
551,2024-06-15,Prov Vehículos,SURCO,AUTO HONDA FIT 2016,3,20000,60000
552,2024-06-15,Prov Vehículos,SURCO,AUTO HONDA CITY 2016,5,17000,85000
553,2024-06-15,Prov Repuestos,SURCO,ACEITE DE MOTOR 5W30 FULL SINTÉTICO,10,122,1220
554,2024-06-15,Prov Repuestos,SURCO,AMORTIGUADORES DELANTEROS,10,236,2360
555,2024-06-15,Prov Repuestos,SURCO,AMORTIGUADORES POSTERIORES,7,70,490
556,2024-06-15,Prov Repuestos,SURCO,"LLANTAS 18""",10,57,570
557,2024-06-15,Prov Repuestos,SURCO,BATERÍA DE 18 PLACAS,1,84,84
558,2024-06-15,Prov Vehículos,LA MOLINA,AUTO HONDA ACCORD 2014,5,16000,80000
559,2024-06-15,Prov Vehículos,LA MOLINA,AUTO HONDA CIVIC 2014,2,17500,35000
560,2024-06-15,Prov Vehículos,LA MOLINA,AUTO HONDA CRV 2014,4,20000,80000
561,2024-06-15,Prov Repuestos,LA MOLINA,ACEITE DE MOTOR 5W30 FULL SINTÉTICO,10,122,1220
562,2024-06-15,Prov Repuestos,LA MOLINA,AMORTIGUADORES DELANTEROS,10,236,2360
563,2024-06-15,Prov Repuestos,LA MOLINA,AMORTIGUADORES POSTERIORES,10,70,700
564,2024-06-15,Prov Repuestos,LA MOLINA,"LLANTAS 18""",10,57,570
565,2024-06-15,Prov Repuestos,SURCO,"LLANTAS 18""",16,57,912
566,2024-06-15,Prov Repuestos,LA MOLINA,"LLANTAS 18""",13,57,741
567,2024-07-01,Prov Repuestos,SURCO,ACEITE DE MOTOR 5W30 FULL SINTÉTICO,10,86,860
568,2024-07-01,Prov Repuestos,SURCO,AMORTIGUADORES DELANTEROS,10,243,2430
569,2024-07-01,Prov Repuestos,SURCO,AMORTIGUADORES POSTERIORES,10,100,1000
570,2024-07-01,Prov Repuestos,SURCO,"LLANTAS 18""",10,52,520
571,2024-07-01,Prov Repuestos,SURCO,BATERÍA DE 18 PLACAS,5,97,485
572,2024-07-01,Prov Repuestos,LA MOLINA,ACEITE DE MOTOR 5W30 FULL SINTÉTICO,10,86,860
573,2024-07-01,Prov Repuestos,LA MOLINA,AMORTIGUADORES DELANTEROS,10,243,2430
574,2024-07-01,Prov Repuestos,LA MOLINA,AMORTIGUADORES POSTERIORES,10,100,1000
575,2024-07-01,Prov Repuestos,LA MOLINA,"LLANTAS 18""",10,52,520
576,2024-07-01,Prov Repuestos,LA MOLINA,BATERÍA DE 18 PLACAS,5,97,485
577,2024-07-01,Prov Repuestos,SURCO,"LLANTAS 18""",21,52,1092
578,2024-07-01,Prov Repuestos,LA MOLINA,AMORTIGUADORES DELANTEROS,27,243,6561
579,2024-07-15,Prov Vehículos,SURCO,AUTO HONDA ACCORD 2014,2,16000,32000
580,2024-07-15,Prov Vehículos,SURCO,AUTO HONDA CIVIC 2014,2,17500,35000
581,2024-07-15,Prov Vehículos,SURCO,AUTO HONDA ODISSEY 2013,1,16500,16500
582,2024-07-15,Prov Vehículos,SURCO,AUTO HONDA PILOT 2013,4,19500,78000
583,2024-07-15,Prov Vehículos,SURCO,AUTO HONDA FIT 2016,4,20000,80000
584,2024-07-15,Prov Vehículos,SURCO,AUTO HONDA CITY 2016,5,15500,77500
585,2024-07-15,Prov Repuestos,SURCO,ACEITE DE MOTOR 5W30 FULL SINTÉTICO,8,86,688
586,2024-07-15,Prov Repuestos,SURCO,AMORTIGUADORES DELANTEROS,9,243,2187
587,2024-07-15,Prov Repuestos,SURCO,AMORTIGUADORES POSTERIORES,10,100,1000
588,2024-07-15,Prov Repuestos,SURCO,"LLANTAS 18""",3,52,156
589,2024-07-15,Prov Repuestos,SURCO,BATERÍA DE 18 PLACAS,5,97,485
590,2024-07-15,Prov Vehículos,LA MOLINA,AUTO HONDA CIVIC 2014,2,17500,35000
591,2024-07-15,Prov Vehículos,LA MOLINA,AUTO HONDA ODISSEY 2013,2,16500,33000
592,2024-07-15,Prov Repuestos,LA MOLINA,ACEITE DE MOTOR 5W30 FULL SINTÉTICO,10,86,860
593,2024-07-15,Prov Repuestos,LA MOLINA,AMORTIGUADORES POSTERIORES,10,100,1000
594,2024-07-15,Prov Repuestos,LA MOLINA,"LLANTAS 18""",10,52,520
595,2024-07-15,Prov Repuestos,LA MOLINA,BATERÍA DE 18 PLACAS,5,97,485
596,2024-07-15,Prov Repuestos,SURCO,ACEITE DE MOTOR 5W30 FULL SINTÉTICO,26,86,2236
597,2024-07-15,Prov Repuestos,LA MOLINA,"LLANTAS 18""",16,52,832
598,2024-08-01,Prov Repuestos,SURCO,ACEITE DE MOTOR 5W30 FULL SINTÉTICO,10,97,970
599,2024-08-01,Prov Repuestos,SURCO,AMORTIGUADORES DELANTEROS,10,228,2280
600,2024-08-01,Prov Repuestos,SURCO,AMORTIGUADORES POSTERIORES,10,77,770
601,2024-08-01,Prov Repuestos,SURCO,"LLANTAS 18""",10,60,600
602,2024-08-01,Prov Repuestos,SURCO,BATERÍA DE 18 PLACAS,5,82,410
603,2024-08-01,Prov Repuestos,LA MOLINA,ACEITE DE MOTOR 5W30 FULL SINTÉTICO,10,97,970
604,2024-08-01,Prov Repuestos,LA MOLINA,AMORTIGUADORES DELANTEROS,10,228,2280
605,2024-08-01,Prov Repuestos,LA MOLINA,AMORTIGUADORES POSTERIORES,10,77,770
606,2024-08-01,Prov Repuestos,LA MOLINA,"LLANTAS 18""",10,60,600
607,2024-08-01,Prov Repuestos,LA MOLINA,BATERÍA DE 18 PLACAS,5,82,410
608,2024-08-01,Prov Repuestos,SURCO,AMORTIGUADORES POSTERIORES,26,77,2002
609,2024-08-01,Prov Repuestos,LA MOLINA,BATERÍA DE 18 PLACAS,31,82,2542
610,2024-08-15,Prov Vehículos,SURCO,AUTO HONDA ODISSEY 2013,3,14000,42000
611,2024-08-15,Prov Vehículos,SURCO,AUTO HONDA CRV 2014,1,20500,20500
612,2024-08-15,Prov Vehículos,SURCO,AUTO HONDA FIT 2016,5,17000,85000
613,2024-08-15,Prov Vehículos,SURCO,AUTO HONDA CITY 2016,5,15500,77500
614,2024-08-15,Prov Repuestos,SURCO,ACEITE DE MOTOR 5W30 FULL SINTÉTICO,10,97,970
615,2024-08-15,Prov Repuestos,SURCO,AMORTIGUADORES DELANTEROS,10,228,2280
616,2024-08-15,Prov Repuestos,SURCO,AMORTIGUADORES POSTERIORES,3,77,231
617,2024-08-15,Prov Repuestos,SURCO,"LLANTAS 18""",10,60,600
618,2024-08-15,Prov Repuestos,SURCO,BATERÍA DE 18 PLACAS,2,82,164
619,2024-08-15,Prov Vehículos,LA MOLINA,AUTO HONDA ACCORD 2014,3,16000,48000
620,2024-08-15,Prov Vehículos,LA MOLINA,AUTO HONDA CIVIC 2014,2,17500,35000
621,2024-08-15,Prov Vehículos,LA MOLINA,AUTO HONDA ODISSEY 2013,1,14000,14000
622,2024-08-15,Prov Vehículos,LA MOLINA,AUTO HONDA CRV 2014,1,20500,20500
623,2024-08-15,Prov Repuestos,LA MOLINA,ACEITE DE MOTOR 5W30 FULL SINTÉTICO,10,97,970
624,2024-08-15,Prov Repuestos,LA MOLINA,AMORTIGUADORES DELANTEROS,10,228,2280
625,2024-08-15,Prov Repuestos,LA MOLINA,AMORTIGUADORES POSTERIORES,10,77,770
626,2024-08-15,Prov Repuestos,LA MOLINA,"LLANTAS 18""",10,60,600
627,2024-08-15,Prov Repuestos,SURCO,"LLANTAS 18""",30,60,1800
628,2024-08-15,Prov Repuestos,LA MOLINA,BATERÍA DE 18 PLACAS,12,82,984
629,2024-09-01,Prov Repuestos,SURCO,ACEITE DE MOTOR 5W30 FULL SINTÉTICO,10,90,900
630,2024-09-01,Prov Repuestos,SURCO,AMORTIGUADORES DELANTEROS,10,204,2040
631,2024-09-01,Prov Repuestos,SURCO,AMORTIGUADORES POSTERIORES,10,102,1020
632,2024-09-01,Prov Repuestos,SURCO,"LLANTAS 18""",10,62,620
633,2024-09-01,Prov Repuestos,SURCO,BATERÍA DE 18 PLACAS,5,92,460
634,2024-09-01,Prov Repuestos,LA MOLINA,ACEITE DE MOTOR 5W30 FULL SINTÉTICO,10,90,900
635,2024-09-01,Prov Repuestos,LA MOLINA,AMORTIGUADORES DELANTEROS,10,204,2040
636,2024-09-01,Prov Repuestos,LA MOLINA,AMORTIGUADORES POSTERIORES,10,102,1020
637,2024-09-01,Prov Repuestos,LA MOLINA,"LLANTAS 18""",10,62,620
638,2024-09-01,Prov Repuestos,SURCO,BATERÍA DE 18 PLACAS,30,92,2760
639,2024-09-01,Prov Repuestos,LA MOLINA,FILTRO DE COMBUSTIBLE,22,100,2200
640,2024-09-15,Prov Vehículos,SURCO,AUTO HONDA ACCORD 2014,5,16000,80000
641,2024-09-15,Prov Vehículos,SURCO,AUTO HONDA CIVIC 2014,1,16000,16000
642,2024-09-15,Prov Vehículos,SURCO,AUTO HONDA CRV 2014,1,19000,19000
643,2024-09-15,Prov Vehículos,SURCO,AUTO HONDA PILOT 2013,5,17500,87500
644,2024-09-15,Prov Vehículos,SURCO,AUTO HONDA FIT 2016,4,17000,68000
645,2024-09-15,Prov Vehículos,SURCO,AUTO HONDA CITY 2016,2,17000,34000
646,2024-09-15,Prov Repuestos,SURCO,ACEITE DE MOTOR 5W30 FULL SINTÉTICO,10,90,900
647,2024-09-15,Prov Repuestos,SURCO,AMORTIGUADORES DELANTEROS,9,204,1836
648,2024-09-15,Prov Repuestos,SURCO,AMORTIGUADORES POSTERIORES,10,102,1020
649,2024-09-15,Prov Repuestos,SURCO,"LLANTAS 18""",10,62,620
650,2024-09-15,Prov Vehículos,LA MOLINA,AUTO HONDA ACCORD 2014,2,16000,32000
651,2024-09-15,Prov Vehículos,LA MOLINA,AUTO HONDA CIVIC 2014,3,16000,48000
652,2024-09-15,Prov Vehículos,LA MOLINA,AUTO HONDA CRV 2014,2,19000,38000
653,2024-09-15,Prov Repuestos,LA MOLINA,ACEITE DE MOTOR 5W30 FULL SINTÉTICO,10,90,900
654,2024-09-15,Prov Repuestos,LA MOLINA,AMORTIGUADORES DELANTEROS,10,204,2040
655,2024-09-15,Prov Repuestos,LA MOLINA,AMORTIGUADORES POSTERIORES,10,102,1020
656,2024-09-15,Prov Repuestos,LA MOLINA,"LLANTAS 18""",10,62,620
657,2024-09-15,Prov Repuestos,SURCO,FILTRO DE COMBUSTIBLE,18,100,1800
658,2024-09-15,Prov Repuestos,LA MOLINA,FILTRO DE COMBUSTIBLE,14,100,1400
659,2024-10-01,Prov Repuestos,SURCO,ACEITE DE MOTOR 5W30 FULL SINTÉTICO,10,108,1080
660,2024-10-01,Prov Repuestos,SURCO,AMORTIGUADORES DELANTEROS,10,216,2160
661,2024-10-01,Prov Repuestos,SURCO,AMORTIGUADORES POSTERIORES,10,101,1010
662,2024-10-01,Prov Repuestos,SURCO,"LLANTAS 18""",10,78,780
663,2024-10-01,Prov Repuestos,SURCO,BATERÍA DE 18 PLACAS,5,87,435
664,2024-10-01,Prov Repuestos,LA MOLINA,ACEITE DE MOTOR 5W30 FULL SINTÉTICO,10,108,1080
665,2024-10-01,Prov Repuestos,LA MOLINA,AMORTIGUADORES DELANTEROS,10,216,2160
666,2024-10-01,Prov Repuestos,LA MOLINA,AMORTIGUADORES POSTERIORES,10,101,1010
667,2024-10-01,Prov Repuestos,LA MOLINA,"LLANTAS 18""",10,78,780
668,2024-10-01,Prov Repuestos,LA MOLINA,BATERÍA DE 18 PLACAS,5,87,435
669,2024-10-01,Prov Repuestos,SURCO,"LLANTAS 18""",16,78,1248
670,2024-10-01,Prov Repuestos,LA MOLINA,ACEITE DE MOTOR 5W30 FULL SINTÉTICO,1,108,108
671,2024-10-15,Prov Vehículos,SURCO,AUTO HONDA ACCORD 2014,1,20000,20000
672,2024-10-15,Prov Vehículos,SURCO,AUTO HONDA CIVIC 2014,4,17000,68000
673,2024-10-15,Prov Vehículos,SURCO,AUTO HONDA ODISSEY 2013,3,19500,58500
674,2024-10-15,Prov Vehículos,SURCO,AUTO HONDA CRV 2014,1,16500,16500
675,2024-10-15,Prov Vehículos,SURCO,AUTO HONDA PILOT 2013,4,14500,58000
676,2024-10-15,Prov Vehículos,SURCO,AUTO HONDA FIT 2016,5,15000,75000
677,2024-10-15,Prov Vehículos,SURCO,AUTO HONDA CITY 2016,5,15500,77500
678,2024-10-15,Prov Repuestos,SURCO,ACEITE DE MOTOR 5W30 FULL SINTÉTICO,10,108,1080
679,2024-10-15,Prov Repuestos,SURCO,AMORTIGUADORES DELANTEROS,10,216,2160
680,2024-10-15,Prov Repuestos,SURCO,AMORTIGUADORES POSTERIORES,10,101,1010
681,2024-10-15,Prov Repuestos,SURCO,BATERÍA DE 18 PLACAS,5,87,435
682,2024-10-15,Prov Vehículos,LA MOLINA,AUTO HONDA ACCORD 2014,3,20000,60000
683,2024-10-15,Prov Vehículos,LA MOLINA,AUTO HONDA ODISSEY 2013,3,19500,58500
684,2024-10-15,Prov Vehículos,LA MOLINA,AUTO HONDA CRV 2014,1,16500,16500
685,2024-10-15,Prov Repuestos,LA MOLINA,ACEITE DE MOTOR 5W30 FULL SINTÉTICO,10,108,1080
686,2024-10-15,Prov Repuestos,LA MOLINA,AMORTIGUADORES DELANTEROS,10,216,2160
687,2024-10-15,Prov Repuestos,LA MOLINA,AMORTIGUADORES POSTERIORES,10,101,1010
688,2024-10-15,Prov Repuestos,LA MOLINA,"LLANTAS 18""",10,78,780
689,2024-10-15,Prov Repuestos,LA MOLINA,BATERÍA DE 18 PLACAS,5,87,435
690,2024-10-15,Prov Repuestos,SURCO,AMORTIGUADORES POSTERIORES,15,101,1515
691,2024-10-15,Prov Repuestos,LA MOLINA,ACEITE DE MOTOR 5W30 FULL SINTÉTICO,1,108,108
692,2024-11-01,Prov Repuestos,SURCO,ACEITE DE MOTOR 5W30 FULL SINTÉTICO,10,96,960
693,2024-11-01,Prov Repuestos,SURCO,AMORTIGUADORES DELANTEROS,10,215,2150
694,2024-11-01,Prov Repuestos,SURCO,AMORTIGUADORES POSTERIORES,10,71,710
695,2024-11-01,Prov Repuestos,SURCO,"LLANTAS 18""",10,62,620
696,2024-11-01,Prov Repuestos,SURCO,BATERÍA DE 18 PLACAS,5,101,505
697,2024-11-01,Prov Repuestos,LA MOLINA,ACEITE DE MOTOR 5W30 FULL SINTÉTICO,10,96,960
698,2024-11-01,Prov Repuestos,LA MOLINA,AMORTIGUADORES DELANTEROS,10,215,2150
699,2024-11-01,Prov Repuestos,LA MOLINA,AMORTIGUADORES POSTERIORES,10,71,710
700,2024-11-01,Prov Repuestos,LA MOLINA,"LLANTAS 18""",10,62,620
701,2024-11-01,Prov Repuestos,LA MOLINA,BATERÍA DE 18 PLACAS,5,101,505
702,2024-11-01,Prov Repuestos,SURCO,AMORTIGUADORES DELANTEROS,17,215,3655
703,2024-11-01,Prov Repuestos,LA MOLINA,AMORTIGUADORES POSTERIORES,1,71,71
704,2024-11-15,Prov Vehículos,SURCO,AUTO HONDA ACCORD 2014,4,20000,80000
705,2024-11-15,Prov Vehículos,SURCO,AUTO HONDA CIVIC 2014,1,20000,20000
706,2024-11-15,Prov Vehículos,SURCO,AUTO HONDA ODISSEY 2013,1,17000,17000
707,2024-11-15,Prov Vehículos,SURCO,AUTO HONDA CRV 2014,2,16500,33000
708,2024-11-15,Prov Vehículos,SURCO,AUTO HONDA PILOT 2013,3,14500,43500
709,2024-11-15,Prov Vehículos,SURCO,AUTO HONDA FIT 2016,4,15000,60000
710,2024-11-15,Prov Vehículos,SURCO,AUTO HONDA CITY 2016,5,15500,77500
711,2024-11-15,Prov Repuestos,SURCO,ACEITE DE MOTOR 5W30 FULL SINTÉTICO,10,96,960
712,2024-11-15,Prov Repuestos,SURCO,AMORTIGUADORES POSTERIORES,10,71,710
713,2024-11-15,Prov Repuestos,SURCO,"LLANTAS 18""",10,62,620
714,2024-11-15,Prov Repuestos,SURCO,BATERÍA DE 18 PLACAS,5,101,505
715,2024-11-15,Prov Vehículos,LA MOLINA,AUTO HONDA ACCORD 2014,1,20000,20000
716,2024-11-15,Prov Vehículos,LA MOLINA,AUTO HONDA CIVIC 2014,4,20000,80000
717,2024-11-15,Prov Vehículos,LA MOLINA,AUTO HONDA CRV 2014,4,16500,66000
718,2024-11-15,Prov Repuestos,LA MOLINA,ACEITE DE MOTOR 5W30 FULL SINTÉTICO,10,96,960
719,2024-11-15,Prov Repuestos,LA MOLINA,AMORTIGUADORES DELANTEROS,10,215,2150
720,2024-11-15,Prov Repuestos,LA MOLINA,AMORTIGUADORES POSTERIORES,10,71,710
721,2024-11-15,Prov Repuestos,LA MOLINA,"LLANTAS 18""",10,62,620
722,2024-11-15,Prov Repuestos,LA MOLINA,BATERÍA DE 18 PLACAS,5,101,505
723,2024-11-15,Prov Repuestos,SURCO,FILTRO DE COMBUSTIBLE,12,85,1020
724,2024-11-15,Prov Repuestos,LA MOLINA,AMORTIGUADORES POSTERIORES,6,71,426
725,2024-12-01,Prov Repuestos,SURCO,ACEITE DE MOTOR 5W30 FULL SINTÉTICO,10,83,830
726,2024-12-01,Prov Repuestos,SURCO,AMORTIGUADORES DELANTEROS,10,217,2170
727,2024-12-01,Prov Repuestos,SURCO,AMORTIGUADORES POSTERIORES,10,104,1040
728,2024-12-01,Prov Repuestos,SURCO,"LLANTAS 18""",10,52,520
729,2024-12-01,Prov Repuestos,SURCO,BATERÍA DE 18 PLACAS,5,84,420
730,2024-12-01,Prov Repuestos,LA MOLINA,ACEITE DE MOTOR 5W30 FULL SINTÉTICO,10,83,830
731,2024-12-01,Prov Repuestos,LA MOLINA,AMORTIGUADORES DELANTEROS,10,217,2170
732,2024-12-01,Prov Repuestos,LA MOLINA,AMORTIGUADORES POSTERIORES,10,104,1040
733,2024-12-01,Prov Repuestos,LA MOLINA,"LLANTAS 18""",10,52,520
734,2024-12-01,Prov Repuestos,LA MOLINA,BATERÍA DE 18 PLACAS,5,84,420
735,2024-12-01,Prov Repuestos,SURCO,ACEITE DE MOTOR 5W30 FULL SINTÉTICO,9,83,747
736,2024-12-01,Prov Repuestos,LA MOLINA,BATERÍA DE 18 PLACAS,6,84,504
737,2024-12-15,Prov Vehículos,SURCO,AUTO HONDA ACCORD 2014,1,15500,15500
738,2024-12-15,Prov Vehículos,SURCO,AUTO HONDA CIVIC 2014,2,20000,40000
739,2024-12-15,Prov Vehículos,SURCO,AUTO HONDA ODISSEY 2013,2,17500,35000
740,2024-12-15,Prov Vehículos,SURCO,AUTO HONDA CRV 2014,3,17500,52500
741,2024-12-15,Prov Vehículos,SURCO,AUTO HONDA PILOT 2013,3,16500,49500
742,2024-12-15,Prov Vehículos,SURCO,AUTO HONDA FIT 2016,3,18000,54000
743,2024-12-15,Prov Vehículos,SURCO,AUTO HONDA CITY 2016,5,17000,85000
744,2024-12-15,Prov Repuestos,SURCO,ACEITE DE MOTOR 5W30 FULL SINTÉTICO,10,83,830
745,2024-12-15,Prov Repuestos,SURCO,AMORTIGUADORES DELANTEROS,10,217,2170
746,2024-12-15,Prov Repuestos,SURCO,AMORTIGUADORES POSTERIORES,10,104,1040
747,2024-12-15,Prov Repuestos,SURCO,"LLANTAS 18""",8,52,416
748,2024-12-15,Prov Repuestos,SURCO,BATERÍA DE 18 PLACAS,5,84,420
749,2024-12-15,Prov Vehículos,LA MOLINA,AUTO HONDA ACCORD 2014,3,15500,46500
750,2024-12-15,Prov Vehículos,LA MOLINA,AUTO HONDA CIVIC 2014,1,20000,20000
751,2024-12-15,Prov Vehículos,LA MOLINA,AUTO HONDA ODISSEY 2013,2,17500,35000
752,2024-12-15,Prov Vehículos,LA MOLINA,AUTO HONDA CRV 2014,1,17500,17500
753,2024-12-15,Prov Repuestos,LA MOLINA,ACEITE DE MOTOR 5W30 FULL SINTÉTICO,10,83,830
754,2024-12-15,Prov Repuestos,LA MOLINA,AMORTIGUADORES DELANTEROS,10,217,2170
755,2024-12-15,Prov Repuestos,LA MOLINA,AMORTIGUADORES POSTERIORES,10,104,1040
756,2024-12-15,Prov Repuestos,LA MOLINA,"LLANTAS 18""",10,52,520
757,2024-12-15,Prov Repuestos,LA MOLINA,BATERÍA DE 18 PLACAS,1,84,84
758,2024-12-15,Prov Repuestos,SURCO,ACEITE DE MOTOR 5W30 FULL SINTÉTICO,17,83,1411
759,2024-12-15,Prov Repuestos,LA MOLINA,ACEITE DE MOTOR 5W30 FULL SINTÉTICO,10,83,830
760,2025-01-01,Prov Repuestos,SURCO,ACEITE DE MOTOR 5W30 FULL SINTÉTICO,10,103,1030
761,2025-01-01,Prov Repuestos,SURCO,AMORTIGUADORES DELANTEROS,10,237,2370
762,2025-01-01,Prov Repuestos,SURCO,AMORTIGUADORES POSTERIORES,10,81,810
763,2025-01-01,Prov Repuestos,SURCO,"LLANTAS 18""",10,39,390
764,2025-01-01,Prov Repuestos,SURCO,BATERÍA DE 18 PLACAS,5,89,445
765,2025-01-01,Prov Repuestos,LA MOLINA,ACEITE DE MOTOR 5W30 FULL SINTÉTICO,10,103,1030
766,2025-01-01,Prov Repuestos,LA MOLINA,AMORTIGUADORES DELANTEROS,10,237,2370
767,2025-01-01,Prov Repuestos,LA MOLINA,AMORTIGUADORES POSTERIORES,10,81,810
768,2025-01-01,Prov Repuestos,LA MOLINA,"LLANTAS 18""",10,39,390
769,2025-01-01,Prov Repuestos,LA MOLINA,BATERÍA DE 18 PLACAS,5,89,445
770,2025-01-01,Prov Repuestos,SURCO,BATERÍA DE 18 PLACAS,17,89,1513
771,2025-01-01,Prov Repuestos,LA MOLINA,ACEITE DE MOTOR 5W30 FULL SINTÉTICO,10,103,1030
772,2025-01-15,Prov Vehículos,SURCO,AUTO HONDA ACCORD 2014,3,15500,46500
773,2025-01-15,Prov Vehículos,SURCO,AUTO HONDA CIVIC 2014,2,20000,40000
774,2025-01-15,Prov Vehículos,SURCO,AUTO HONDA ODISSEY 2013,2,17500,35000
775,2025-01-15,Prov Vehículos,SURCO,AUTO HONDA PILOT 2013,5,13000,65000
776,2025-01-15,Prov Vehículos,SURCO,AUTO HONDA FIT 2016,4,18000,72000
777,2025-01-15,Prov Vehículos,SURCO,AUTO HONDA CITY 2016,4,17000,68000
778,2025-01-15,Prov Repuestos,SURCO,ACEITE DE MOTOR 5W30 FULL SINTÉTICO,10,103,1030
779,2025-01-15,Prov Repuestos,SURCO,AMORTIGUADORES DELANTEROS,8,237,1896
780,2025-01-15,Prov Repuestos,SURCO,AMORTIGUADORES POSTERIORES,10,81,810
781,2025-01-15,Prov Repuestos,SURCO,"LLANTAS 18""",10,39,390
782,2025-01-15,Prov Vehículos,LA MOLINA,AUTO HONDA ACCORD 2014,1,15500,15500
783,2025-01-15,Prov Vehículos,LA MOLINA,AUTO HONDA CIVIC 2014,4,20000,80000
784,2025-01-15,Prov Vehículos,LA MOLINA,AUTO HONDA ODISSEY 2013,3,17500,52500
785,2025-01-15,Prov Repuestos,LA MOLINA,ACEITE DE MOTOR 5W30 FULL SINTÉTICO,7,103,721
786,2025-01-15,Prov Repuestos,LA MOLINA,AMORTIGUADORES DELANTEROS,10,237,2370
787,2025-01-15,Prov Repuestos,LA MOLINA,AMORTIGUADORES POSTERIORES,10,81,810
788,2025-01-15,Prov Repuestos,LA MOLINA,"LLANTAS 18""",10,39,390
789,2025-01-15,Prov Repuestos,LA MOLINA,BATERÍA DE 18 PLACAS,5,89,445
790,2025-01-15,Prov Repuestos,SURCO,"LLANTAS 18""",13,39,507
791,2025-01-15,Prov Repuestos,LA MOLINA,"LLANTAS 18""",13,39,507
792,2025-02-01,Prov Repuestos,SURCO,ACEITE DE MOTOR 5W30 FULL SINTÉTICO,10,80,800
793,2025-02-01,Prov Repuestos,SURCO,AMORTIGUADORES DELANTEROS,10,223,2230
794,2025-02-01,Prov Repuestos,SURCO,AMORTIGUADORES POSTERIORES,10,85,850
795,2025-02-01,Prov Repuestos,SURCO,"LLANTAS 18""",10,65,650
796,2025-02-01,Prov Repuestos,SURCO,BATERÍA DE 18 PLACAS,5,85,425
797,2025-02-01,Prov Repuestos,LA MOLINA,ACEITE DE MOTOR 5W30 FULL SINTÉTICO,10,80,800
798,2025-02-01,Prov Repuestos,LA MOLINA,AMORTIGUADORES DELANTEROS,10,223,2230
799,2025-02-01,Prov Repuestos,LA MOLINA,AMORTIGUADORES POSTERIORES,10,85,850
800,2025-02-01,Prov Repuestos,LA MOLINA,"LLANTAS 18""",10,65,650
801,2025-02-01,Prov Repuestos,LA MOLINA,BATERÍA DE 18 PLACAS,5,85,425
802,2025-02-01,Prov Repuestos,SURCO,FILTRO DE COMBUSTIBLE,19,103,1957
803,2025-02-01,Prov Repuestos,LA MOLINA,AMORTIGUADORES DELANTEROS,13,223,2899
804,2025-02-15,Prov Vehículos,SURCO,AUTO HONDA ACCORD 2014,2,18000,36000
805,2025-02-15,Prov Vehículos,SURCO,AUTO HONDA CIVIC 2014,3,18000,54000
806,2025-02-15,Prov Vehículos,SURCO,AUTO HONDA ODISSEY 2013,2,18500,37000
807,2025-02-15,Prov Vehículos,SURCO,AUTO HONDA CRV 2014,1,15000,15000
808,2025-02-15,Prov Vehículos,SURCO,AUTO HONDA PILOT 2013,4,13000,52000
809,2025-02-15,Prov Vehículos,SURCO,AUTO HONDA FIT 2016,5,18000,90000
810,2025-02-15,Prov Vehículos,SURCO,AUTO HONDA CITY 2016,2,16500,33000
811,2025-02-15,Prov Repuestos,SURCO,ACEITE DE MOTOR 5W30 FULL SINTÉTICO,10,80,800
812,2025-02-15,Prov Repuestos,SURCO,AMORTIGUADORES DELANTEROS,10,223,2230
813,2025-02-15,Prov Repuestos,SURCO,AMORTIGUADORES POSTERIORES,10,85,850
814,2025-02-15,Prov Repuestos,SURCO,"LLANTAS 18""",10,65,650
815,2025-02-15,Prov Repuestos,SURCO,BATERÍA DE 18 PLACAS,5,85,425
816,2025-02-15,Prov Vehículos,LA MOLINA,AUTO HONDA ACCORD 2014,4,18000,72000
817,2025-02-15,Prov Vehículos,LA MOLINA,AUTO HONDA CIVIC 2014,1,18000,18000
818,2025-02-15,Prov Vehículos,LA MOLINA,AUTO HONDA ODISSEY 2013,2,18500,37000
819,2025-02-15,Prov Vehículos,LA MOLINA,AUTO HONDA CRV 2014,2,15000,30000
820,2025-02-15,Prov Repuestos,LA MOLINA,ACEITE DE MOTOR 5W30 FULL SINTÉTICO,10,80,800
821,2025-02-15,Prov Repuestos,LA MOLINA,AMORTIGUADORES DELANTEROS,10,223,2230
822,2025-02-15,Prov Repuestos,LA MOLINA,AMORTIGUADORES POSTERIORES,10,85,850
823,2025-02-15,Prov Repuestos,LA MOLINA,"LLANTAS 18""",10,65,650
824,2025-02-15,Prov Repuestos,LA MOLINA,BATERÍA DE 18 PLACAS,5,85,425
825,2025-02-15,Prov Repuestos,SURCO,BATERÍA DE 18 PLACAS,10,85,850
826,2025-02-15,Prov Repuestos,LA MOLINA,FILTRO DE COMBUSTIBLE,17,103,1751
827,2025-03-01,Prov Repuestos,SURCO,ACEITE DE MOTOR 5W30 FULL SINTÉTICO,10,103,1030
828,2025-03-01,Prov Repuestos,SURCO,AMORTIGUADORES DELANTEROS,10,197,1970
829,2025-03-01,Prov Repuestos,SURCO,AMORTIGUADORES POSTERIORES,10,81,810
830,2025-03-01,Prov Repuestos,SURCO,"LLANTAS 18""",10,51,510
831,2025-03-01,Prov Repuestos,SURCO,BATERÍA DE 18 PLACAS,5,85,425
832,2025-03-01,Prov Repuestos,LA MOLINA,ACEITE DE MOTOR 5W30 FULL SINTÉTICO,10,103,1030
833,2025-03-01,Prov Repuestos,LA MOLINA,AMORTIGUADORES DELANTEROS,10,197,1970
834,2025-03-01,Prov Repuestos,LA MOLINA,AMORTIGUADORES POSTERIORES,10,81,810
835,2025-03-01,Prov Repuestos,LA MOLINA,"LLANTAS 18""",10,51,510
836,2025-03-01,Prov Repuestos,LA MOLINA,BATERÍA DE 18 PLACAS,5,85,425
837,2025-03-01,Prov Repuestos,SURCO,AMORTIGUADORES POSTERIORES,10,81,810
838,2025-03-15,Prov Vehículos,SURCO,AUTO HONDA CIVIC 2014,1,18000,18000
839,2025-03-15,Prov Vehículos,SURCO,AUTO HONDA ODISSEY 2013,5,18500,92500
840,2025-03-15,Prov Vehículos,SURCO,AUTO HONDA CRV 2014,3,12000,36000
841,2025-03-15,Prov Vehículos,SURCO,AUTO HONDA PILOT 2013,4,19000,76000
842,2025-03-15,Prov Vehículos,SURCO,AUTO HONDA FIT 2016,3,18500,55500
843,2025-03-15,Prov Vehículos,SURCO,AUTO HONDA CITY 2016,4,16000,64000
844,2025-03-15,Prov Repuestos,SURCO,ACEITE DE MOTOR 5W30 FULL SINTÉTICO,10,103,1030
845,2025-03-15,Prov Repuestos,SURCO,AMORTIGUADORES DELANTEROS,10,197,1970
846,2025-03-15,Prov Repuestos,SURCO,AMORTIGUADORES POSTERIORES,8,81,648
847,2025-03-15,Prov Repuestos,SURCO,"LLANTAS 18""",10,51,510
848,2025-03-15,Prov Repuestos,SURCO,BATERÍA DE 18 PLACAS,5,85,425
849,2025-03-15,Prov Vehículos,LA MOLINA,AUTO HONDA CIVIC 2014,3,18000,54000
850,2025-03-15,Prov Vehículos,LA MOLINA,AUTO HONDA ODISSEY 2013,4,18500,74000
851,2025-03-15,Prov Vehículos,LA MOLINA,AUTO HONDA CRV 2014,3,12000,36000
852,2025-03-15,Prov Repuestos,LA MOLINA,ACEITE DE MOTOR 5W30 FULL SINTÉTICO,10,103,1030
853,2025-03-15,Prov Repuestos,LA MOLINA,AMORTIGUADORES DELANTEROS,10,197,1970
854,2025-03-15,Prov Repuestos,LA MOLINA,AMORTIGUADORES POSTERIORES,10,81,810
855,2025-03-15,Prov Repuestos,LA MOLINA,"LLANTAS 18""",10,51,510
856,2025-03-15,Prov Repuestos,LA MOLINA,BATERÍA DE 18 PLACAS,5,85,425
857,2025-03-15,Prov Repuestos,SURCO,"LLANTAS 18""",13,51,663
858,2025-03-15,Prov Repuestos,LA MOLINA,FILTRO DE COMBUSTIBLE,9,110,990
859,2025-04-01,Prov Repuestos,SURCO,ACEITE DE MOTOR 5W30 FULL SINTÉTICO,10,99,990
860,2025-04-01,Prov Repuestos,SURCO,AMORTIGUADORES DELANTEROS,10,220,2200
861,2025-04-01,Prov Repuestos,SURCO,AMORTIGUADORES POSTERIORES,10,104,1040
862,2025-04-01,Prov Repuestos,SURCO,"LLANTAS 18""",10,57,570
863,2025-04-01,Prov Repuestos,SURCO,BATERÍA DE 18 PLACAS,5,95,475
864,2025-04-01,Prov Repuestos,LA MOLINA,ACEITE DE MOTOR 5W30 FULL SINTÉTICO,10,99,990
865,2025-04-01,Prov Repuestos,LA MOLINA,AMORTIGUADORES DELANTEROS,10,220,2200
866,2025-04-01,Prov Repuestos,LA MOLINA,AMORTIGUADORES POSTERIORES,10,104,1040
867,2025-04-01,Prov Repuestos,LA MOLINA,"LLANTAS 18""",10,57,570
868,2025-04-01,Prov Repuestos,LA MOLINA,BATERÍA DE 18 PLACAS,5,95,475
869,2025-04-01,Prov Repuestos,SURCO,"LLANTAS 18""",13,57,741
870,2025-04-15,Prov Vehículos,SURCO,AUTO HONDA ACCORD 2014,3,16000,48000
871,2025-04-15,Prov Vehículos,SURCO,AUTO HONDA CIVIC 2014,5,14000,70000
872,2025-04-15,Prov Vehículos,SURCO,AUTO HONDA ODISSEY 2013,1,17500,17500
873,2025-04-15,Prov Vehículos,SURCO,AUTO HONDA CRV 2014,2,15500,31000
874,2025-04-15,Prov Vehículos,SURCO,AUTO HONDA PILOT 2013,1,19000,19000
875,2025-04-15,Prov Vehículos,SURCO,AUTO HONDA FIT 2016,2,15500,31000
876,2025-04-15,Prov Vehículos,SURCO,AUTO HONDA CITY 2016,5,20500,102500
877,2025-04-15,Prov Repuestos,SURCO,ACEITE DE MOTOR 5W30 FULL SINTÉTICO,7,99,693
878,2025-04-15,Prov Repuestos,SURCO,AMORTIGUADORES DELANTEROS,10,220,2200
879,2025-04-15,Prov Repuestos,SURCO,AMORTIGUADORES POSTERIORES,10,104,1040
880,2025-04-15,Prov Repuestos,SURCO,"LLANTAS 18""",1,57,57
881,2025-04-15,Prov Repuestos,SURCO,BATERÍA DE 18 PLACAS,5,95,475
882,2025-04-15,Prov Vehículos,LA MOLINA,AUTO HONDA ACCORD 2014,2,16000,32000
883,2025-04-15,Prov Vehículos,LA MOLINA,AUTO HONDA CIVIC 2014,3,14000,42000
884,2025-04-15,Prov Vehículos,LA MOLINA,AUTO HONDA ODISSEY 2013,3,17500,52500
885,2025-04-15,Prov Vehículos,LA MOLINA,AUTO HONDA CRV 2014,3,15500,46500
886,2025-04-15,Prov Repuestos,LA MOLINA,ACEITE DE MOTOR 5W30 FULL SINTÉTICO,10,99,990
887,2025-04-15,Prov Repuestos,LA MOLINA,AMORTIGUADORES DELANTEROS,10,220,2200
888,2025-04-15,Prov Repuestos,LA MOLINA,AMORTIGUADORES POSTERIORES,10,104,1040
889,2025-04-15,Prov Repuestos,LA MOLINA,"LLANTAS 18""",7,57,399
890,2025-04-15,Prov Repuestos,LA MOLINA,BATERÍA DE 18 PLACAS,5,95,475
891,2025-04-15,Prov Repuestos,SURCO,FILTRO DE COMBUSTIBLE,20,121,2420
892,2025-04-15,Prov Repuestos,LA MOLINA,AMORTIGUADORES POSTERIORES,6,104,624
893,2025-05-01,Prov Repuestos,SURCO,ACEITE DE MOTOR 5W30 FULL SINTÉTICO,10,85,850
894,2025-05-01,Prov Repuestos,SURCO,AMORTIGUADORES DELANTEROS,10,227,2270
895,2025-05-01,Prov Repuestos,SURCO,AMORTIGUADORES POSTERIORES,10,97,970
896,2025-05-01,Prov Repuestos,SURCO,"LLANTAS 18""",10,55,550
897,2025-05-01,Prov Repuestos,SURCO,BATERÍA DE 18 PLACAS,5,83,415
898,2025-05-01,Prov Repuestos,LA MOLINA,ACEITE DE MOTOR 5W30 FULL SINTÉTICO,10,85,850
899,2025-05-01,Prov Repuestos,LA MOLINA,AMORTIGUADORES DELANTEROS,10,227,2270
900,2025-05-01,Prov Repuestos,LA MOLINA,AMORTIGUADORES POSTERIORES,10,97,970
901,2025-05-01,Prov Repuestos,LA MOLINA,"LLANTAS 18""",10,55,550
902,2025-05-01,Prov Repuestos,LA MOLINA,BATERÍA DE 18 PLACAS,5,83,415
903,2025-05-01,Prov Repuestos,LA MOLINA,AMORTIGUADORES DELANTEROS,6,227,1362
904,2025-05-15,Prov Vehículos,SURCO,AUTO HONDA ACCORD 2014,1,16000,16000
905,2025-05-15,Prov Vehículos,SURCO,AUTO HONDA ODISSEY 2013,4,15500,62000
906,2025-05-15,Prov Vehículos,SURCO,AUTO HONDA CRV 2014,1,13500,13500
907,2025-05-15,Prov Vehículos,SURCO,AUTO HONDA PILOT 2013,3,19000,57000
908,2025-05-15,Prov Vehículos,SURCO,AUTO HONDA FIT 2016,5,15500,77500
909,2025-05-15,Prov Vehículos,SURCO,AUTO HONDA CITY 2016,5,20500,102500
910,2025-05-15,Prov Repuestos,SURCO,ACEITE DE MOTOR 5W30 FULL SINTÉTICO,10,85,850
911,2025-05-15,Prov Repuestos,SURCO,AMORTIGUADORES DELANTEROS,10,227,2270
912,2025-05-15,Prov Repuestos,SURCO,AMORTIGUADORES POSTERIORES,10,97,970
913,2025-05-15,Prov Repuestos,SURCO,"LLANTAS 18""",10,55,550
914,2025-05-15,Prov Repuestos,SURCO,BATERÍA DE 18 PLACAS,5,83,415
915,2025-05-15,Prov Vehículos,LA MOLINA,AUTO HONDA CIVIC 2014,3,14000,42000
916,2025-05-15,Prov Vehículos,LA MOLINA,AUTO HONDA ODISSEY 2013,2,15500,31000
917,2025-05-15,Prov Vehículos,LA MOLINA,AUTO HONDA CRV 2014,1,13500,13500
918,2025-05-15,Prov Repuestos,LA MOLINA,ACEITE DE MOTOR 5W30 FULL SINTÉTICO,10,85,850
919,2025-05-15,Prov Repuestos,LA MOLINA,AMORTIGUADORES DELANTEROS,7,227,1589
920,2025-05-15,Prov Repuestos,LA MOLINA,AMORTIGUADORES POSTERIORES,10,97,970
921,2025-05-15,Prov Repuestos,LA MOLINA,"LLANTAS 18""",10,55,550
922,2025-05-15,Prov Repuestos,LA MOLINA,BATERÍA DE 18 PLACAS,5,83,415
923,2025-05-15,Prov Repuestos,SURCO,FILTRO DE COMBUSTIBLE,6,109,654
924,2025-05-15,Prov Repuestos,LA MOLINA,AMORTIGUADORES POSTERIORES,10,97,970
925,2025-06-01,Prov Repuestos,SURCO,ACEITE DE MOTOR 5W30 FULL SINTÉTICO,10,96,960
926,2025-06-01,Prov Repuestos,SURCO,AMORTIGUADORES DELANTEROS,10,226,2260
927,2025-06-01,Prov Repuestos,SURCO,AMORTIGUADORES POSTERIORES,10,101,1010
928,2025-06-01,Prov Repuestos,SURCO,"LLANTAS 18""",10,56,560
929,2025-06-01,Prov Repuestos,SURCO,BATERÍA DE 18 PLACAS,5,76,380
930,2025-06-01,Prov Repuestos,LA MOLINA,ACEITE DE MOTOR 5W30 FULL SINTÉTICO,10,96,960
931,2025-06-01,Prov Repuestos,LA MOLINA,AMORTIGUADORES DELANTEROS,10,226,2260
932,2025-06-01,Prov Repuestos,LA MOLINA,AMORTIGUADORES POSTERIORES,10,101,1010
933,2025-06-01,Prov Repuestos,LA MOLINA,"LLANTAS 18""",10,56,560
934,2025-06-01,Prov Repuestos,LA MOLINA,BATERÍA DE 18 PLACAS,5,76,380
935,2025-06-01,Prov Repuestos,LA MOLINA,FILTRO DE COMBUSTIBLE,10,100,1000
936,2025-06-15,Prov Vehículos,SURCO,AUTO HONDA CIVIC 2014,1,15000,15000
937,2025-06-15,Prov Vehículos,SURCO,AUTO HONDA ODISSEY 2013,1,15500,15500
938,2025-06-15,Prov Vehículos,SURCO,AUTO HONDA CRV 2014,2,13500,27000
939,2025-06-15,Prov Vehículos,SURCO,AUTO HONDA PILOT 2013,5,19000,95000
940,2025-06-15,Prov Vehículos,SURCO,AUTO HONDA FIT 2016,3,17500,52500
941,2025-06-15,Prov Vehículos,SURCO,AUTO HONDA CITY 2016,1,18000,18000
942,2025-06-15,Prov Repuestos,SURCO,ACEITE DE MOTOR 5W30 FULL SINTÉTICO,10,96,960
943,2025-06-15,Prov Repuestos,SURCO,AMORTIGUADORES DELANTEROS,10,226,2260
944,2025-06-15,Prov Repuestos,SURCO,AMORTIGUADORES POSTERIORES,10,101,1010
945,2025-06-15,Prov Repuestos,SURCO,"LLANTAS 18""",10,56,560
946,2025-06-15,Prov Repuestos,SURCO,BATERÍA DE 18 PLACAS,5,76,380
947,2025-06-15,Prov Vehículos,LA MOLINA,AUTO HONDA ACCORD 2014,1,20000,20000
948,2025-06-15,Prov Vehículos,LA MOLINA,AUTO HONDA ODISSEY 2013,5,15500,77500
949,2025-06-15,Prov Vehículos,LA MOLINA,AUTO HONDA CRV 2014,1,13500,13500
950,2025-06-15,Prov Repuestos,LA MOLINA,ACEITE DE MOTOR 5W30 FULL SINTÉTICO,10,96,960
951,2025-06-15,Prov Repuestos,LA MOLINA,AMORTIGUADORES DELANTEROS,10,226,2260
952,2025-06-15,Prov Repuestos,LA MOLINA,AMORTIGUADORES POSTERIORES,10,101,1010
953,2025-06-15,Prov Repuestos,LA MOLINA,"LLANTAS 18""",10,56,560
954,2025-06-15,Prov Repuestos,LA MOLINA,BATERÍA DE 18 PLACAS,5,76,380
955,2025-06-15,Prov Repuestos,SURCO,BATERÍA DE 18 PLACAS,4,76,304
956,2025-06-15,Prov Repuestos,LA MOLINA,FILTRO DE COMBUSTIBLE,9,100,900
957,2025-07-01,Prov Repuestos,SURCO,ACEITE DE MOTOR 5W30 FULL SINTÉTICO,10,87,870
958,2025-07-01,Prov Repuestos,SURCO,AMORTIGUADORES DELANTEROS,10,235,2350
959,2025-07-01,Prov Repuestos,SURCO,AMORTIGUADORES POSTERIORES,10,94,940
960,2025-07-01,Prov Repuestos,SURCO,"LLANTAS 18""",10,58,580
961,2025-07-01,Prov Repuestos,SURCO,BATERÍA DE 18 PLACAS,5,96,480
962,2025-07-01,Prov Repuestos,LA MOLINA,ACEITE DE MOTOR 5W30 FULL SINTÉTICO,10,87,870
963,2025-07-01,Prov Repuestos,LA MOLINA,AMORTIGUADORES DELANTEROS,10,235,2350
964,2025-07-01,Prov Repuestos,LA MOLINA,AMORTIGUADORES POSTERIORES,10,94,940
965,2025-07-01,Prov Repuestos,LA MOLINA,"LLANTAS 18""",10,58,580
966,2025-07-01,Prov Repuestos,LA MOLINA,BATERÍA DE 18 PLACAS,5,96,480
967,2025-07-01,Prov Repuestos,SURCO,ACEITE DE MOTOR 5W30 FULL SINTÉTICO,4,87,348
968,2025-07-15,Prov Vehículos,SURCO,AUTO HONDA ACCORD 2014,3,20000,60000
969,2025-07-15,Prov Vehículos,SURCO,AUTO HONDA CIVIC 2014,2,16000,32000
970,2025-07-15,Prov Vehículos,SURCO,AUTO HONDA ODISSEY 2013,4,15500,62000
971,2025-07-15,Prov Vehículos,SURCO,AUTO HONDA CRV 2014,3,13500,40500
972,2025-07-15,Prov Vehículos,SURCO,AUTO HONDA PILOT 2013,3,16500,49500
973,2025-07-15,Prov Vehículos,SURCO,AUTO HONDA FIT 2016,1,18000,18000
974,2025-07-15,Prov Vehículos,SURCO,AUTO HONDA CITY 2016,5,18000,90000
975,2025-07-15,Prov Repuestos,SURCO,ACEITE DE MOTOR 5W30 FULL SINTÉTICO,10,87,870
976,2025-07-15,Prov Repuestos,SURCO,AMORTIGUADORES DELANTEROS,10,235,2350
977,2025-07-15,Prov Repuestos,SURCO,AMORTIGUADORES POSTERIORES,10,94,940
978,2025-07-15,Prov Repuestos,SURCO,"LLANTAS 18""",10,58,580
979,2025-07-15,Prov Repuestos,SURCO,BATERÍA DE 18 PLACAS,5,96,480
980,2025-07-15,Prov Vehículos,LA MOLINA,AUTO HONDA ACCORD 2014,1,20000,20000
981,2025-07-15,Prov Vehículos,LA MOLINA,AUTO HONDA CIVIC 2014,1,16000,16000
982,2025-07-15,Prov Vehículos,LA MOLINA,AUTO HONDA CRV 2014,3,13500,40500
983,2025-07-15,Prov Repuestos,LA MOLINA,ACEITE DE MOTOR 5W30 FULL SINTÉTICO,10,87,870
984,2025-07-15,Prov Repuestos,LA MOLINA,AMORTIGUADORES DELANTEROS,10,235,2350
985,2025-07-15,Prov Repuestos,LA MOLINA,AMORTIGUADORES POSTERIORES,9,94,846
986,2025-07-15,Prov Repuestos,LA MOLINA,"LLANTAS 18""",8,58,464
987,2025-07-15,Prov Repuestos,LA MOLINA,BATERÍA DE 18 PLACAS,5,96,480
988,2025-07-15,Prov Repuestos,SURCO,AMORTIGUADORES DELANTEROS,10,235,2350
989,2025-07-15,Prov Repuestos,LA MOLINA,ACEITE DE MOTOR 5W30 FULL SINTÉTICO,5,87,435
990,2025-08-01,Prov Repuestos,SURCO,ACEITE DE MOTOR 5W30 FULL SINTÉTICO,10,100,1000
991,2025-08-01,Prov Repuestos,SURCO,AMORTIGUADORES DELANTEROS,10,232,2320
992,2025-08-01,Prov Repuestos,SURCO,AMORTIGUADORES POSTERIORES,10,93,930
993,2025-08-01,Prov Repuestos,SURCO,"LLANTAS 18""",10,54,540
994,2025-08-01,Prov Repuestos,SURCO,BATERÍA DE 18 PLACAS,5,102,510
995,2025-08-01,Prov Repuestos,LA MOLINA,ACEITE DE MOTOR 5W30 FULL SINTÉTICO,10,100,1000
996,2025-08-01,Prov Repuestos,LA MOLINA,AMORTIGUADORES DELANTEROS,10,232,2320
997,2025-08-01,Prov Repuestos,LA MOLINA,AMORTIGUADORES POSTERIORES,10,93,930
998,2025-08-01,Prov Repuestos,LA MOLINA,"LLANTAS 18""",10,54,540
999,2025-08-01,Prov Repuestos,LA MOLINA,BATERÍA DE 18 PLACAS,5,102,510
1000,2025-08-01,Prov Repuestos,SURCO,FILTRO DE COMBUSTIBLE,10,93,930
1001,2025-08-01,Prov Repuestos,LA MOLINA,AMORTIGUADORES DELANTEROS,5,232,1160
1002,2025-08-15,Prov Vehículos,SURCO,AUTO HONDA ACCORD 2014,2,15500,31000
1003,2025-08-15,Prov Vehículos,SURCO,AUTO HONDA CIVIC 2014,3,16000,48000
1004,2025-08-15,Prov Vehículos,SURCO,AUTO HONDA CRV 2014,2,18000,36000
1005,2025-08-15,Prov Vehículos,SURCO,AUTO HONDA PILOT 2013,2,14500,29000
1006,2025-08-15,Prov Vehículos,SURCO,AUTO HONDA FIT 2016,4,18000,72000
1007,2025-08-15,Prov Vehículos,SURCO,AUTO HONDA CITY 2016,5,17000,85000
1008,2025-08-15,Prov Repuestos,SURCO,ACEITE DE MOTOR 5W30 FULL SINTÉTICO,10,100,1000
1009,2025-08-15,Prov Repuestos,SURCO,AMORTIGUADORES DELANTEROS,10,232,2320
1010,2025-08-15,Prov Repuestos,SURCO,AMORTIGUADORES POSTERIORES,10,93,930
1011,2025-08-15,Prov Repuestos,SURCO,"LLANTAS 18""",10,54,540
1012,2025-08-15,Prov Repuestos,SURCO,BATERÍA DE 18 PLACAS,5,102,510
1013,2025-08-15,Prov Vehículos,LA MOLINA,AUTO HONDA ACCORD 2014,3,15500,46500
1014,2025-08-15,Prov Vehículos,LA MOLINA,AUTO HONDA CIVIC 2014,1,16000,16000
1015,2025-08-15,Prov Vehículos,LA MOLINA,AUTO HONDA CRV 2014,2,18000,36000
1016,2025-08-15,Prov Repuestos,LA MOLINA,ACEITE DE MOTOR 5W30 FULL SINTÉTICO,10,100,1000
1017,2025-08-15,Prov Repuestos,LA MOLINA,AMORTIGUADORES DELANTEROS,10,232,2320
1018,2025-08-15,Prov Repuestos,LA MOLINA,AMORTIGUADORES POSTERIORES,8,93,744
1019,2025-08-15,Prov Repuestos,LA MOLINA,"LLANTAS 18""",10,54,540
1020,2025-08-15,Prov Repuestos,LA MOLINA,BATERÍA DE 18 PLACAS,5,102,510
1021,2025-08-15,Prov Repuestos,SURCO,FILTRO DE COMBUSTIBLE,5,93,465
1022,2025-08-15,Prov Repuestos,LA MOLINA,BATERÍA DE 18 PLACAS,13,102,1326
1023,2025-09-01,Prov Repuestos,SURCO,ACEITE DE MOTOR 5W30 FULL SINTÉTICO,10,90,900
1024,2025-09-01,Prov Repuestos,SURCO,AMORTIGUADORES DELANTEROS,10,233,2330
1025,2025-09-01,Prov Repuestos,SURCO,AMORTIGUADORES POSTERIORES,10,87,870
1026,2025-09-01,Prov Repuestos,SURCO,"LLANTAS 18""",10,75,750
1027,2025-09-01,Prov Repuestos,SURCO,BATERÍA DE 18 PLACAS,5,94,470
1028,2025-09-01,Prov Repuestos,LA MOLINA,ACEITE DE MOTOR 5W30 FULL SINTÉTICO,10,90,900
1029,2025-09-01,Prov Repuestos,LA MOLINA,AMORTIGUADORES DELANTEROS,10,233,2330
1030,2025-09-01,Prov Repuestos,LA MOLINA,AMORTIGUADORES POSTERIORES,10,87,870
1031,2025-09-01,Prov Repuestos,LA MOLINA,"LLANTAS 18""",10,75,750
1032,2025-09-01,Prov Repuestos,LA MOLINA,BATERÍA DE 18 PLACAS,5,94,470
1033,2025-09-01,Prov Repuestos,LA MOLINA,FILTRO DE COMBUSTIBLE,13,91,1183
1034,2025-09-15,Prov Vehículos,SURCO,AUTO HONDA ACCORD 2014,1,18000,18000
1035,2025-09-15,Prov Vehículos,SURCO,AUTO HONDA CIVIC 2014,2,19000,38000
1036,2025-09-15,Prov Vehículos,SURCO,AUTO HONDA ODISSEY 2013,2,15500,31000
1037,2025-09-15,Prov Vehículos,SURCO,AUTO HONDA CRV 2014,1,18000,18000
1038,2025-09-15,Prov Vehículos,SURCO,AUTO HONDA PILOT 2013,4,14500,58000
1039,2025-09-15,Prov Vehículos,SURCO,AUTO HONDA FIT 2016,4,18000,72000
1040,2025-09-15,Prov Vehículos,SURCO,AUTO HONDA CITY 2016,5,17000,85000
1041,2025-09-15,Prov Repuestos,SURCO,ACEITE DE MOTOR 5W30 FULL SINTÉTICO,9,90,810
1042,2025-09-15,Prov Repuestos,SURCO,AMORTIGUADORES DELANTEROS,10,233,2330
1043,2025-09-15,Prov Repuestos,SURCO,AMORTIGUADORES POSTERIORES,10,87,870
1044,2025-09-15,Prov Repuestos,SURCO,"LLANTAS 18""",10,75,750
1045,2025-09-15,Prov Repuestos,SURCO,BATERÍA DE 18 PLACAS,5,94,470
1046,2025-09-15,Prov Vehículos,LA MOLINA,AUTO HONDA ACCORD 2014,1,18000,18000
1047,2025-09-15,Prov Vehículos,LA MOLINA,AUTO HONDA CIVIC 2014,2,19000,38000
1048,2025-09-15,Prov Vehículos,LA MOLINA,AUTO HONDA ODISSEY 2013,4,15500,62000
1049,2025-09-15,Prov Vehículos,LA MOLINA,AUTO HONDA CRV 2014,2,18000,36000
1050,2025-09-15,Prov Repuestos,LA MOLINA,ACEITE DE MOTOR 5W30 FULL SINTÉTICO,10,90,900
1051,2025-09-15,Prov Repuestos,LA MOLINA,AMORTIGUADORES DELANTEROS,10,233,2330
1052,2025-09-15,Prov Repuestos,LA MOLINA,AMORTIGUADORES POSTERIORES,10,87,870
1053,2025-09-15,Prov Repuestos,LA MOLINA,"LLANTAS 18""",10,75,750
1054,2025-09-15,Prov Repuestos,LA MOLINA,BATERÍA DE 18 PLACAS,5,94,470
1055,2025-09-15,Prov Repuestos,LA MOLINA,"LLANTAS 18""",1,75,75
1056,2025-10-01,Prov Repuestos,SURCO,ACEITE DE MOTOR 5W30 FULL SINTÉTICO,10,109,1090
1057,2025-10-01,Prov Repuestos,SURCO,AMORTIGUADORES DELANTEROS,10,208,2080
1058,2025-10-01,Prov Repuestos,SURCO,AMORTIGUADORES POSTERIORES,10,99,990
1059,2025-10-01,Prov Repuestos,SURCO,"LLANTAS 18""",10,70,700
1060,2025-10-01,Prov Repuestos,SURCO,BATERÍA DE 18 PLACAS,5,99,495
1061,2025-10-01,Prov Repuestos,LA MOLINA,ACEITE DE MOTOR 5W30 FULL SINTÉTICO,10,109,1090
1062,2025-10-01,Prov Repuestos,LA MOLINA,AMORTIGUADORES DELANTEROS,10,208,2080
1063,2025-10-01,Prov Repuestos,LA MOLINA,AMORTIGUADORES POSTERIORES,10,99,990
1064,2025-10-01,Prov Repuestos,LA MOLINA,"LLANTAS 18""",10,70,700
1065,2025-10-01,Prov Repuestos,LA MOLINA,BATERÍA DE 18 PLACAS,5,99,495
1066,2025-10-01,Prov Repuestos,LA MOLINA,"LLANTAS 18""",1,70,70
1067,2025-10-15,Prov Vehículos,SURCO,AUTO HONDA CIVIC 2014,3,19000,57000
1068,2025-10-15,Prov Vehículos,SURCO,AUTO HONDA ODISSEY 2013,1,19500,19500
1069,2025-10-15,Prov Vehículos,SURCO,AUTO HONDA CRV 2014,3,17000,51000
1070,2025-10-15,Prov Vehículos,SURCO,AUTO HONDA PILOT 2013,5,17000,85000
1071,2025-10-15,Prov Vehículos,SURCO,AUTO HONDA FIT 2016,3,15000,45000
1072,2025-10-15,Prov Vehículos,SURCO,AUTO HONDA CITY 2016,5,18500,92500
1073,2025-10-15,Prov Repuestos,SURCO,ACEITE DE MOTOR 5W30 FULL SINTÉTICO,10,109,1090
1074,2025-10-15,Prov Repuestos,SURCO,AMORTIGUADORES DELANTEROS,10,208,2080
1075,2025-10-15,Prov Repuestos,SURCO,AMORTIGUADORES POSTERIORES,10,99,990
1076,2025-10-15,Prov Repuestos,SURCO,"LLANTAS 18""",10,70,700
1077,2025-10-15,Prov Repuestos,SURCO,BATERÍA DE 18 PLACAS,5,99,495
1078,2025-10-15,Prov Vehículos,LA MOLINA,AUTO HONDA ACCORD 2014,1,16500,16500
1079,2025-10-15,Prov Vehículos,LA MOLINA,AUTO HONDA CIVIC 2014,3,19000,57000
1080,2025-10-15,Prov Vehículos,LA MOLINA,AUTO HONDA ODISSEY 2013,1,19500,19500
1081,2025-10-15,Prov Vehículos,LA MOLINA,AUTO HONDA CRV 2014,2,17000,34000
1082,2025-10-15,Prov Repuestos,LA MOLINA,ACEITE DE MOTOR 5W30 FULL SINTÉTICO,10,109,1090
1083,2025-10-15,Prov Repuestos,LA MOLINA,AMORTIGUADORES DELANTEROS,10,208,2080
1084,2025-10-15,Prov Repuestos,LA MOLINA,AMORTIGUADORES POSTERIORES,10,99,990
1085,2025-10-15,Prov Repuestos,LA MOLINA,"LLANTAS 18""",10,70,700
1086,2025-10-15,Prov Repuestos,LA MOLINA,BATERÍA DE 18 PLACAS,5,99,495
1087,2025-10-15,Prov Repuestos,SURCO,AMORTIGUADORES POSTERIORES,1,99,99
1088,2025-10-15,Prov Repuestos,LA MOLINA,"LLANTAS 18""",2,70,140
1089,2025-11-01,Prov Repuestos,SURCO,ACEITE DE MOTOR 5W30 FULL SINTÉTICO,10,104,1040
1090,2025-11-01,Prov Repuestos,SURCO,AMORTIGUADORES DELANTEROS,10,204,2040
1091,2025-11-01,Prov Repuestos,SURCO,AMORTIGUADORES POSTERIORES,10,100,1000
1092,2025-11-01,Prov Repuestos,SURCO,"LLANTAS 18""",10,72,720
1093,2025-11-01,Prov Repuestos,SURCO,BATERÍA DE 18 PLACAS,5,110,550
1094,2025-11-01,Prov Repuestos,LA MOLINA,ACEITE DE MOTOR 5W30 FULL SINTÉTICO,10,104,1040
1095,2025-11-01,Prov Repuestos,LA MOLINA,AMORTIGUADORES DELANTEROS,10,204,2040
1096,2025-11-01,Prov Repuestos,LA MOLINA,AMORTIGUADORES POSTERIORES,10,100,1000
1097,2025-11-01,Prov Repuestos,LA MOLINA,"LLANTAS 18""",10,72,720
1098,2025-11-01,Prov Repuestos,LA MOLINA,BATERÍA DE 18 PLACAS,5,110,550
1099,2025-11-01,Prov Repuestos,SURCO,"LLANTAS 18""",1,72,72
1100,2025-11-01,Prov Repuestos,LA MOLINA,AMORTIGUADORES POSTERIORES,2,100,200
1101,2025-11-15,Prov Vehículos,SURCO,AUTO HONDA ACCORD 2014,5,16500,82500
1102,2025-11-15,Prov Vehículos,SURCO,AUTO HONDA CIVIC 2014,2,18000,36000
1103,2025-11-15,Prov Vehículos,SURCO,AUTO HONDA ODISSEY 2013,2,19500,39000
1104,2025-11-15,Prov Vehículos,SURCO,AUTO HONDA CRV 2014,2,17000,34000
1105,2025-11-15,Prov Vehículos,SURCO,AUTO HONDA PILOT 2013,4,17000,68000
1106,2025-11-15,Prov Vehículos,SURCO,AUTO HONDA FIT 2016,5,15000,75000
1107,2025-11-15,Prov Repuestos,SURCO,ACEITE DE MOTOR 5W30 FULL SINTÉTICO,10,104,1040
1108,2025-11-15,Prov Repuestos,SURCO,AMORTIGUADORES DELANTEROS,10,204,2040
1109,2025-11-15,Prov Repuestos,SURCO,AMORTIGUADORES POSTERIORES,10,100,1000
1110,2025-11-15,Prov Repuestos,SURCO,"LLANTAS 18""",10,72,720
1111,2025-11-15,Prov Repuestos,SURCO,BATERÍA DE 18 PLACAS,5,110,550
1112,2025-11-15,Prov Vehículos,LA MOLINA,AUTO HONDA ACCORD 2014,2,16500,33000
1113,2025-11-15,Prov Vehículos,LA MOLINA,AUTO HONDA CIVIC 2014,4,18000,72000
1114,2025-11-15,Prov Vehículos,LA MOLINA,AUTO HONDA ODISSEY 2013,3,19500,58500
1115,2025-11-15,Prov Vehículos,LA MOLINA,AUTO HONDA CRV 2014,3,17000,51000
1116,2025-11-15,Prov Repuestos,LA MOLINA,ACEITE DE MOTOR 5W30 FULL SINTÉTICO,10,104,1040
1117,2025-11-15,Prov Repuestos,LA MOLINA,AMORTIGUADORES DELANTEROS,10,204,2040
1118,2025-11-15,Prov Repuestos,LA MOLINA,AMORTIGUADORES POSTERIORES,10,100,1000
1119,2025-11-15,Prov Repuestos,LA MOLINA,"LLANTAS 18""",10,72,720
1120,2025-11-15,Prov Repuestos,LA MOLINA,BATERÍA DE 18 PLACAS,5,110,550
1121,2025-11-15,Prov Repuestos,SURCO,BATERÍA DE 18 PLACAS,10,110,1100
1122,2025-11-15,Prov Repuestos,LA MOLINA,AMORTIGUADORES DELANTEROS,7,204,1428
1123,2025-12-01,Prov Repuestos,SURCO,ACEITE DE MOTOR 5W30 FULL SINTÉTICO,10,87,870
1124,2025-12-01,Prov Repuestos,SURCO,AMORTIGUADORES DELANTEROS,10,207,2070
1125,2025-12-01,Prov Repuestos,SURCO,AMORTIGUADORES POSTERIORES,10,93,930
1126,2025-12-01,Prov Repuestos,SURCO,"LLANTAS 18""",10,50,500
1127,2025-12-01,Prov Repuestos,SURCO,BATERÍA DE 18 PLACAS,5,82,410
1128,2025-12-01,Prov Repuestos,LA MOLINA,ACEITE DE MOTOR 5W30 FULL SINTÉTICO,10,87,870
1129,2025-12-01,Prov Repuestos,LA MOLINA,AMORTIGUADORES DELANTEROS,10,207,2070
1130,2025-12-01,Prov Repuestos,LA MOLINA,AMORTIGUADORES POSTERIORES,10,93,930
1131,2025-12-01,Prov Repuestos,LA MOLINA,"LLANTAS 18""",10,50,500
1132,2025-12-01,Prov Repuestos,LA MOLINA,BATERÍA DE 18 PLACAS,5,82,410
1133,2025-12-01,Prov Repuestos,SURCO,AMORTIGUADORES DELANTEROS,12,207,2484
1134,2025-12-01,Prov Repuestos,LA MOLINA,AMORTIGUADORES DELANTEROS,10,207,2070
1135,2025-12-15,Prov Vehículos,SURCO,AUTO HONDA ACCORD 2014,3,16500,49500
1136,2025-12-15,Prov Vehículos,SURCO,AUTO HONDA CIVIC 2014,3,18000,54000
1137,2025-12-15,Prov Vehículos,SURCO,AUTO HONDA ODISSEY 2013,3,15500,46500
1138,2025-12-15,Prov Vehículos,SURCO,AUTO HONDA CRV 2014,3,18000,54000
1139,2025-12-15,Prov Vehículos,SURCO,AUTO HONDA FIT 2016,3,15500,46500
1140,2025-12-15,Prov Vehículos,SURCO,AUTO HONDA CITY 2016,5,16500,82500
1141,2025-12-15,Prov Repuestos,SURCO,ACEITE DE MOTOR 5W30 FULL SINTÉTICO,10,87,870
1142,2025-12-15,Prov Repuestos,SURCO,AMORTIGUADORES DELANTEROS,10,207,2070
1143,2025-12-15,Prov Repuestos,SURCO,AMORTIGUADORES POSTERIORES,9,93,837
1144,2025-12-15,Prov Repuestos,SURCO,"LLANTAS 18""",10,50,500
1145,2025-12-15,Prov Repuestos,SURCO,BATERÍA DE 18 PLACAS,5,82,410
1146,2025-12-15,Prov Vehículos,LA MOLINA,AUTO HONDA ACCORD 2014,3,16500,49500
1147,2025-12-15,Prov Vehículos,LA MOLINA,AUTO HONDA CIVIC 2014,2,18000,36000
1148,2025-12-15,Prov Vehículos,LA MOLINA,AUTO HONDA ODISSEY 2013,2,15500,31000
1149,2025-12-15,Prov Vehículos,LA MOLINA,AUTO HONDA CRV 2014,2,18000,36000
1150,2025-12-15,Prov Repuestos,LA MOLINA,ACEITE DE MOTOR 5W30 FULL SINTÉTICO,10,87,870
1151,2025-12-15,Prov Repuestos,LA MOLINA,AMORTIGUADORES DELANTEROS,1,207,207
1152,2025-12-15,Prov Repuestos,LA MOLINA,AMORTIGUADORES POSTERIORES,10,93,930
1153,2025-12-15,Prov Repuestos,LA MOLINA,"LLANTAS 18""",7,50,350
1154,2025-12-15,Prov Repuestos,LA MOLINA,BATERÍA DE 18 PLACAS,5,82,410
1155,2025-12-15,Prov Repuestos,SURCO,ACEITE DE MOTOR 5W30 FULL SINTÉTICO,17,87,1479
1156,2025-12-15,Prov Repuestos,LA MOLINA,FILTRO DE COMBUSTIBLE,15,94,1410
