id_venta,Fecha,Cliente,Almacen,ID_Producto,Producto,Cantidad_Vendida,Precio_Venta,Monto_Venta,Vendedor
5083,2026-01-01,Cliente 42,LA MOLINA,1,AUTO HONDA ACCORD 2014,1,22000.0,22000.0,Vendedor 3
5084,2026-01-01,Cliente 35,LA MOLINA,2,AUTO HONDA CIVIC 2014,1,29500.0,29500.0,Vendedor 9
5085,2026-01-01,Cliente 30,LA MOLINA,3,AUTO HONDA ODISSEY 2013,1,26000.0,26000.0,Vendedor 5
5086,2026-01-01,Cliente 35,LA MOLINA,4,AUTO HONDA CRV 2014,1,26500.0,26500.0,Vendedor 1
5087,2026-01-01,Cliente 19,LA MOLINA,5,AUTO HONDA PILOT 2013,1,30500.0,30500.0,Vendedor 7
5088,2026-01-01,Cliente 25,LA MOLINA,6,AUTO HONDA FIT 2016,1,22500.0,22500.0,Vendedor 1
5089,2026-01-01,Cliente 28,LA MOLINA,7,AUTO HONDA CITY 2016,1,26000.0,26000.0,Vendedor 8
5090,2026-01-01,Cliente 18,LA MOLINA,8,CAMIONETA HONDA ELEMENT 2013,1,36000.0,36000.0,Vendedor 7
5091,2026-01-01,Cliente 17,LA MOLINA,9,CAMIONETA HONDA CROSSTOUR 2013,1,33500.0,33500.0,Vendedor 6
5092,2026-01-01,Cliente 7,LA MOLINA,10,CAMIONETA HONDA CR-Z 2015,1,35500.0,35500.0,Vendedor 1
5093,2026-01-01,Cliente 49,LA MOLINA,11,CAMIONETA HONDA RID LINE PICK UP 2014,1,47000.0,47000.0,Vendedor 9
5094,2026-01-01,Cliente 38,LA MOLINA,38,ACEITE DE MOTOR 5W30 FULL SINTÉTICO,1,106.0,106.0,Vendedor 4
5095,2026-01-01,Cliente 14,LA MOLINA,39,FILTRO DE COMBUSTIBLE,1,104.1,104.1,Vendedor 5
5096,2026-01-01,Cliente 21,LA MOLINA,40,AMORTIGUADORES DELANTEROS,1,211.4,211.4,Vendedor 2
5097,2026-01-01,Cliente 44,LA MOLINA,41,AMORTIGUADORES POSTERIORES,1,136.6,136.6,Vendedor 10
5098,2026-01-01,Cliente 15,LA MOLINA,42,"LLANTAS 18""",1,51.1,51.1,Vendedor 5
5099,2026-01-01,Cliente 6,LA MOLINA,43,BATERÍA DE 18 PLACAS,1,93.9,93.9,Vendedor 6
5100,2026-01-01,Cliente 21,SURCO,1,AUTO HONDA ACCORD 2014,1,22000.0,22000.0,Vendedor 2
5101,2026-01-01,Cliente 46,SURCO,2,AUTO HONDA CIVIC 2014,1,29500.0,29500.0,Vendedor 5
5102,2026-01-01,Cliente 34,SURCO,3,AUTO HONDA ODISSEY 2013,1,26000.0,26000.0,Vendedor 6
5103,2026-01-01,Cliente 14,SURCO,4,AUTO HONDA CRV 2014,1,26500.0,26500.0,Vendedor 3
5104,2026-01-01,Cliente 8,SURCO,5,AUTO HONDA PILOT 2013,1,30500.0,30500.0,Vendedor 8
5105,2026-01-01,Cliente 25,SURCO,6,AUTO HONDA FIT 2016,1,22500.0,22500.0,Vendedor 4
5106,2026-01-01,Cliente 36,SURCO,7,AUTO HONDA CITY 2016,1,26000.0,26000.0,Vendedor 3
5107,2026-01-01,Cliente 27,SURCO,8,CAMIONETA HONDA ELEMENT 2013,1,36000.0,36000.0,Vendedor 8
5108,2026-01-01,Cliente 41,SURCO,9,CAMIONETA HONDA CROSSTOUR 2013,1,33500.0,33500.0,Vendedor 1
5109,2026-01-01,Cliente 49,SURCO,10,CAMIONETA HONDA CR-Z 2015,1,35500.0,35500.0,Vendedor 3
5110,2026-01-01,Cliente 46,SURCO,11,CAMIONETA HONDA RID LINE PICK UP 2014,1,47000.0,47000.0,Vendedor 6
5111,2026-01-01,Cliente 19,SURCO,38,ACEITE DE MOTOR 5W30 FULL SINTÉTICO,1,106.0,106.0,Vendedor 5
5112,2026-01-01,Cliente 17,SURCO,39,FILTRO DE COMBUSTIBLE,1,104.1,104.1,Vendedor 9
5113,2026-01-01,Cliente 15,SURCO,40,AMORTIGUADORES DELANTEROS,1,211.4,211.4,Vendedor 9
5114,2026-01-01,Cliente 9,SURCO,41,AMORTIGUADORES POSTERIORES,1,136.6,136.6,Vendedor 1
5115,2026-01-01,Cliente 47,SURCO,42,"LLANTAS 18""",1,51.1,51.1,Vendedor 4
5116,2026-01-01,Cliente 16,SURCO,43,BATERÍA DE 18 PLACAS,1,93.9,93.9,Vendedor 9
5117,2026-01-02,Cliente 29,LA MOLINA,1,AUTO HONDA ACCORD 2014,1,22000.0,22000.0,Vendedor 10
5118,2026-01-02,Cliente 18,LA MOLINA,2,AUTO HONDA CIVIC 2014,1,29500.0,29500.0,Vendedor 4
5119,2026-01-02,Cliente 16,LA MOLINA,3,AUTO HONDA ODISSEY 2013,1,26000.0,26000.0,Vendedor 10
5120,2026-01-02,Cliente 49,LA MOLINA,4,AUTO HONDA CRV 2014,1,26500.0,26500.0,Vendedor 6
5121,2026-01-02,Cliente 29,LA MOLINA,6,AUTO HONDA FIT 2016,1,22500.0,22500.0,Vendedor 3
5122,2026-01-02,Cliente 7,LA MOLINA,7,AUTO HONDA CITY 2016,1,26000.0,26000.0,Vendedor 7
5123,2026-01-02,Cliente 5,LA MOLINA,8,CAMIONETA HONDA ELEMENT 2013,1,36000.0,36000.0,Vendedor 6
5124,2026-01-02,Cliente 19,LA MOLINA,38,ACEITE DE MOTOR 5W30 FULL SINTÉTICO,1,106.0,106.0,Vendedor 2
5125,2026-01-02,Cliente 39,LA MOLINA,39,FILTRO DE COMBUSTIBLE,1,104.1,104.1,Vendedor 5
5126,2026-01-02,Cliente 10,LA MOLINA,40,AMORTIGUADORES DELANTEROS,1,211.4,211.4,Vendedor 4
5127,2026-01-02,Cliente 33,LA MOLINA,41,AMORTIGUADORES POSTERIORES,1,136.6,136.6,Vendedor 8
5128,2026-01-02,Cliente 17,LA MOLINA,42,"LLANTAS 18""",1,51.1,51.1,Vendedor 2
5129,2026-01-02,Cliente 25,LA MOLINA,43,BATERÍA DE 18 PLACAS,1,93.9,93.9,Vendedor 1
5130,2026-01-02,Cliente 40,SURCO,1,AUTO HONDA ACCORD 2014,1,22000.0,22000.0,Vendedor 10
5131,2026-01-02,Cliente 1,SURCO,2,AUTO HONDA CIVIC 2014,1,29500.0,29500.0,Vendedor 6
5132,2026-01-02,Cliente 50,SURCO,3,AUTO HONDA ODISSEY 2013,1,26000.0,26000.0,Vendedor 4
5133,2026-01-02,Cliente 21,SURCO,4,AUTO HONDA CRV 2014,1,26500.0,26500.0,Vendedor 1
5134,2026-01-02,Cliente 12,SURCO,38,ACEITE DE MOTOR 5W30 FULL SINTÉTICO,1,106.0,106.0,Vendedor 5
5135,2026-01-02,Cliente 42,SURCO,39,FILTRO DE COMBUSTIBLE,1,104.1,104.1,Vendedor 3
5136,2026-01-02,Cliente 5,SURCO,40,AMORTIGUADORES DELANTEROS,1,211.4,211.4,Vendedor 8
5137,2026-01-02,Cliente 47,SURCO,41,AMORTIGUADORES POSTERIORES,1,136.6,136.6,Vendedor 9
5138,2026-01-02,Cliente 49,SURCO,42,"LLANTAS 18""",1,51.1,51.1,Vendedor 5
5139,2026-01-02,Cliente 22,SURCO,43,BATERÍA DE 18 PLACAS,1,93.9,93.9,Vendedor 2
5140,2026-01-03,Cliente 18,LA MOLINA,1,AUTO HONDA ACCORD 2014,1,22000.0,22000.0,Vendedor 7
5141,2026-01-03,Cliente 28,LA MOLINA,7,AUTO HONDA CITY 2016,1,26000.0,26000.0,Vendedor 6
5142,2026-01-03,Cliente 22,LA MOLINA,38,ACEITE DE MOTOR 5W30 FULL SINTÉTICO,1,106.0,106.0,Vendedor 8
5143,2026-01-03,Cliente 29,LA MOLINA,39,FILTRO DE COMBUSTIBLE,1,104.1,104.1,Vendedor 4
5144,2026-01-03,Cliente 41,LA MOLINA,40,AMORTIGUADORES DELANTEROS,1,211.4,211.4,Vendedor 7
5145,2026-01-03,Cliente 31,LA MOLINA,41,AMORTIGUADORES POSTERIORES,1,136.6,136.6,Vendedor 2
5146,2026-01-03,Cliente 30,LA MOLINA,42,"LLANTAS 18""",1,51.1,51.1,Vendedor 5
5147,2026-01-03,Cliente 15,LA MOLINA,43,BATERÍA DE 18 PLACAS,1,93.9,93.9,Vendedor 8
5148,2026-01-03,Cliente 34,SURCO,1,AUTO HONDA ACCORD 2014,1,22000.0,22000.0,Vendedor 8
5149,2026-01-03,Cliente 30,SURCO,2,AUTO HONDA CIVIC 2014,1,29500.0,29500.0,Vendedor 6
5150,2026-01-03,Cliente 35,SURCO,3,AUTO HONDA ODISSEY 2013,1,26000.0,26000.0,Vendedor 2
5151,2026-01-03,Cliente 29,SURCO,4,AUTO HONDA CRV 2014,1,26500.0,26500.0,Vendedor 1
5152,2026-01-03,Cliente 46,SURCO,38,ACEITE DE MOTOR 5W30 FULL SINTÉTICO,1,106.0,106.0,Vendedor 3
5153,2026-01-03,Cliente 45,SURCO,39,FILTRO DE COMBUSTIBLE,1,104.1,104.1,Vendedor 1
5154,2026-01-03,Cliente 34,SURCO,40,AMORTIGUADORES DELANTEROS,1,211.4,211.4,Vendedor 6
5155,2026-01-03,Cliente 21,SURCO,41,AMORTIGUADORES POSTERIORES,1,136.6,136.6,Vendedor 7
5156,2026-01-03,Cliente 20,SURCO,42,"LLANTAS 18""",1,51.1,51.1,Vendedor 7
5157,2026-01-03,Cliente 34,SURCO,43,BATERÍA DE 18 PLACAS,1,93.9,93.9,Vendedor 10
5158,2026-01-04,Cliente 28,LA MOLINA,7,AUTO HONDA CITY 2016,1,26000.0,26000.0,Vendedor 3
5159,2026-01-04,Cliente 46,LA MOLINA,38,ACEITE DE MOTOR 5W30 FULL SINTÉTICO,1,106.0,106.0,Vendedor 3
5160,2026-01-04,Cliente 41,LA MOLINA,39,FILTRO DE COMBUSTIBLE,1,104.1,104.1,Vendedor 7
5161,2026-01-04,Cliente 33,LA MOLINA,40,AMORTIGUADORES DELANTEROS,1,211.4,211.4,Vendedor 10
5162,2026-01-04,Cliente 25,LA MOLINA,41,AMORTIGUADORES POSTERIORES,1,136.6,136.6,Vendedor 1
5163,2026-01-04,Cliente 43,LA MOLINA,42,"LLANTAS 18""",1,51.1,51.1,Vendedor 7
5164,2026-01-04,Cliente 11,LA MOLINA,43,BATERÍA DE 18 PLACAS,1,93.9,93.9,Vendedor 5
5165,2026-01-04,Cliente 27,SURCO,38,ACEITE DE MOTOR 5W30 FULL SINTÉTICO,1,106.0,106.0,Vendedor 8
5166,2026-01-04,Cliente 44,SURCO,39,FILTRO DE COMBUSTIBLE,1,104.1,104.1,Vendedor 6
5167,2026-01-04,Cliente 24,SURCO,40,AMORTIGUADORES DELANTEROS,1,211.4,211.4,Vendedor 7
5168,2026-01-04,Cliente 41,SURCO,41,AMORTIGUADORES POSTERIORES,1,136.6,136.6,Vendedor 1
5169,2026-01-04,Cliente 50,SURCO,42,"LLANTAS 18""",1,51.1,51.1,Vendedor 10
5170,2026-01-04,Cliente 30,SURCO,43,BATERÍA DE 18 PLACAS,1,93.9,93.9,Vendedor 3
5171,2026-01-05,Cliente 11,LA MOLINA,38,ACEITE DE MOTOR 5W30 FULL SINTÉTICO,1,106.0,106.0,Vendedor 4
5172,2026-01-05,Cliente 43,LA MOLINA,39,FILTRO DE COMBUSTIBLE,1,104.1,104.1,Vendedor 9
5173,2026-01-05,Cliente 48,LA MOLINA,40,AMORTIGUADORES DELANTEROS,1,211.4,211.4,Vendedor 5
5174,2026-01-05,Cliente 46,LA MOLINA,41,AMORTIGUADORES POSTERIORES,1,136.6,136.6,Vendedor 10
5175,2026-01-05,Cliente 15,LA MOLINA,42,"LLANTAS 18""",1,51.1,51.1,Vendedor 7
5176,2026-01-05,Cliente 27,LA MOLINA,43,BATERÍA DE 18 PLACAS,1,93.9,93.9,Vendedor 4
5177,2026-01-05,Cliente 16,SURCO,38,ACEITE DE MOTOR 5W30 FULL SINTÉTICO,1,106.0,106.0,Vendedor 5
5178,2026-01-05,Cliente 22,SURCO,39,FILTRO DE COMBUSTIBLE,1,104.1,104.1,Vendedor 7
5179,2026-01-05,Cliente 26,SURCO,40,AMORTIGUADORES DELANTEROS,1,211.4,211.4,Vendedor 8
5180,2026-01-05,Cliente 14,SURCO,41,AMORTIGUADORES POSTERIORES,1,136.6,136.6,Vendedor 10
5181,2026-01-05,Cliente 16,SURCO,42,"LLANTAS 18""",1,51.1,51.1,Vendedor 10
5182,2026-01-05,Cliente 16,SURCO,43,BATERÍA DE 18 PLACAS,1,93.9,93.9,Vendedor 1
5183,2026-01-06,Cliente 4,LA MOLINA,38,ACEITE DE MOTOR 5W30 FULL SINTÉTICO,1,106.0,106.0,Vendedor 1
5184,2026-01-06,Cliente 34,LA MOLINA,40,AMORTIGUADORES DELANTEROS,1,211.4,211.4,Vendedor 10
5185,2026-01-06,Cliente 16,LA MOLINA,41,AMORTIGUADORES POSTERIORES,1,136.6,136.6,Vendedor 3
5186,2026-01-06,Cliente 33,LA MOLINA,42,"LLANTAS 18""",1,51.1,51.1,Vendedor 10
5187,2026-01-06,Cliente 11,LA MOLINA,43,BATERÍA DE 18 PLACAS,1,93.9,93.9,Vendedor 10
5188,2026-01-06,Cliente 4,SURCO,38,ACEITE DE MOTOR 5W30 FULL SINTÉTICO,1,106.0,106.0,Vendedor 9
5189,2026-01-06,Cliente 48,SURCO,40,AMORTIGUADORES DELANTEROS,1,211.4,211.4,Vendedor 7
5190,2026-01-06,Cliente 8,SURCO,41,AMORTIGUADORES POSTERIORES,1,136.6,136.6,Vendedor 7
5191,2026-01-06,Cliente 32,SURCO,42,"LLANTAS 18""",1,51.1,51.1,Vendedor 6
5192,2026-01-06,Cliente 37,SURCO,43,BATERÍA DE 18 PLACAS,1,93.9,93.9,Vendedor 4
5193,2026-01-07,Cliente 22,LA MOLINA,38,ACEITE DE MOTOR 5W30 FULL SINTÉTICO,1,106.0,106.0,Vendedor 9
5194,2026-01-07,Cliente 48,LA MOLINA,40,AMORTIGUADORES DELANTEROS,1,211.4,211.4,Vendedor 2
5195,2026-01-07,Cliente 6,LA MOLINA,41,AMORTIGUADORES POSTERIORES,1,136.6,136.6,Vendedor 1
5196,2026-01-07,Cliente 10,LA MOLINA,42,"LLANTAS 18""",1,51.1,51.1,Vendedor 5
5197,2026-01-07,Cliente 28,LA MOLINA,43,BATERÍA DE 18 PLACAS,1,93.9,93.9,Vendedor 4
5198,2026-01-07,Cliente 4,SURCO,38,ACEITE DE MOTOR 5W30 FULL SINTÉTICO,1,106.0,106.0,Vendedor 8
5199,2026-01-07,Cliente 4,SURCO,40,AMORTIGUADORES DELANTEROS,1,211.4,211.4,Vendedor 1
5200,2026-01-07,Cliente 49,SURCO,41,AMORTIGUADORES POSTERIORES,1,136.6,136.6,Vendedor 6
5201,2026-01-07,Cliente 3,SURCO,42,"LLANTAS 18""",1,51.1,51.1,Vendedor 4
5202,2026-01-07,Cliente 28,SURCO,43,BATERÍA DE 18 PLACAS,1,93.9,93.9,Vendedor 7
5203,2026-01-08,Cliente 3,LA MOLINA,38,ACEITE DE MOTOR 5W30 FULL SINTÉTICO,1,106.0,106.0,Vendedor 6
5204,2026-01-08,Cliente 24,LA MOLINA,40,AMORTIGUADORES DELANTEROS,1,211.4,211.4,Vendedor 9
5205,2026-01-08,Cliente 33,LA MOLINA,41,AMORTIGUADORES POSTERIORES,1,136.6,136.6,Vendedor 1
5206,2026-01-08,Cliente 17,LA MOLINA,42,"LLANTAS 18""",1,51.1,51.1,Vendedor 5
5207,2026-01-08,Cliente 36,LA MOLINA,43,BATERÍA DE 18 PLACAS,1,93.9,93.9,Vendedor 10
5208,2026-01-08,Cliente 10,SURCO,38,ACEITE DE MOTOR 5W30 FULL SINTÉTICO,1,106.0,106.0,Vendedor 3
5209,2026-01-08,Cliente 39,SURCO,40,AMORTIGUADORES DELANTEROS,1,211.4,211.4,Vendedor 9
5210,2026-01-08,Cliente 5,SURCO,41,AMORTIGUADORES POSTERIORES,1,136.6,136.6,Vendedor 4
5211,2026-01-08,Cliente 43,SURCO,42,"LLANTAS 18""",1,51.1,51.1,Vendedor 8
5212,2026-01-08,Cliente 11,SURCO,43,BATERÍA DE 18 PLACAS,1,93.9,93.9,Vendedor 9
5213,2026-01-09,Cliente 22,LA MOLINA,38,ACEITE DE MOTOR 5W30 FULL SINTÉTICO,1,106.0,106.0,Vendedor 5
5214,2026-01-09,Cliente 12,LA MOLINA,40,AMORTIGUADORES DELANTEROS,1,211.4,211.4,Vendedor 6
5215,2026-01-09,Cliente 23,LA MOLINA,41,AMORTIGUADORES POSTERIORES,1,136.6,136.6,Vendedor 6
5216,2026-01-09,Cliente 25,LA MOLINA,42,"LLANTAS 18""",1,51.1,51.1,Vendedor 3
5217,2026-01-09,Cliente 35,LA MOLINA,43,BATERÍA DE 18 PLACAS,1,93.9,93.9,Vendedor 3
5218,2026-01-09,Cliente 17,SURCO,38,ACEITE DE MOTOR 5W30 FULL SINTÉTICO,1,106.0,106.0,Vendedor 1
5219,2026-01-09,Cliente 40,SURCO,40,AMORTIGUADORES DELANTEROS,1,211.4,211.4,Vendedor 9
5220,2026-01-09,Cliente 39,SURCO,41,AMORTIGUADORES POSTERIORES,1,136.6,136.6,Vendedor 7
5221,2026-01-09,Cliente 21,SURCO,42,"LLANTAS 18""",1,51.1,51.1,Vendedor 5
5222,2026-01-09,Cliente 27,SURCO,43,BATERÍA DE 18 PLACAS,1,93.9,93.9,Vendedor 7
5223,2026-01-10,Cliente 27,LA MOLINA,38,ACEITE DE MOTOR 5W30 FULL SINTÉTICO,1,106.0,106.0,Vendedor 8
5224,2026-01-10,Cliente 30,LA MOLINA,40,AMORTIGUADORES DELANTEROS,1,211.4,211.4,Vendedor 6
5225,2026-01-10,Cliente 44,LA MOLINA,41,AMORTIGUADORES POSTERIORES,1,136.6,136.6,Vendedor 7
5226,2026-01-10,Cliente 29,LA MOLINA,42,"LLANTAS 18""",1,51.1,51.1,Vendedor 5
5227,2026-01-10,Cliente 27,LA MOLINA,43,BATERÍA DE 18 PLACAS,1,93.9,93.9,Vendedor 2
5228,2026-01-10,Cliente 12,SURCO,38,ACEITE DE MOTOR 5W30 FULL SINTÉTICO,1,106.0,106.0,Vendedor 1
5229,2026-01-10,Cliente 32,SURCO,40,AMORTIGUADORES DELANTEROS,1,211.4,211.4,Vendedor 9
5230,2026-01-10,Cliente 39,SURCO,41,AMORTIGUADORES POSTERIORES,1,136.6,136.6,Vendedor 8
5231,2026-01-10,Cliente 41,SURCO,42,"LLANTAS 18""",1,51.1,51.1,Vendedor 10
5232,2026-01-11,Cliente 1,LA MOLINA,38,ACEITE DE MOTOR 5W30 FULL SINTÉTICO,1,106.0,106.0,Vendedor 9
5233,2026-01-11,Cliente 3,LA MOLINA,40,AMORTIGUADORES DELANTEROS,1,211.4,211.4,Vendedor 1
5234,2026-01-11,Cliente 7,LA MOLINA,41,AMORTIGUADORES POSTERIORES,1,136.6,136.6,Vendedor 6
5235,2026-01-11,Cliente 48,LA MOLINA,42,"LLANTAS 18""",1,51.1,51.1,Vendedor 6
5236,2026-01-11,Cliente 6,LA MOLINA,43,BATERÍA DE 18 PLACAS,1,93.9,93.9,Vendedor 9
5237,2026-01-11,Cliente 19,SURCO,38,ACEITE DE MOTOR 5W30 FULL SINTÉTICO,1,106.0,106.0,Vendedor 9
5238,2026-01-11,Cliente 6,SURCO,40,AMORTIGUADORES DELANTEROS,1,211.4,211.4,Vendedor 6
5239,2026-01-11,Cliente 27,SURCO,41,AMORTIGUADORES POSTERIORES,1,136.6,136.6,Vendedor 1
5240,2026-01-11,Cliente 39,SURCO,42,"LLANTAS 18""",1,51.1,51.1,Vendedor 9
5241,2026-01-12,Cliente 14,LA MOLINA,38,ACEITE DE MOTOR 5W30 FULL SINTÉTICO,1,106.0,106.0,Vendedor 9
5242,2026-01-12,Cliente 28,LA MOLINA,40,AMORTIGUADORES DELANTEROS,1,211.4,211.4,Vendedor 3
5243,2026-01-12,Cliente 19,LA MOLINA,41,AMORTIGUADORES POSTERIORES,1,136.6,136.6,Vendedor 8
5244,2026-01-12,Cliente 12,LA MOLINA,42,"LLANTAS 18""",1,51.1,51.1,Vendedor 6
5245,2026-01-12,Cliente 18,SURCO,38,ACEITE DE MOTOR 5W30 FULL SINTÉTICO,1,106.0,106.0,Vendedor 8
5246,2026-01-12,Cliente 31,SURCO,40,AMORTIGUADORES DELANTEROS,1,211.4,211.4,Vendedor 9
5247,2026-01-12,Cliente 8,SURCO,41,AMORTIGUADORES POSTERIORES,1,136.6,136.6,Vendedor 5
5248,2026-01-12,Cliente 49,SURCO,42,"LLANTAS 18""",1,51.1,51.1,Vendedor 10
5249,2026-01-13,Cliente 6,LA MOLINA,38,ACEITE DE MOTOR 5W30 FULL SINTÉTICO,1,106.0,106.0,Vendedor 3
5250,2026-01-13,Cliente 20,LA MOLINA,40,AMORTIGUADORES DELANTEROS,1,211.4,211.4,Vendedor 1
5251,2026-01-13,Cliente 6,LA MOLINA,41,AMORTIGUADORES POSTERIORES,1,136.6,136.6,Vendedor 10
5252,2026-01-13,Cliente 43,LA MOLINA,42,"LLANTAS 18""",1,51.1,51.1,Vendedor 10
5253,2026-01-13,Cliente 46,SURCO,38,ACEITE DE MOTOR 5W30 FULL SINTÉTICO,1,106.0,106.0,Vendedor 8
5254,2026-01-13,Cliente 25,SURCO,40,AMORTIGUADORES DELANTEROS,1,211.4,211.4,Vendedor 10
5255,2026-01-13,Cliente 18,SURCO,41,AMORTIGUADORES POSTERIORES,1,136.6,136.6,Vendedor 1
5256,2026-01-13,Cliente 20,SURCO,42,"LLANTAS 18""",1,51.1,51.1,Vendedor 6
5257,2026-01-14,Cliente 13,LA MOLINA,38,ACEITE DE MOTOR 5W30 FULL SINTÉTICO,1,106.0,106.0,Vendedor 1
5258,2026-01-14,Cliente 30,LA MOLINA,40,AMORTIGUADORES DELANTEROS,1,211.4,211.4,Vendedor 10
5259,2026-01-14,Cliente 33,LA MOLINA,41,AMORTIGUADORES POSTERIORES,1,136.6,136.6,Vendedor 1
5260,2026-01-14,Cliente 30,LA MOLINA,42,"LLANTAS 18""",1,51.1,51.1,Vendedor 2
5261,2026-01-14,Cliente 3,SURCO,38,ACEITE DE MOTOR 5W30 FULL SINTÉTICO,1,106.0,106.0,Vendedor 6
5262,2026-01-14,Cliente 6,SURCO,40,AMORTIGUADORES DELANTEROS,1,211.4,211.4,Vendedor 10
5263,2026-01-14,Cliente 13,SURCO,41,AMORTIGUADORES POSTERIORES,1,136.6,136.6,Vendedor 6
5264,2026-01-14,Cliente 29,SURCO,42,"LLANTAS 18""",1,51.1,51.1,Vendedor 9
5265,2026-01-15,Cliente 23,LA MOLINA,38,ACEITE DE MOTOR 5W30 FULL SINTÉTICO,1,106.0,106.0,Vendedor 10
5266,2026-01-15,Cliente 36,LA MOLINA,40,AMORTIGUADORES DELANTEROS,1,211.4,211.4,Vendedor 3
5267,2026-01-15,Cliente 31,LA MOLINA,41,AMORTIGUADORES POSTERIORES,1,136.6,136.6,Vendedor 7
5268,2026-01-15,Cliente 9,LA MOLINA,42,"LLANTAS 18""",1,51.1,51.1,Vendedor 7
5269,2026-01-15,Cliente 2,SURCO,38,ACEITE DE MOTOR 5W30 FULL SINTÉTICO,1,106.0,106.0,Vendedor 9
5270,2026-01-15,Cliente 45,SURCO,40,AMORTIGUADORES DELANTEROS,1,211.4,211.4,Vendedor 6
5271,2026-01-15,Cliente 34,SURCO,41,AMORTIGUADORES POSTERIORES,1,136.6,136.6,Vendedor 6
5272,2026-01-15,Cliente 32,SURCO,42,"LLANTAS 18""",1,51.1,51.1,Vendedor 1
5273,2026-01-16,Cliente 4,LA MOLINA,38,ACEITE DE MOTOR 5W30 FULL SINTÉTICO,1,106.0,106.0,Vendedor 2
5274,2026-01-16,Cliente 29,LA MOLINA,40,AMORTIGUADORES DELANTEROS,1,211.4,211.4,Vendedor 4
5275,2026-01-16,Cliente 50,LA MOLINA,41,AMORTIGUADORES POSTERIORES,1,136.6,136.6,Vendedor 7
5276,2026-01-16,Cliente 4,LA MOLINA,42,"LLANTAS 18""",1,51.1,51.1,Vendedor 7
5277,2026-01-16,Cliente 7,SURCO,38,ACEITE DE MOTOR 5W30 FULL SINTÉTICO,1,106.0,106.0,Vendedor 4
5278,2026-01-16,Cliente 26,SURCO,40,AMORTIGUADORES DELANTEROS,1,211.4,211.4,Vendedor 7
5279,2026-01-16,Cliente 20,SURCO,41,AMORTIGUADORES POSTERIORES,1,136.6,136.6,Vendedor 7
5280,2026-01-16,Cliente 37,SURCO,42,"LLANTAS 18""",1,51.1,51.1,Vendedor 3
5281,2026-01-17,Cliente 20,LA MOLINA,38,ACEITE DE MOTOR 5W30 FULL SINTÉTICO,1,106.0,106.0,Vendedor 9
5282,2026-01-17,Cliente 47,LA MOLINA,40,AMORTIGUADORES DELANTEROS,1,211.4,211.4,Vendedor 5
5283,2026-01-17,Cliente 1,LA MOLINA,41,AMORTIGUADORES POSTERIORES,1,136.6,136.6,Vendedor 7
5284,2026-01-17,Cliente 27,LA MOLINA,42,"LLANTAS 18""",1,51.1,51.1,Vendedor 7
5285,2026-01-17,Cliente 28,SURCO,38,ACEITE DE MOTOR 5W30 FULL SINTÉTICO,1,106.0,106.0,Vendedor 7
5286,2026-01-17,Cliente 3,SURCO,40,AMORTIGUADORES DELANTEROS,1,211.4,211.4,Vendedor 4
5287,2026-01-17,Cliente 15,SURCO,41,AMORTIGUADORES POSTERIORES,1,136.6,136.6,Vendedor 4
5288,2026-01-17,Cliente 5,SURCO,42,"LLANTAS 18""",1,51.1,51.1,Vendedor 5
5289,2026-01-18,Cliente 7,LA MOLINA,38,ACEITE DE MOTOR 5W30 FULL SINTÉTICO,1,106.0,106.0,Vendedor 9
5290,2026-01-18,Cliente 10,LA MOLINA,40,AMORTIGUADORES DELANTEROS,1,211.4,211.4,Vendedor 10
5291,2026-01-18,Cliente 16,LA MOLINA,41,AMORTIGUADORES POSTERIORES,1,136.6,136.6,Vendedor 5
5292,2026-01-18,Cliente 19,LA MOLINA,42,"LLANTAS 18""",1,51.1,51.1,Vendedor 2
5293,2026-01-18,Cliente 6,SURCO,38,ACEITE DE MOTOR 5W30 FULL SINTÉTICO,1,106.0,106.0,Vendedor 5
5294,2026-01-18,Cliente 17,SURCO,40,AMORTIGUADORES DELANTEROS,1,211.4,211.4,Vendedor 1
5295,2026-01-18,Cliente 25,SURCO,41,AMORTIGUADORES POSTERIORES,1,136.6,136.6,Vendedor 8
5296,2026-01-18,Cliente 2,SURCO,42,"LLANTAS 18""",1,51.1,51.1,Vendedor 4
5297,2026-01-19,Cliente 14,LA MOLINA,38,ACEITE DE MOTOR 5W30 FULL SINTÉTICO,1,106.0,106.0,Vendedor 5
5298,2026-01-19,Cliente 31,LA MOLINA,40,AMORTIGUADORES DELANTEROS,1,211.4,211.4,Vendedor 3
5299,2026-01-19,Cliente 9,LA MOLINA,41,AMORTIGUADORES POSTERIORES,1,136.6,136.6,Vendedor 7
5300,2026-01-19,Cliente 17,LA MOLINA,42,"LLANTAS 18""",1,51.1,51.1,Vendedor 5
5301,2026-01-19,Cliente 14,SURCO,38,ACEITE DE MOTOR 5W30 FULL SINTÉTICO,1,106.0,106.0,Vendedor 10
5302,2026-01-19,Cliente 9,SURCO,40,AMORTIGUADORES DELANTEROS,1,211.4,211.4,Vendedor 9
5303,2026-01-20,Cliente 38,LA MOLINA,38,ACEITE DE MOTOR 5W30 FULL SINTÉTICO,1,106.0,106.0,Vendedor 10
5304,2026-01-20,Cliente 10,LA MOLINA,40,AMORTIGUADORES DELANTEROS,1,211.4,211.4,Vendedor 1
5305,2026-01-20,Cliente 12,LA MOLINA,41,AMORTIGUADORES POSTERIORES,1,136.6,136.6,Vendedor 8
5306,2026-01-20,Cliente 35,SURCO,38,ACEITE DE MOTOR 5W30 FULL SINTÉTICO,1,106.0,106.0,Vendedor 6
5307,2026-01-20,Cliente 7,SURCO,40,AMORTIGUADORES DELANTEROS,1,211.4,211.4,Vendedor 6
5308,2026-01-21,Cliente 35,LA MOLINA,38,ACEITE DE MOTOR 5W30 FULL SINTÉTICO,1,106.0,106.0,Vendedor 9
5309,2026-01-21,Cliente 1,LA MOLINA,40,AMORTIGUADORES DELANTEROS,1,211.4,211.4,Vendedor 8
5310,2026-01-21,Cliente 37,LA MOLINA,41,AMORTIGUADORES POSTERIORES,1,136.6,136.6,Vendedor 5
5311,2026-01-21,Cliente 3,SURCO,38,ACEITE DE MOTOR 5W30 FULL SINTÉTICO,1,106.0,106.0,Vendedor 10
5312,2026-01-21,Cliente 13,SURCO,40,AMORTIGUADORES DELANTEROS,1,211.4,211.4,Vendedor 6
5313,2026-01-22,Cliente 49,LA MOLINA,38,ACEITE DE MOTOR 5W30 FULL SINTÉTICO,1,106.0,106.0,Vendedor 5
5314,2026-01-22,Cliente 47,LA MOLINA,40,AMORTIGUADORES DELANTEROS,1,211.4,211.4,Vendedor 2
5315,2026-01-22,Cliente 21,SURCO,38,ACEITE DE MOTOR 5W30 FULL SINTÉTICO,1,106.0,106.0,Vendedor 2
5316,2026-01-22,Cliente 43,SURCO,40,AMORTIGUADORES DELANTEROS,1,211.4,211.4,Vendedor 4
5317,2026-01-23,Cliente 27,LA MOLINA,38,ACEITE DE MOTOR 5W30 FULL SINTÉTICO,1,106.0,106.0,Vendedor 7
5318,2026-01-23,Cliente 27,LA MOLINA,40,AMORTIGUADORES DELANTEROS,1,211.4,211.4,Vendedor 8
5319,2026-01-23,Cliente 45,SURCO,38,ACEITE DE MOTOR 5W30 FULL SINTÉTICO,1,106.0,106.0,Vendedor 10
5320,2026-01-23,Cliente 2,SURCO,40,AMORTIGUADORES DELANTEROS,1,211.4,211.4,Vendedor 6
5321,2026-01-24,Cliente 30,LA MOLINA,40,AMORTIGUADORES DELANTEROS,1,211.4,211.4,Vendedor 6
5322,2026-01-24,Cliente 33,SURCO,38,ACEITE DE MOTOR 5W30 FULL SINTÉTICO,1,106.0,106.0,Vendedor 4
5323,2026-01-25,Cliente 4,LA MOLINA,40,AMORTIGUADORES DELANTEROS,1,211.4,211.4,Vendedor 5
5324,2026-01-26,Cliente 1,LA MOLINA,40,AMORTIGUADORES DELANTEROS,1,211.4,211.4,Vendedor 8
5325,2026-01-27,Cliente 25,LA MOLINA,40,AMORTIGUADORES DELANTEROS,1,211.4,211.4,Vendedor 10
5326,2026-01-28,Cliente 34,LA MOLINA,40,AMORTIGUADORES DELANTEROS,1,211.4,211.4,Vendedor 2
5327,2026-01-29,Cliente 47,LA MOLINA,40,AMORTIGUADORES DELANTEROS,1,211.4,211.4,Vendedor 10
5328,2026-01-30,Cliente 37,LA MOLINA,40,AMORTIGUADORES DELANTEROS,1,211.4,211.4,Vendedor 4
5329,2026-02-01,Cliente 46,LA MOLINA,1,AUTO HONDA ACCORD 2014,1,22000.0,22000.0,Vendedor 5
5330,2026-02-01,Cliente 15,LA MOLINA,2,AUTO HONDA CIVIC 2014,1,29500.0,29500.0,Vendedor 6
5331,2026-02-01,Cliente 48,LA MOLINA,3,AUTO HONDA ODISSEY 2013,1,26000.0,26000.0,Vendedor 9
5332,2026-02-01,Cliente 16,LA MOLINA,4,AUTO HONDA CRV 2014,1,26500.0,26500.0,Vendedor 5
5333,2026-02-01,Cliente 19,LA MOLINA,5,AUTO HONDA PILOT 2013,1,30500.0,30500.0,Vendedor 8
5334,2026-02-01,Cliente 31,LA MOLINA,6,AUTO HONDA FIT 2016,1,22500.0,22500.0,Vendedor 5
5335,2026-02-01,Cliente 4,LA MOLINA,7,AUTO HONDA CITY 2016,1,26000.0,26000.0,Vendedor 7
5336,2026-02-01,Cliente 9,LA MOLINA,8,CAMIONETA HONDA ELEMENT 2013,1,36000.0,36000.0,Vendedor 4
5337,2026-02-01,Cliente 3,LA MOLINA,9,CAMIONETA HONDA CROSSTOUR 2013,1,33500.0,33500.0,Vendedor 7
5338,2026-02-01,Cliente 27,LA MOLINA,10,CAMIONETA HONDA CR-Z 2015,1,35500.0,35500.0,Vendedor 5
5339,2026-02-01,Cliente 16,LA MOLINA,11,CAMIONETA HONDA RID LINE PICK UP 2014,1,47000.0,47000.0,Vendedor 9
5340,2026-02-01,Cliente 22,LA MOLINA,38,ACEITE DE MOTOR 5W30 FULL SINTÉTICO,1,106.0,106.0,Vendedor 8
5341,2026-02-01,Cliente 26,LA MOLINA,39,FILTRO DE COMBUSTIBLE,1,104.1,104.1,Vendedor 9
5342,2026-02-01,Cliente 38,LA MOLINA,40,AMORTIGUADORES DELANTEROS,1,211.4,211.4,Vendedor 6
5343,2026-02-01,Cliente 45,LA MOLINA,41,AMORTIGUADORES POSTERIORES,1,136.6,136.6,Vendedor 5
5344,2026-02-01,Cliente 3,LA MOLINA,42,"LLANTAS 18""",1,51.1,51.1,Vendedor 3
5345,2026-02-01,Cliente 45,LA MOLINA,43,BATERÍA DE 18 PLACAS,1,93.9,93.9,Vendedor 9
5346,2026-02-01,Cliente 17,SURCO,1,AUTO HONDA ACCORD 2014,1,22000.0,22000.0,Vendedor 1
5347,2026-02-01,Cliente 14,SURCO,2,AUTO HONDA CIVIC 2014,1,29500.0,29500.0,Vendedor 2
5348,2026-02-01,Cliente 17,SURCO,3,AUTO HONDA ODISSEY 2013,1,26000.0,26000.0,Vendedor 5
5349,2026-02-01,Cliente 31,SURCO,4,AUTO HONDA CRV 2014,1,26500.0,26500.0,Vendedor 9
5350,2026-02-01,Cliente 43,SURCO,5,AUTO HONDA PILOT 2013,1,30500.0,30500.0,Vendedor 1
5351,2026-02-01,Cliente 16,SURCO,6,AUTO HONDA FIT 2016,1,22500.0,22500.0,Vendedor 5
5352,2026-02-01,Cliente 15,SURCO,7,AUTO HONDA CITY 2016,1,26000.0,26000.0,Vendedor 8
5353,2026-02-01,Cliente 21,SURCO,8,CAMIONETA HONDA ELEMENT 2013,1,36000.0,36000.0,Vendedor 6
5354,2026-02-01,Cliente 27,SURCO,9,CAMIONETA HONDA CROSSTOUR 2013,1,33500.0,33500.0,Vendedor 2
5355,2026-02-01,Cliente 20,SURCO,10,CAMIONETA HONDA CR-Z 2015,1,35500.0,35500.0,Vendedor 10
5356,2026-02-01,Cliente 42,SURCO,11,CAMIONETA HONDA RID LINE PICK UP 2014,1,47000.0,47000.0,Vendedor 4
5357,2026-02-01,Cliente 39,SURCO,38,ACEITE DE MOTOR 5W30 FULL SINTÉTICO,1,106.0,106.0,Vendedor 9
5358,2026-02-01,Cliente 42,SURCO,39,FILTRO DE COMBUSTIBLE,1,104.1,104.1,Vendedor 10
5359,2026-02-01,Cliente 14,SURCO,40,AMORTIGUADORES DELANTEROS,1,211.4,211.4,Vendedor 10
5360,2026-02-01,Cliente 44,SURCO,41,AMORTIGUADORES POSTERIORES,1,136.6,136.6,Vendedor 3
5361,2026-02-01,Cliente 35,SURCO,42,"LLANTAS 18""",1,51.1,51.1,Vendedor 1
5362,2026-02-01,Cliente 27,SURCO,43,BATERÍA DE 18 PLACAS,1,93.9,93.9,Vendedor 7
5363,2026-02-02,Cliente 24,LA MOLINA,1,AUTO HONDA ACCORD 2014,1,22000.0,22000.0,Vendedor 3
5364,2026-02-02,Cliente 15,LA MOLINA,2,AUTO HONDA CIVIC 2014,1,29500.0,29500.0,Vendedor 8
5365,2026-02-02,Cliente 4,LA MOLINA,3,AUTO HONDA ODISSEY 2013,1,26000.0,26000.0,Vendedor 7
5366,2026-02-02,Cliente 47,LA MOLINA,4,AUTO HONDA CRV 2014,1,26500.0,26500.0,Vendedor 8
5367,2026-02-02,Cliente 27,LA MOLINA,5,AUTO HONDA PILOT 2013,1,30500.0,30500.0,Vendedor 7
5368,2026-02-02,Cliente 38,LA MOLINA,6,AUTO HONDA FIT 2016,1,22500.0,22500.0,Vendedor 9
5369,2026-02-02,Cliente 25,LA MOLINA,7,AUTO HONDA CITY 2016,1,26000.0,26000.0,Vendedor 2
5370,2026-02-02,Cliente 27,LA MOLINA,8,CAMIONETA HONDA ELEMENT 2013,1,36000.0,36000.0,Vendedor 5
5371,2026-02-02,Cliente 35,LA MOLINA,38,ACEITE DE MOTOR 5W30 FULL SINTÉTICO,1,106.0,106.0,Vendedor 8
5372,2026-02-02,Cliente 48,LA MOLINA,39,FILTRO DE COMBUSTIBLE,1,104.1,104.1,Vendedor 8
5373,2026-02-02,Cliente 18,LA MOLINA,40,AMORTIGUADORES DELANTEROS,1,211.4,211.4,Vendedor 3
5374,2026-02-02,Cliente 14,LA MOLINA,41,AMORTIGUADORES POSTERIORES,1,136.6,136.6,Vendedor 2
5375,2026-02-02,Cliente 50,LA MOLINA,42,"LLANTAS 18""",1,51.1,51.1,Vendedor 10
5376,2026-02-02,Cliente 17,LA MOLINA,43,BATERÍA DE 18 PLACAS,1,93.9,93.9,Vendedor 1
5377,2026-02-02,Cliente 8,SURCO,1,AUTO HONDA ACCORD 2014,1,22000.0,22000.0,Vendedor 1
5378,2026-02-02,Cliente 25,SURCO,2,AUTO HONDA CIVIC 2014,1,29500.0,29500.0,Vendedor 8
5379,2026-02-02,Cliente 9,SURCO,3,AUTO HONDA ODISSEY 2013,1,26000.0,26000.0,Vendedor 4
5380,2026-02-02,Cliente 34,SURCO,4,AUTO HONDA CRV 2014,1,26500.0,26500.0,Vendedor 9
5381,2026-02-02,Cliente 2,SURCO,38,ACEITE DE MOTOR 5W30 FULL SINTÉTICO,1,106.0,106.0,Vendedor 7
5382,2026-02-02,Cliente 11,SURCO,39,FILTRO DE COMBUSTIBLE,1,104.1,104.1,Vendedor 1
5383,2026-02-02,Cliente 5,SURCO,40,AMORTIGUADORES DELANTEROS,1,211.4,211.4,Vendedor 4
5384,2026-02-02,Cliente 14,SURCO,41,AMORTIGUADORES POSTERIORES,1,136.6,136.6,Vendedor 9
5385,2026-02-02,Cliente 17,SURCO,42,"LLANTAS 18""",1,51.1,51.1,Vendedor 9
5386,2026-02-02,Cliente 36,SURCO,43,BATERÍA DE 18 PLACAS,1,93.9,93.9,Vendedor 10
5387,2026-02-03,Cliente 30,LA MOLINA,1,AUTO HONDA ACCORD 2014,1,22000.0,22000.0,Vendedor 3
5388,2026-02-03,Cliente 34,LA MOLINA,7,AUTO HONDA CITY 2016,1,26000.0,26000.0,Vendedor 2
5389,2026-02-03,Cliente 50,LA MOLINA,38,ACEITE DE MOTOR 5W30 FULL SINTÉTICO,1,106.0,106.0,Vendedor 5
5390,2026-02-03,Cliente 20,LA MOLINA,39,FILTRO DE COMBUSTIBLE,1,104.1,104.1,Vendedor 8
5391,2026-02-03,Cliente 23,LA MOLINA,40,AMORTIGUADORES DELANTEROS,1,211.4,211.4,Vendedor 4
5392,2026-02-03,Cliente 19,LA MOLINA,41,AMORTIGUADORES POSTERIORES,1,136.6,136.6,Vendedor 1
5393,2026-02-03,Cliente 45,LA MOLINA,42,"LLANTAS 18""",1,51.1,51.1,Vendedor 2
5394,2026-02-03,Cliente 22,LA MOLINA,43,BATERÍA DE 18 PLACAS,1,93.9,93.9,Vendedor 7
5395,2026-02-03,Cliente 2,SURCO,1,AUTO HONDA ACCORD 2014,1,22000.0,22000.0,Vendedor 6
5396,2026-02-03,Cliente 29,SURCO,2,AUTO HONDA CIVIC 2014,1,29500.0,29500.0,Vendedor 9
5397,2026-02-03,Cliente 11,SURCO,3,AUTO HONDA ODISSEY 2013,1,26000.0,26000.0,Vendedor 6
5398,2026-02-03,Cliente 46,SURCO,4,AUTO HONDA CRV 2014,1,26500.0,26500.0,Vendedor 4
5399,2026-02-03,Cliente 6,SURCO,38,ACEITE DE MOTOR 5W30 FULL SINTÉTICO,1,106.0,106.0,Vendedor 3
5400,2026-02-03,Cliente 24,SURCO,39,FILTRO DE COMBUSTIBLE,1,104.1,104.1,Vendedor 4
5401,2026-02-03,Cliente 48,SURCO,40,AMORTIGUADORES DELANTEROS,1,211.4,211.4,Vendedor 4
5402,2026-02-03,Cliente 45,SURCO,41,AMORTIGUADORES POSTERIORES,1,136.6,136.6,Vendedor 6
5403,2026-02-03,Cliente 12,SURCO,42,"LLANTAS 18""",1,51.1,51.1,Vendedor 5
5404,2026-02-03,Cliente 46,SURCO,43,BATERÍA DE 18 PLACAS,1,93.9,93.9,Vendedor 3
5405,2026-02-04,Cliente 13,LA MOLINA,7,AUTO HONDA CITY 2016,1,26000.0,26000.0,Vendedor 4
5406,2026-02-04,Cliente 17,LA MOLINA,38,ACEITE DE MOTOR 5W30 FULL SINTÉTICO,1,106.0,106.0,Vendedor 5
5407,2026-02-04,Cliente 24,LA MOLINA,39,FILTRO DE COMBUSTIBLE,1,104.1,104.1,Vendedor 5
5408,2026-02-04,Cliente 20,LA MOLINA,40,AMORTIGUADORES DELANTEROS,1,211.4,211.4,Vendedor 9
5409,2026-02-04,Cliente 12,LA MOLINA,41,AMORTIGUADORES POSTERIORES,1,136.6,136.6,Vendedor 5
5410,2026-02-04,Cliente 13,LA MOLINA,42,"LLANTAS 18""",1,51.1,51.1,Vendedor 3
5411,2026-02-04,Cliente 16,LA MOLINA,43,BATERÍA DE 18 PLACAS,1,93.9,93.9,Vendedor 5
5412,2026-02-04,Cliente 40,SURCO,38,ACEITE DE MOTOR 5W30 FULL SINTÉTICO,1,106.0,106.0,Vendedor 1
5413,2026-02-04,Cliente 31,SURCO,39,FILTRO DE COMBUSTIBLE,1,104.1,104.1,Vendedor 7
5414,2026-02-04,Cliente 39,SURCO,40,AMORTIGUADORES DELANTEROS,1,211.4,211.4,Vendedor 3
5415,2026-02-04,Cliente 4,SURCO,41,AMORTIGUADORES POSTERIORES,1,136.6,136.6,Vendedor 5
5416,2026-02-04,Cliente 47,SURCO,42,"LLANTAS 18""",1,51.1,51.1,Vendedor 2
5417,2026-02-04,Cliente 7,SURCO,43,BATERÍA DE 18 PLACAS,1,93.9,93.9,Vendedor 6
5418,2026-02-05,Cliente 42,LA MOLINA,38,ACEITE DE MOTOR 5W30 FULL SINTÉTICO,1,106.0,106.0,Vendedor 6
5419,2026-02-05,Cliente 46,LA MOLINA,39,FILTRO DE COMBUSTIBLE,1,104.1,104.1,Vendedor 1
5420,2026-02-05,Cliente 30,LA MOLINA,40,AMORTIGUADORES DELANTEROS,1,211.4,211.4,Vendedor 9
5421,2026-02-05,Cliente 43,LA MOLINA,41,AMORTIGUADORES POSTERIORES,1,136.6,136.6,Vendedor 8
5422,2026-02-05,Cliente 3,LA MOLINA,42,"LLANTAS 18""",1,51.1,51.1,Vendedor 4
5423,2026-02-05,Cliente 1,LA MOLINA,43,BATERÍA DE 18 PLACAS,1,93.9,93.9,Vendedor 9
5424,2026-02-05,Cliente 20,SURCO,38,ACEITE DE MOTOR 5W30 FULL SINTÉTICO,1,106.0,106.0,Vendedor 4
5425,2026-02-05,Cliente 14,SURCO,39,FILTRO DE COMBUSTIBLE,1,104.1,104.1,Vendedor 6
5426,2026-02-05,Cliente 27,SURCO,40,AMORTIGUADORES DELANTEROS,1,211.4,211.4,Vendedor 8
5427,2026-02-05,Cliente 28,SURCO,41,AMORTIGUADORES POSTERIORES,1,136.6,136.6,Vendedor 4
5428,2026-02-05,Cliente 41,SURCO,42,"LLANTAS 18""",1,51.1,51.1,Vendedor 4
5429,2026-02-05,Cliente 8,SURCO,43,BATERÍA DE 18 PLACAS,1,93.9,93.9,Vendedor 4
5430,2026-02-06,Cliente 50,LA MOLINA,38,ACEITE DE MOTOR 5W30 FULL SINTÉTICO,1,106.0,106.0,Vendedor 9
5431,2026-02-06,Cliente 29,LA MOLINA,40,AMORTIGUADORES DELANTEROS,1,211.4,211.4,Vendedor 9
5432,2026-02-06,Cliente 3,LA MOLINA,41,AMORTIGUADORES POSTERIORES,1,136.6,136.6,Vendedor 5
5433,2026-02-06,Cliente 39,LA MOLINA,42,"LLANTAS 18""",1,51.1,51.1,Vendedor 8
5434,2026-02-06,Cliente 35,LA MOLINA,43,BATERÍA DE 18 PLACAS,1,93.9,93.9,Vendedor 2
5435,2026-02-06,Cliente 44,SURCO,38,ACEITE DE MOTOR 5W30 FULL SINTÉTICO,1,106.0,106.0,Vendedor 5
5436,2026-02-06,Cliente 30,SURCO,40,AMORTIGUADORES DELANTEROS,1,211.4,211.4,Vendedor 7
5437,2026-02-06,Cliente 36,SURCO,41,AMORTIGUADORES POSTERIORES,1,136.6,136.6,Vendedor 4
5438,2026-02-06,Cliente 6,SURCO,42,"LLANTAS 18""",1,51.1,51.1,Vendedor 9
5439,2026-02-06,Cliente 40,SURCO,43,BATERÍA DE 18 PLACAS,1,93.9,93.9,Vendedor 10
5440,2026-02-07,Cliente 34,LA MOLINA,38,ACEITE DE MOTOR 5W30 FULL SINTÉTICO,1,106.0,106.0,Vendedor 5
5441,2026-02-07,Cliente 29,LA MOLINA,40,AMORTIGUADORES DELANTEROS,1,211.4,211.4,Vendedor 7
5442,2026-02-07,Cliente 18,LA MOLINA,41,AMORTIGUADORES POSTERIORES,1,136.6,136.6,Vendedor 6
5443,2026-02-07,Cliente 43,LA MOLINA,42,"LLANTAS 18""",1,51.1,51.1,Vendedor 1
5444,2026-02-07,Cliente 49,LA MOLINA,43,BATERÍA DE 18 PLACAS,1,93.9,93.9,Vendedor 3
5445,2026-02-07,Cliente 29,SURCO,38,ACEITE DE MOTOR 5W30 FULL SINTÉTICO,1,106.0,106.0,Vendedor 5
5446,2026-02-07,Cliente 50,SURCO,40,AMORTIGUADORES DELANTEROS,1,211.4,211.4,Vendedor 6
5447,2026-02-07,Cliente 17,SURCO,41,AMORTIGUADORES POSTERIORES,1,136.6,136.6,Vendedor 8
5448,2026-02-07,Cliente 16,SURCO,42,"LLANTAS 18""",1,51.1,51.1,Vendedor 8
5449,2026-02-07,Cliente 9,SURCO,43,BATERÍA DE 18 PLACAS,1,93.9,93.9,Vendedor 2
5450,2026-02-08,Cliente 48,LA MOLINA,38,ACEITE DE MOTOR 5W30 FULL SINTÉTICO,1,106.0,106.0,Vendedor 4
5451,2026-02-08,Cliente 12,LA MOLINA,40,AMORTIGUADORES DELANTEROS,1,211.4,211.4,Vendedor 10
5452,2026-02-08,Cliente 45,LA MOLINA,41,AMORTIGUADORES POSTERIORES,1,136.6,136.6,Vendedor 3
5453,2026-02-08,Cliente 21,LA MOLINA,42,"LLANTAS 18""",1,51.1,51.1,Vendedor 10
5454,2026-02-08,Cliente 18,LA MOLINA,43,BATERÍA DE 18 PLACAS,1,93.9,93.9,Vendedor 6
5455,2026-02-08,Cliente 12,SURCO,38,ACEITE DE MOTOR 5W30 FULL SINTÉTICO,1,106.0,106.0,Vendedor 8
5456,2026-02-08,Cliente 20,SURCO,40,AMORTIGUADORES DELANTEROS,1,211.4,211.4,Vendedor 5
5457,2026-02-08,Cliente 24,SURCO,41,AMORTIGUADORES POSTERIORES,1,136.6,136.6,Vendedor 10
5458,2026-02-08,Cliente 33,SURCO,42,"LLANTAS 18""",1,51.1,51.1,Vendedor 9
5459,2026-02-08,Cliente 42,SURCO,43,BATERÍA DE 18 PLACAS,1,93.9,93.9,Vendedor 7
5460,2026-02-09,Cliente 7,LA MOLINA,38,ACEITE DE MOTOR 5W30 FULL SINTÉTICO,1,106.0,106.0,Vendedor 4
5461,2026-02-09,Cliente 44,LA MOLINA,40,AMORTIGUADORES DELANTEROS,1,211.4,211.4,Vendedor 7
5462,2026-02-09,Cliente 41,LA MOLINA,41,AMORTIGUADORES POSTERIORES,1,136.6,136.6,Vendedor 6
5463,2026-02-09,Cliente 50,LA MOLINA,42,"LLANTAS 18""",1,51.1,51.1,Vendedor 7
5464,2026-02-09,Cliente 46,LA MOLINA,43,BATERÍA DE 18 PLACAS,1,93.9,93.9,Vendedor 1
5465,2026-02-09,Cliente 45,SURCO,38,ACEITE DE MOTOR 5W30 FULL SINTÉTICO,1,106.0,106.0,Vendedor 5
5466,2026-02-09,Cliente 36,SURCO,40,AMORTIGUADORES DELANTEROS,1,211.4,211.4,Vendedor 4
5467,2026-02-09,Cliente 11,SURCO,41,AMORTIGUADORES POSTERIORES,1,136.6,136.6,Vendedor 5
5468,2026-02-09,Cliente 15,SURCO,42,"LLANTAS 18""",1,51.1,51.1,Vendedor 3
5469,2026-02-09,Cliente 19,SURCO,43,BATERÍA DE 18 PLACAS,1,93.9,93.9,Vendedor 7
5470,2026-02-10,Cliente 7,LA MOLINA,38,ACEITE DE MOTOR 5W30 FULL SINTÉTICO,1,106.0,106.0,Vendedor 3
5471,2026-02-10,Cliente 10,LA MOLINA,40,AMORTIGUADORES DELANTEROS,1,211.4,211.4,Vendedor 8
5472,2026-02-10,Cliente 40,LA MOLINA,41,AMORTIGUADORES POSTERIORES,1,136.6,136.6,Vendedor 3
5473,2026-02-10,Cliente 40,LA MOLINA,42,"LLANTAS 18""",1,51.1,51.1,Vendedor 3
5474,2026-02-10,Cliente 14,LA MOLINA,43,BATERÍA DE 18 PLACAS,1,93.9,93.9,Vendedor 9
5475,2026-02-10,Cliente 7,SURCO,38,ACEITE DE MOTOR 5W30 FULL SINTÉTICO,1,106.0,106.0,Vendedor 1
5476,2026-02-10,Cliente 17,SURCO,40,AMORTIGUADORES DELANTEROS,1,211.4,211.4,Vendedor 6
5477,2026-02-10,Cliente 4,SURCO,41,AMORTIGUADORES POSTERIORES,1,136.6,136.6,Vendedor 7
5478,2026-02-10,Cliente 33,SURCO,42,"LLANTAS 18""",1,51.1,51.1,Vendedor 9
5479,2026-02-11,Cliente 19,LA MOLINA,38,ACEITE DE MOTOR 5W30 FULL SINTÉTICO,1,106.0,106.0,Vendedor 6
5480,2026-02-11,Cliente 49,LA MOLINA,40,AMORTIGUADORES DELANTEROS,1,211.4,211.4,Vendedor 9
5481,2026-02-11,Cliente 39,LA MOLINA,41,AMORTIGUADORES POSTERIORES,1,136.6,136.6,Vendedor 3
5482,2026-02-11,Cliente 7,LA MOLINA,42,"LLANTAS 18""",1,51.1,51.1,Vendedor 4
5483,2026-02-11,Cliente 28,LA MOLINA,43,BATERÍA DE 18 PLACAS,1,93.9,93.9,Vendedor 6
5484,2026-02-11,Cliente 3,SURCO,38,ACEITE DE MOTOR 5W30 FULL SINTÉTICO,1,106.0,106.0,Vendedor 2
5485,2026-02-11,Cliente 12,SURCO,40,AMORTIGUADORES DELANTEROS,1,211.4,211.4,Vendedor 1
5486,2026-02-11,Cliente 8,SURCO,41,AMORTIGUADORES POSTERIORES,1,136.6,136.6,Vendedor 3
5487,2026-02-11,Cliente 3,SURCO,42,"LLANTAS 18""",1,51.1,51.1,Vendedor 8
5488,2026-02-12,Cliente 45,LA MOLINA,38,ACEITE DE MOTOR 5W30 FULL SINTÉTICO,1,106.0,106.0,Vendedor 1
5489,2026-02-12,Cliente 47,LA MOLINA,40,AMORTIGUADORES DELANTEROS,1,211.4,211.4,Vendedor 5
5490,2026-02-12,Cliente 28,LA MOLINA,41,AMORTIGUADORES POSTERIORES,1,136.6,136.6,Vendedor 5
5491,2026-02-12,Cliente 42,LA MOLINA,42,"LLANTAS 18""",1,51.1,51.1,Vendedor 7
5492,2026-02-12,Cliente 15,SURCO,38,ACEITE DE MOTOR 5W30 FULL SINTÉTICO,1,106.0,106.0,Vendedor 5
5493,2026-02-12,Cliente 1,SURCO,40,AMORTIGUADORES DELANTEROS,1,211.4,211.4,Vendedor 6
5494,2026-02-12,Cliente 46,SURCO,41,AMORTIGUADORES POSTERIORES,1,136.6,136.6,Vendedor 10
5495,2026-02-12,Cliente 49,SURCO,42,"LLANTAS 18""",1,51.1,51.1,Vendedor 7
5496,2026-02-13,Cliente 6,LA MOLINA,38,ACEITE DE MOTOR 5W30 FULL SINTÉTICO,1,106.0,106.0,Vendedor 8
5497,2026-02-13,Cliente 46,LA MOLINA,40,AMORTIGUADORES DELANTEROS,1,211.4,211.4,Vendedor 5
5498,2026-02-13,Cliente 14,LA MOLINA,41,AMORTIGUADORES POSTERIORES,1,136.6,136.6,Vendedor 7
5499,2026-02-13,Cliente 5,LA MOLINA,42,"LLANTAS 18""",1,51.1,51.1,Vendedor 2
5500,2026-02-13,Cliente 16,SURCO,38,ACEITE DE MOTOR 5W30 FULL SINTÉTICO,1,106.0,106.0,Vendedor 4
5501,2026-02-13,Cliente 2,SURCO,40,AMORTIGUADORES DELANTEROS,1,211.4,211.4,Vendedor 5
5502,2026-02-13,Cliente 18,SURCO,41,AMORTIGUADORES POSTERIORES,1,136.6,136.6,Vendedor 3
5503,2026-02-13,Cliente 39,SURCO,42,"LLANTAS 18""",1,51.1,51.1,Vendedor 7
5504,2026-02-14,Cliente 32,LA MOLINA,38,ACEITE DE MOTOR 5W30 FULL SINTÉTICO,1,106.0,106.0,Vendedor 5
5505,2026-02-14,Cliente 32,LA MOLINA,40,AMORTIGUADORES DELANTEROS,1,211.4,211.4,Vendedor 9
5506,2026-02-14,Cliente 3,LA MOLINA,41,AMORTIGUADORES POSTERIORES,1,136.6,136.6,Vendedor 8
5507,2026-02-14,Cliente 47,LA MOLINA,42,"LLANTAS 18""",1,51.1,51.1,Vendedor 3
5508,2026-02-14,Cliente 47,SURCO,38,ACEITE DE MOTOR 5W30 FULL SINTÉTICO,1,106.0,106.0,Vendedor 10
5509,2026-02-14,Cliente 24,SURCO,40,AMORTIGUADORES DELANTEROS,1,211.4,211.4,Vendedor 8
5510,2026-02-14,Cliente 20,SURCO,41,AMORTIGUADORES POSTERIORES,1,136.6,136.6,Vendedor 3
5511,2026-02-14,Cliente 36,SURCO,42,"LLANTAS 18""",1,51.1,51.1,Vendedor 5
5512,2026-02-15,Cliente 2,LA MOLINA,38,ACEITE DE MOTOR 5W30 FULL SINTÉTICO,1,106.0,106.0,Vendedor 4
5513,2026-02-15,Cliente 38,LA MOLINA,40,AMORTIGUADORES DELANTEROS,1,211.4,211.4,Vendedor 2
5514,2026-02-15,Cliente 34,LA MOLINA,41,AMORTIGUADORES POSTERIORES,1,136.6,136.6,Vendedor 10
5515,2026-02-15,Cliente 49,LA MOLINA,42,"LLANTAS 18""",1,51.1,51.1,Vendedor 8
5516,2026-02-15,Cliente 31,SURCO,38,ACEITE DE MOTOR 5W30 FULL SINTÉTICO,1,106.0,106.0,Vendedor 2
5517,2026-02-15,Cliente 37,SURCO,40,AMORTIGUADORES DELANTEROS,1,211.4,211.4,Vendedor 2
5518,2026-02-15,Cliente 43,SURCO,41,AMORTIGUADORES POSTERIORES,1,136.6,136.6,Vendedor 9
5519,2026-02-15,Cliente 20,SURCO,42,"LLANTAS 18""",1,51.1,51.1,Vendedor 5
5520,2026-02-16,Cliente 3,LA MOLINA,38,ACEITE DE MOTOR 5W30 FULL SINTÉTICO,1,106.0,106.0,Vendedor 5
5521,2026-02-16,Cliente 30,LA MOLINA,40,AMORTIGUADORES DELANTEROS,1,211.4,211.4,Vendedor 5
5522,2026-02-16,Cliente 30,LA MOLINA,41,AMORTIGUADORES POSTERIORES,1,136.6,136.6,Vendedor 2
5523,2026-02-16,Cliente 24,LA MOLINA,42,"LLANTAS 18""",1,51.1,51.1,Vendedor 4
5524,2026-02-16,Cliente 42,SURCO,38,ACEITE DE MOTOR 5W30 FULL SINTÉTICO,1,106.0,106.0,Vendedor 1
5525,2026-02-16,Cliente 41,SURCO,40,AMORTIGUADORES DELANTEROS,1,211.4,211.4,Vendedor 10
5526,2026-02-16,Cliente 21,SURCO,41,AMORTIGUADORES POSTERIORES,1,136.6,136.6,Vendedor 1
5527,2026-02-16,Cliente 5,SURCO,42,"LLANTAS 18""",1,51.1,51.1,Vendedor 6
5528,2026-02-17,Cliente 39,LA MOLINA,38,ACEITE DE MOTOR 5W30 FULL SINTÉTICO,1,106.0,106.0,Vendedor 8
5529,2026-02-17,Cliente 16,LA MOLINA,40,AMORTIGUADORES DELANTEROS,1,211.4,211.4,Vendedor 2
5530,2026-02-17,Cliente 30,LA MOLINA,41,AMORTIGUADORES POSTERIORES,1,136.6,136.6,Vendedor 4
5531,2026-02-17,Cliente 23,LA MOLINA,42,"LLANTAS 18""",1,51.1,51.1,Vendedor 1
5532,2026-02-17,Cliente 23,SURCO,38,ACEITE DE MOTOR 5W30 FULL SINTÉTICO,1,106.0,106.0,Vendedor 8
5533,2026-02-17,Cliente 41,SURCO,40,AMORTIGUADORES DELANTEROS,1,211.4,211.4,Vendedor 3
5534,2026-02-17,Cliente 3,SURCO,41,AMORTIGUADORES POSTERIORES,1,136.6,136.6,Vendedor 5
5535,2026-02-17,Cliente 15,SURCO,42,"LLANTAS 18""",1,51.1,51.1,Vendedor 9
5536,2026-02-18,Cliente 18,LA MOLINA,38,ACEITE DE MOTOR 5W30 FULL SINTÉTICO,1,106.0,106.0,Vendedor 9
5537,2026-02-18,Cliente 28,LA MOLINA,40,AMORTIGUADORES DELANTEROS,1,211.4,211.4,Vendedor 7
5538,2026-02-18,Cliente 33,LA MOLINA,41,AMORTIGUADORES POSTERIORES,1,136.6,136.6,Vendedor 10
5539,2026-02-18,Cliente 32,LA MOLINA,42,"LLANTAS 18""",1,51.1,51.1,Vendedor 5
5540,2026-02-18,Cliente 9,SURCO,38,ACEITE DE MOTOR 5W30 FULL SINTÉTICO,1,106.0,106.0,Vendedor 10
5541,2026-02-18,Cliente 9,SURCO,40,AMORTIGUADORES DELANTEROS,1,211.4,211.4,Vendedor 1
5542,2026-02-18,Cliente 46,SURCO,41,AMORTIGUADORES POSTERIORES,1,136.6,136.6,Vendedor 1
5543,2026-02-18,Cliente 4,SURCO,42,"LLANTAS 18""",1,51.1,51.1,Vendedor 10
5544,2026-02-19,Cliente 44,LA MOLINA,38,ACEITE DE MOTOR 5W30 FULL SINTÉTICO,1,106.0,106.0,Vendedor 4
5545,2026-02-19,Cliente 41,LA MOLINA,40,AMORTIGUADORES DELANTEROS,1,211.4,211.4,Vendedor 10
5546,2026-02-19,Cliente 48,LA MOLINA,41,AMORTIGUADORES POSTERIORES,1,136.6,136.6,Vendedor 1
5547,2026-02-19,Cliente 1,LA MOLINA,42,"LLANTAS 18""",1,51.1,51.1,Vendedor 2
5548,2026-02-19,Cliente 29,SURCO,38,ACEITE DE MOTOR 5W30 FULL SINTÉTICO,1,106.0,106.0,Vendedor 9
5549,2026-02-19,Cliente 33,SURCO,40,AMORTIGUADORES DELANTEROS,1,211.4,211.4,Vendedor 1
5550,2026-02-20,Cliente 9,LA MOLINA,38,ACEITE DE MOTOR 5W30 FULL SINTÉTICO,1,106.0,106.0,Vendedor 1
5551,2026-02-20,Cliente 4,LA MOLINA,40,AMORTIGUADORES DELANTEROS,1,211.4,211.4,Vendedor 6
5552,2026-02-20,Cliente 22,LA MOLINA,41,AMORTIGUADORES POSTERIORES,1,136.6,136.6,Vendedor 3
5553,2026-02-20,Cliente 17,SURCO,38,ACEITE DE MOTOR 5W30 FULL SINTÉTICO,1,106.0,106.0,Vendedor 3
5554,2026-02-20,Cliente 21,SURCO,40,AMORTIGUADORES DELANTEROS,1,211.4,211.4,Vendedor 2
5555,2026-02-21,Cliente 44,LA MOLINA,40,AMORTIGUADORES DELANTEROS,1,211.4,211.4,Vendedor 4
5556,2026-02-21,Cliente 38,LA MOLINA,41,AMORTIGUADORES POSTERIORES,1,136.6,136.6,Vendedor 3
5557,2026-02-21,Cliente 13,SURCO,40,AMORTIGUADORES DELANTEROS,1,211.4,211.4,Vendedor 7
5558,2026-02-22,Cliente 40,LA MOLINA,40,AMORTIGUADORES DELANTEROS,1,211.4,211.4,Vendedor 5
5559,2026-02-22,Cliente 40,SURCO,40,AMORTIGUADORES DELANTEROS,1,211.4,211.4,Vendedor 7
5560,2026-02-23,Cliente 13,LA MOLINA,40,AMORTIGUADORES DELANTEROS,1,211.4,211.4,Vendedor 5
5561,2026-02-23,Cliente 45,SURCO,40,AMORTIGUADORES DELANTEROS,1,211.4,211.4,Vendedor 5
5562,2026-02-24,Cliente 10,LA MOLINA,40,AMORTIGUADORES DELANTEROS,1,211.4,211.4,Vendedor 9
5563,2026-02-25,Cliente 41,LA MOLINA,40,AMORTIGUADORES DELANTEROS,1,211.4,211.4,Vendedor 7
5564,2026-02-26,Cliente 22,LA MOLINA,40,AMORTIGUADORES DELANTEROS,1,211.4,211.4,Vendedor 10
5565,2026-02-27,Cliente 27,LA MOLINA,40,AMORTIGUADORES DELANTEROS,1,211.4,211.4,Vendedor 7
5566,2026-02-28,Cliente 41,LA MOLINA,40,AMORTIGUADORES DELANTEROS,3,211.4,634.2,Vendedor 9
5567,2026-03-01,Cliente 33,LA MOLINA,1,AUTO HONDA ACCORD 2014,1,22000.0,22000.0,Vendedor 3
5568,2026-03-01,Cliente 24,LA MOLINA,2,AUTO HONDA CIVIC 2014,1,29500.0,29500.0,Vendedor 10
5569,2026-03-01,Cliente 23,LA MOLINA,3,AUTO HONDA ODISSEY 2013,1,26000.0,26000.0,Vendedor 10
5570,2026-03-01,Cliente 39,LA MOLINA,4,AUTO HONDA CRV 2014,1,26500.0,26500.0,Vendedor 5
5571,2026-03-01,Cliente 23,LA MOLINA,5,AUTO HONDA PILOT 2013,1,30500.0,30500.0,Vendedor 6
5572,2026-03-01,Cliente 32,LA MOLINA,6,AUTO HONDA FIT 2016,1,22500.0,22500.0,Vendedor 4
5573,2026-03-01,Cliente 40,LA MOLINA,7,AUTO HONDA CITY 2016,1,26000.0,26000.0,Vendedor 9
5574,2026-03-01,Cliente 4,LA MOLINA,8,CAMIONETA HONDA ELEMENT 2013,1,36000.0,36000.0,Vendedor 7
5575,2026-03-01,Cliente 4,LA MOLINA,9,CAMIONETA HONDA CROSSTOUR 2013,1,33500.0,33500.0,Vendedor 4
5576,2026-03-01,Cliente 39,LA MOLINA,10,CAMIONETA HONDA CR-Z 2015,1,35500.0,35500.0,Vendedor 5
5577,2026-03-01,Cliente 23,LA MOLINA,11,CAMIONETA HONDA RID LINE PICK UP 2014,1,47000.0,47000.0,Vendedor 6
5578,2026-03-01,Cliente 37,LA MOLINA,38,ACEITE DE MOTOR 5W30 FULL SINTÉTICO,1,106.0,106.0,Vendedor 4
5579,2026-03-01,Cliente 20,LA MOLINA,39,FILTRO DE COMBUSTIBLE,1,104.1,104.1,Vendedor 7
5580,2026-03-01,Cliente 4,LA MOLINA,40,AMORTIGUADORES DELANTEROS,1,211.4,211.4,Vendedor 1
5581,2026-03-01,Cliente 30,LA MOLINA,41,AMORTIGUADORES POSTERIORES,1,136.6,136.6,Vendedor 6
5582,2026-03-01,Cliente 50,LA MOLINA,42,"LLANTAS 18""",1,51.1,51.1,Vendedor 7
5583,2026-03-01,Cliente 6,LA MOLINA,43,BATERÍA DE 18 PLACAS,1,93.9,93.9,Vendedor 4
5584,2026-03-01,Cliente 41,SURCO,1,AUTO HONDA ACCORD 2014,1,22000.0,22000.0,Vendedor 6
5585,2026-03-01,Cliente 29,SURCO,2,AUTO HONDA CIVIC 2014,1,29500.0,29500.0,Vendedor 6
5586,2026-03-01,Cliente 26,SURCO,3,AUTO HONDA ODISSEY 2013,1,26000.0,26000.0,Vendedor 1
5587,2026-03-01,Cliente 15,SURCO,4,AUTO HONDA CRV 2014,1,26500.0,26500.0,Vendedor 8
5588,2026-03-01,Cliente 47,SURCO,5,AUTO HONDA PILOT 2013,1,30500.0,30500.0,Vendedor 2
5589,2026-03-01,Cliente 29,SURCO,6,AUTO HONDA FIT 2016,1,22500.0,22500.0,Vendedor 10
5590,2026-03-01,Cliente 24,SURCO,7,AUTO HONDA CITY 2016,1,26000.0,26000.0,Vendedor 3
5591,2026-03-01,Cliente 49,SURCO,8,CAMIONETA HONDA ELEMENT 2013,1,36000.0,36000.0,Vendedor 8
5592,2026-03-01,Cliente 14,SURCO,9,CAMIONETA HONDA CROSSTOUR 2013,1,33500.0,33500.0,Vendedor 2
5593,2026-03-01,Cliente 15,SURCO,10,CAMIONETA HONDA CR-Z 2015,1,35500.0,35500.0,Vendedor 5
5594,2026-03-01,Cliente 48,SURCO,11,CAMIONETA HONDA RID LINE PICK UP 2014,1,47000.0,47000.0,Vendedor 10
5595,2026-03-01,Cliente 12,SURCO,38,ACEITE DE MOTOR 5W30 FULL SINTÉTICO,1,106.0,106.0,Vendedor 6
5596,2026-03-01,Cliente 43,SURCO,39,FILTRO DE COMBUSTIBLE,1,104.1,104.1,Vendedor 8
5597,2026-03-01,Cliente 26,SURCO,40,AMORTIGUADORES DELANTEROS,1,211.4,211.4,Vendedor 4
5598,2026-03-01,Cliente 7,SURCO,41,AMORTIGUADORES POSTERIORES,1,136.6,136.6,Vendedor 5
5599,2026-03-01,Cliente 13,SURCO,42,"LLANTAS 18""",1,51.1,51.1,Vendedor 3
5600,2026-03-01,Cliente 44,SURCO,43,BATERÍA DE 18 PLACAS,1,93.9,93.9,Vendedor 2
5601,2026-03-02,Cliente 39,LA MOLINA,1,AUTO HONDA ACCORD 2014,1,22000.0,22000.0,Vendedor 8
5602,2026-03-02,Cliente 28,LA MOLINA,2,AUTO HONDA CIVIC 2014,1,29500.0,29500.0,Vendedor 5
5603,2026-03-02,Cliente 36,LA MOLINA,3,AUTO HONDA ODISSEY 2013,1,26000.0,26000.0,Vendedor 9
5604,2026-03-02,Cliente 43,LA MOLINA,4,AUTO HONDA CRV 2014,1,26500.0,26500.0,Vendedor 8
5605,2026-03-02,Cliente 47,LA MOLINA,5,AUTO HONDA PILOT 2013,1,30500.0,30500.0,Vendedor 1
5606,2026-03-02,Cliente 35,LA MOLINA,6,AUTO HONDA FIT 2016,1,22500.0,22500.0,Vendedor 5
5607,2026-03-02,Cliente 39,LA MOLINA,7,AUTO HONDA CITY 2016,1,26000.0,26000.0,Vendedor 3
5608,2026-03-02,Cliente 26,LA MOLINA,8,CAMIONETA HONDA ELEMENT 2013,1,36000.0,36000.0,Vendedor 5
5609,2026-03-02,Cliente 42,LA MOLINA,38,ACEITE DE MOTOR 5W30 FULL SINTÉTICO,1,106.0,106.0,Vendedor 7
5610,2026-03-02,Cliente 34,LA MOLINA,39,FILTRO DE COMBUSTIBLE,1,104.1,104.1,Vendedor 3
5611,2026-03-02,Cliente 24,LA MOLINA,40,AMORTIGUADORES DELANTEROS,1,211.4,211.4,Vendedor 7
5612,2026-03-02,Cliente 1,LA MOLINA,41,AMORTIGUADORES POSTERIORES,1,136.6,136.6,Vendedor 5
5613,2026-03-02,Cliente 35,LA MOLINA,42,"LLANTAS 18""",1,51.1,51.1,Vendedor 5
5614,2026-03-02,Cliente 4,LA MOLINA,43,BATERÍA DE 18 PLACAS,1,93.9,93.9,Vendedor 2
5615,2026-03-02,Cliente 27,SURCO,1,AUTO HONDA ACCORD 2014,1,22000.0,22000.0,Vendedor 5
5616,2026-03-02,Cliente 18,SURCO,2,AUTO HONDA CIVIC 2014,1,29500.0,29500.0,Vendedor 7
5617,2026-03-02,Cliente 47,SURCO,3,AUTO HONDA ODISSEY 2013,1,26000.0,26000.0,Vendedor 9
5618,2026-03-02,Cliente 11,SURCO,4,AUTO HONDA CRV 2014,1,26500.0,26500.0,Vendedor 3
5619,2026-03-02,Cliente 2,SURCO,38,ACEITE DE MOTOR 5W30 FULL SINTÉTICO,1,106.0,106.0,Vendedor 5
5620,2026-03-02,Cliente 21,SURCO,39,FILTRO DE COMBUSTIBLE,1,104.1,104.1,Vendedor 9
5621,2026-03-02,Cliente 4,SURCO,40,AMORTIGUADORES DELANTEROS,1,211.4,211.4,Vendedor 4
5622,2026-03-02,Cliente 8,SURCO,41,AMORTIGUADORES POSTERIORES,1,136.6,136.6,Vendedor 9
5623,2026-03-02,Cliente 42,SURCO,42,"LLANTAS 18""",1,51.1,51.1,Vendedor 9
5624,2026-03-02,Cliente 25,SURCO,43,BATERÍA DE 18 PLACAS,1,93.9,93.9,Vendedor 3
5625,2026-03-03,Cliente 44,LA MOLINA,1,AUTO HONDA ACCORD 2014,1,22000.0,22000.0,Vendedor 3
5626,2026-03-03,Cliente 13,LA MOLINA,5,AUTO HONDA PILOT 2013,1,30500.0,30500.0,Vendedor 6
5627,2026-03-03,Cliente 8,LA MOLINA,7,AUTO HONDA CITY 2016,1,26000.0,26000.0,Vendedor 10
5628,2026-03-03,Cliente 31,LA MOLINA,38,ACEITE DE MOTOR 5W30 FULL SINTÉTICO,1,106.0,106.0,Vendedor 2
5629,2026-03-03,Cliente 37,LA MOLINA,39,FILTRO DE COMBUSTIBLE,1,104.1,104.1,Vendedor 10
5630,2026-03-03,Cliente 32,LA MOLINA,40,AMORTIGUADORES DELANTEROS,1,211.4,211.4,Vendedor 6
5631,2026-03-03,Cliente 10,LA MOLINA,41,AMORTIGUADORES POSTERIORES,1,136.6,136.6,Vendedor 3
5632,2026-03-03,Cliente 35,LA MOLINA,42,"LLANTAS 18""",1,51.1,51.1,Vendedor 4
5633,2026-03-03,Cliente 15,LA MOLINA,43,BATERÍA DE 18 PLACAS,1,93.9,93.9,Vendedor 2
5634,2026-03-03,Cliente 20,SURCO,1,AUTO HONDA ACCORD 2014,1,22000.0,22000.0,Vendedor 3
5635,2026-03-03,Cliente 20,SURCO,2,AUTO HONDA CIVIC 2014,1,29500.0,29500.0,Vendedor 1
5636,2026-03-03,Cliente 8,SURCO,3,AUTO HONDA ODISSEY 2013,1,26000.0,26000.0,Vendedor 2
5637,2026-03-03,Cliente 47,SURCO,4,AUTO HONDA CRV 2014,1,26500.0,26500.0,Vendedor 8
5638,2026-03-03,Cliente 25,SURCO,38,ACEITE DE MOTOR 5W30 FULL SINTÉTICO,1,106.0,106.0,Vendedor 2
5639,2026-03-03,Cliente 10,SURCO,39,FILTRO DE COMBUSTIBLE,1,104.1,104.1,Vendedor 7
5640,2026-03-03,Cliente 37,SURCO,40,AMORTIGUADORES DELANTEROS,1,211.4,211.4,Vendedor 4
5641,2026-03-03,Cliente 42,SURCO,41,AMORTIGUADORES POSTERIORES,1,136.6,136.6,Vendedor 10
5642,2026-03-03,Cliente 27,SURCO,42,"LLANTAS 18""",1,51.1,51.1,Vendedor 5
5643,2026-03-03,Cliente 6,SURCO,43,BATERÍA DE 18 PLACAS,1,93.9,93.9,Vendedor 9
5644,2026-03-04,Cliente 43,LA MOLINA,7,AUTO HONDA CITY 2016,1,26000.0,26000.0,Vendedor 3
5645,2026-03-04,Cliente 34,LA MOLINA,38,ACEITE DE MOTOR 5W30 FULL SINTÉTICO,1,106.0,106.0,Vendedor 9
5646,2026-03-04,Cliente 45,LA MOLINA,39,FILTRO DE COMBUSTIBLE,1,104.1,104.1,Vendedor 7
5647,2026-03-04,Cliente 16,LA MOLINA,40,AMORTIGUADORES DELANTEROS,1,211.4,211.4,Vendedor 9
5648,2026-03-04,Cliente 25,LA MOLINA,41,AMORTIGUADORES POSTERIORES,1,136.6,136.6,Vendedor 3
5649,2026-03-04,Cliente 14,LA MOLINA,42,"LLANTAS 18""",1,51.1,51.1,Vendedor 3
5650,2026-03-04,Cliente 28,LA MOLINA,43,BATERÍA DE 18 PLACAS,1,93.9,93.9,Vendedor 3
5651,2026-03-04,Cliente 50,SURCO,38,ACEITE DE MOTOR 5W30 FULL SINTÉTICO,1,106.0,106.0,Vendedor 3
5652,2026-03-04,Cliente 6,SURCO,39,FILTRO DE COMBUSTIBLE,1,104.1,104.1,Vendedor 1
5653,2026-03-04,Cliente 40,SURCO,40,AMORTIGUADORES DELANTEROS,1,211.4,211.4,Vendedor 7
5654,2026-03-04,Cliente 41,SURCO,41,AMORTIGUADORES POSTERIORES,1,136.6,136.6,Vendedor 2
5655,2026-03-04,Cliente 13,SURCO,42,"LLANTAS 18""",1,51.1,51.1,Vendedor 7
5656,2026-03-04,Cliente 42,SURCO,43,BATERÍA DE 18 PLACAS,1,93.9,93.9,Vendedor 6
5657,2026-03-05,Cliente 44,LA MOLINA,38,ACEITE DE MOTOR 5W30 FULL SINTÉTICO,1,106.0,106.0,Vendedor 8
5658,2026-03-05,Cliente 22,LA MOLINA,39,FILTRO DE COMBUSTIBLE,1,104.1,104.1,Vendedor 3
5659,2026-03-05,Cliente 11,LA MOLINA,40,AMORTIGUADORES DELANTEROS,1,211.4,211.4,Vendedor 6
5660,2026-03-05,Cliente 18,LA MOLINA,41,AMORTIGUADORES POSTERIORES,1,136.6,136.6,Vendedor 5
5661,2026-03-05,Cliente 7,LA MOLINA,42,"LLANTAS 18""",1,51.1,51.1,Vendedor 8
5662,2026-03-05,Cliente 49,LA MOLINA,43,BATERÍA DE 18 PLACAS,1,93.9,93.9,Vendedor 8
5663,2026-03-05,Cliente 17,SURCO,38,ACEITE DE MOTOR 5W30 FULL SINTÉTICO,1,106.0,106.0,Vendedor 10
5664,2026-03-05,Cliente 45,SURCO,39,FILTRO DE COMBUSTIBLE,1,104.1,104.1,Vendedor 4
5665,2026-03-05,Cliente 42,SURCO,40,AMORTIGUADORES DELANTEROS,1,211.4,211.4,Vendedor 5
5666,2026-03-05,Cliente 32,SURCO,41,AMORTIGUADORES POSTERIORES,1,136.6,136.6,Vendedor 2
5667,2026-03-05,Cliente 48,SURCO,42,"LLANTAS 18""",1,51.1,51.1,Vendedor 7
5668,2026-03-05,Cliente 28,SURCO,43,BATERÍA DE 18 PLACAS,1,93.9,93.9,Vendedor 7
5669,2026-03-06,Cliente 39,LA MOLINA,38,ACEITE DE MOTOR 5W30 FULL SINTÉTICO,1,106.0,106.0,Vendedor 2
5670,2026-03-06,Cliente 45,LA MOLINA,40,AMORTIGUADORES DELANTEROS,1,211.4,211.4,Vendedor 3
5671,2026-03-06,Cliente 21,LA MOLINA,41,AMORTIGUADORES POSTERIORES,1,136.6,136.6,Vendedor 4
5672,2026-03-06,Cliente 34,LA MOLINA,42,"LLANTAS 18""",1,51.1,51.1,Vendedor 4
5673,2026-03-06,Cliente 24,LA MOLINA,43,BATERÍA DE 18 PLACAS,1,93.9,93.9,Vendedor 6
5674,2026-03-06,Cliente 25,SURCO,38,ACEITE DE MOTOR 5W30 FULL SINTÉTICO,1,106.0,106.0,Vendedor 4
5675,2026-03-06,Cliente 28,SURCO,40,AMORTIGUADORES DELANTEROS,1,211.4,211.4,Vendedor 7
5676,2026-03-06,Cliente 10,SURCO,41,AMORTIGUADORES POSTERIORES,1,136.6,136.6,Vendedor 4
5677,2026-03-06,Cliente 14,SURCO,42,"LLANTAS 18""",1,51.1,51.1,Vendedor 5
5678,2026-03-06,Cliente 28,SURCO,43,BATERÍA DE 18 PLACAS,1,93.9,93.9,Vendedor 6
5679,2026-03-07,Cliente 30,LA MOLINA,38,ACEITE DE MOTOR 5W30 FULL SINTÉTICO,1,106.0,106.0,Vendedor 1
5680,2026-03-07,Cliente 47,LA MOLINA,40,AMORTIGUADORES DELANTEROS,1,211.4,211.4,Vendedor 6
5681,2026-03-07,Cliente 27,LA MOLINA,41,AMORTIGUADORES POSTERIORES,1,136.6,136.6,Vendedor 5
5682,2026-03-07,Cliente 47,LA MOLINA,42,"LLANTAS 18""",1,51.1,51.1,Vendedor 5
5683,2026-03-07,Cliente 39,LA MOLINA,43,BATERÍA DE 18 PLACAS,1,93.9,93.9,Vendedor 7
5684,2026-03-07,Cliente 3,SURCO,38,ACEITE DE MOTOR 5W30 FULL SINTÉTICO,1,106.0,106.0,Vendedor 5
5685,2026-03-07,Cliente 24,SURCO,40,AMORTIGUADORES DELANTEROS,1,211.4,211.4,Vendedor 3
5686,2026-03-07,Cliente 37,SURCO,41,AMORTIGUADORES POSTERIORES,1,136.6,136.6,Vendedor 7
5687,2026-03-07,Cliente 28,SURCO,42,"LLANTAS 18""",1,51.1,51.1,Vendedor 8
5688,2026-03-07,Cliente 26,SURCO,43,BATERÍA DE 18 PLACAS,1,93.9,93.9,Vendedor 8
5689,2026-03-08,Cliente 12,LA MOLINA,38,ACEITE DE MOTOR 5W30 FULL SINTÉTICO,1,106.0,106.0,Vendedor 5
5690,2026-03-08,Cliente 45,LA MOLINA,40,AMORTIGUADORES DELANTEROS,1,211.4,211.4,Vendedor 10
5691,2026-03-08,Cliente 35,LA MOLINA,41,AMORTIGUADORES POSTERIORES,1,136.6,136.6,Vendedor 1
5692,2026-03-08,Cliente 14,LA MOLINA,42,"LLANTAS 18""",1,51.1,51.1,Vendedor 5
5693,2026-03-08,Cliente 15,LA MOLINA,43,BATERÍA DE 18 PLACAS,1,93.9,93.9,Vendedor 3
5694,2026-03-08,Cliente 13,SURCO,38,ACEITE DE MOTOR 5W30 FULL SINTÉTICO,1,106.0,106.0,Vendedor 8
5695,2026-03-08,Cliente 42,SURCO,40,AMORTIGUADORES DELANTEROS,1,211.4,211.4,Vendedor 2
5696,2026-03-08,Cliente 22,SURCO,41,AMORTIGUADORES POSTERIORES,1,136.6,136.6,Vendedor 9
5697,2026-03-08,Cliente 6,SURCO,42,"LLANTAS 18""",1,51.1,51.1,Vendedor 8
5698,2026-03-08,Cliente 3,SURCO,43,BATERÍA DE 18 PLACAS,1,93.9,93.9,Vendedor 1
5699,2026-03-09,Cliente 39,LA MOLINA,38,ACEITE DE MOTOR 5W30 FULL SINTÉTICO,1,106.0,106.0,Vendedor 9
5700,2026-03-09,Cliente 5,LA MOLINA,40,AMORTIGUADORES DELANTEROS,1,211.4,211.4,Vendedor 7
5701,2026-03-09,Cliente 19,LA MOLINA,41,AMORTIGUADORES POSTERIORES,1,136.6,136.6,Vendedor 6
5702,2026-03-09,Cliente 17,LA MOLINA,42,"LLANTAS 18""",1,51.1,51.1,Vendedor 9
5703,2026-03-09,Cliente 31,LA MOLINA,43,BATERÍA DE 18 PLACAS,1,93.9,93.9,Vendedor 6
5704,2026-03-09,Cliente 34,SURCO,38,ACEITE DE MOTOR 5W30 FULL SINTÉTICO,1,106.0,106.0,Vendedor 10
5705,2026-03-09,Cliente 24,SURCO,40,AMORTIGUADORES DELANTEROS,1,211.4,211.4,Vendedor 5
5706,2026-03-09,Cliente 14,SURCO,41,AMORTIGUADORES POSTERIORES,1,136.6,136.6,Vendedor 3
5707,2026-03-09,Cliente 39,SURCO,42,"LLANTAS 18""",1,51.1,51.1,Vendedor 10
5708,2026-03-09,Cliente 2,SURCO,43,BATERÍA DE 18 PLACAS,1,93.9,93.9,Vendedor 5
5709,2026-03-10,Cliente 34,LA MOLINA,38,ACEITE DE MOTOR 5W30 FULL SINTÉTICO,1,106.0,106.0,Vendedor 6
5710,2026-03-10,Cliente 26,LA MOLINA,40,AMORTIGUADORES DELANTEROS,1,211.4,211.4,Vendedor 8
5711,2026-03-10,Cliente 18,LA MOLINA,41,AMORTIGUADORES POSTERIORES,1,136.6,136.6,Vendedor 7
5712,2026-03-10,Cliente 45,LA MOLINA,42,"LLANTAS 18""",1,51.1,51.1,Vendedor 9
5713,2026-03-10,Cliente 3,LA MOLINA,43,BATERÍA DE 18 PLACAS,1,93.9,93.9,Vendedor 1
5714,2026-03-10,Cliente 7,SURCO,38,ACEITE DE MOTOR 5W30 FULL SINTÉTICO,1,106.0,106.0,Vendedor 9
5715,2026-03-10,Cliente 25,SURCO,40,AMORTIGUADORES DELANTEROS,1,211.4,211.4,Vendedor 7
5716,2026-03-10,Cliente 28,SURCO,41,AMORTIGUADORES POSTERIORES,1,136.6,136.6,Vendedor 8
5717,2026-03-10,Cliente 8,SURCO,42,"LLANTAS 18""",1,51.1,51.1,Vendedor 4
5718,2026-03-11,Cliente 12,LA MOLINA,38,ACEITE DE MOTOR 5W30 FULL SINTÉTICO,1,106.0,106.0,Vendedor 7
5719,2026-03-11,Cliente 47,LA MOLINA,40,AMORTIGUADORES DELANTEROS,1,211.4,211.4,Vendedor 2
5720,2026-03-11,Cliente 35,LA MOLINA,41,AMORTIGUADORES POSTERIORES,1,136.6,136.6,Vendedor 8
5721,2026-03-11,Cliente 7,LA MOLINA,42,"LLANTAS 18""",1,51.1,51.1,Vendedor 10
5722,2026-03-11,Cliente 7,LA MOLINA,43,BATERÍA DE 18 PLACAS,1,93.9,93.9,Vendedor 6
5723,2026-03-11,Cliente 37,SURCO,38,ACEITE DE MOTOR 5W30 FULL SINTÉTICO,1,106.0,106.0,Vendedor 8
5724,2026-03-11,Cliente 11,SURCO,40,AMORTIGUADORES DELANTEROS,1,211.4,211.4,Vendedor 10
5725,2026-03-11,Cliente 6,SURCO,41,AMORTIGUADORES POSTERIORES,1,136.6,136.6,Vendedor 1
5726,2026-03-11,Cliente 27,SURCO,42,"LLANTAS 18""",1,51.1,51.1,Vendedor 7
5727,2026-03-12,Cliente 10,LA MOLINA,38,ACEITE DE MOTOR 5W30 FULL SINTÉTICO,1,106.0,106.0,Vendedor 4
5728,2026-03-12,Cliente 18,LA MOLINA,40,AMORTIGUADORES DELANTEROS,1,211.4,211.4,Vendedor 5
5729,2026-03-12,Cliente 11,LA MOLINA,41,AMORTIGUADORES POSTERIORES,1,136.6,136.6,Vendedor 1
5730,2026-03-12,Cliente 8,LA MOLINA,42,"LLANTAS 18""",1,51.1,51.1,Vendedor 2
5731,2026-03-12,Cliente 30,SURCO,38,ACEITE DE MOTOR 5W30 FULL SINTÉTICO,1,106.0,106.0,Vendedor 7
5732,2026-03-12,Cliente 10,SURCO,40,AMORTIGUADORES DELANTEROS,1,211.4,211.4,Vendedor 4
5733,2026-03-12,Cliente 34,SURCO,41,AMORTIGUADORES POSTERIORES,1,136.6,136.6,Vendedor 3
5734,2026-03-12,Cliente 41,SURCO,42,"LLANTAS 18""",1,51.1,51.1,Vendedor 7
5735,2026-03-13,Cliente 43,LA MOLINA,38,ACEITE DE MOTOR 5W30 FULL SINTÉTICO,1,106.0,106.0,Vendedor 8
5736,2026-03-13,Cliente 35,LA MOLINA,40,AMORTIGUADORES DELANTEROS,1,211.4,211.4,Vendedor 1
5737,2026-03-13,Cliente 6,LA MOLINA,41,AMORTIGUADORES POSTERIORES,1,136.6,136.6,Vendedor 7
5738,2026-03-13,Cliente 13,LA MOLINA,42,"LLANTAS 18""",1,51.1,51.1,Vendedor 9
5739,2026-03-13,Cliente 20,SURCO,38,ACEITE DE MOTOR 5W30 FULL SINTÉTICO,1,106.0,106.0,Vendedor 8
5740,2026-03-13,Cliente 31,SURCO,40,AMORTIGUADORES DELANTEROS,1,211.4,211.4,Vendedor 10
5741,2026-03-13,Cliente 28,SURCO,41,AMORTIGUADORES POSTERIORES,1,136.6,136.6,Vendedor 1
5742,2026-03-13,Cliente 15,SURCO,42,"LLANTAS 18""",1,51.1,51.1,Vendedor 4
5743,2026-03-14,Cliente 36,LA MOLINA,38,ACEITE DE MOTOR 5W30 FULL SINTÉTICO,1,106.0,106.0,Vendedor 9
5744,2026-03-14,Cliente 49,LA MOLINA,40,AMORTIGUADORES DELANTEROS,1,211.4,211.4,Vendedor 10
5745,2026-03-14,Cliente 17,LA MOLINA,41,AMORTIGUADORES POSTERIORES,1,136.6,136.6,Vendedor 3
5746,2026-03-14,Cliente 8,LA MOLINA,42,"LLANTAS 18""",1,51.1,51.1,Vendedor 6
5747,2026-03-14,Cliente 39,SURCO,38,ACEITE DE MOTOR 5W30 FULL SINTÉTICO,1,106.0,106.0,Vendedor 5
5748,2026-03-14,Cliente 45,SURCO,40,AMORTIGUADORES DELANTEROS,1,211.4,211.4,Vendedor 9
5749,2026-03-14,Cliente 11,SURCO,41,AMORTIGUADORES POSTERIORES,1,136.6,136.6,Vendedor 2
5750,2026-03-14,Cliente 29,SURCO,42,"LLANTAS 18""",1,51.1,51.1,Vendedor 10
5751,2026-03-15,Cliente 37,LA MOLINA,38,ACEITE DE MOTOR 5W30 FULL SINTÉTICO,1,106.0,106.0,Vendedor 8
5752,2026-03-15,Cliente 50,LA MOLINA,40,AMORTIGUADORES DELANTEROS,1,211.4,211.4,Vendedor 3
5753,2026-03-15,Cliente 25,LA MOLINA,41,AMORTIGUADORES POSTERIORES,1,136.6,136.6,Vendedor 3
5754,2026-03-15,Cliente 4,LA MOLINA,42,"LLANTAS 18""",1,51.1,51.1,Vendedor 4
5755,2026-03-15,Cliente 30,SURCO,38,ACEITE DE MOTOR 5W30 FULL SINTÉTICO,1,106.0,106.0,Vendedor 3
5756,2026-03-15,Cliente 42,SURCO,40,AMORTIGUADORES DELANTEROS,1,211.4,211.4,Vendedor 5
5757,2026-03-15,Cliente 15,SURCO,41,AMORTIGUADORES POSTERIORES,1,136.6,136.6,Vendedor 8
5758,2026-03-15,Cliente 41,SURCO,42,"LLANTAS 18""",1,51.1,51.1,Vendedor 2
5759,2026-03-16,Cliente 4,LA MOLINA,38,ACEITE DE MOTOR 5W30 FULL SINTÉTICO,1,106.0,106.0,Vendedor 2
5760,2026-03-16,Cliente 31,LA MOLINA,40,AMORTIGUADORES DELANTEROS,1,211.4,211.4,Vendedor 2
5761,2026-03-16,Cliente 38,LA MOLINA,41,AMORTIGUADORES POSTERIORES,1,136.6,136.6,Vendedor 10
5762,2026-03-16,Cliente 18,LA MOLINA,42,"LLANTAS 18""",1,51.1,51.1,Vendedor 6
5763,2026-03-16,Cliente 14,SURCO,38,ACEITE DE MOTOR 5W30 FULL SINTÉTICO,1,106.0,106.0,Vendedor 2
5764,2026-03-16,Cliente 37,SURCO,40,AMORTIGUADORES DELANTEROS,1,211.4,211.4,Vendedor 10
5765,2026-03-16,Cliente 25,SURCO,41,AMORTIGUADORES POSTERIORES,1,136.6,136.6,Vendedor 8
5766,2026-03-16,Cliente 41,SURCO,42,"LLANTAS 18""",1,51.1,51.1,Vendedor 6
5767,2026-03-17,Cliente 6,LA MOLINA,38,ACEITE DE MOTOR 5W30 FULL SINTÉTICO,1,106.0,106.0,Vendedor 10
5768,2026-03-17,Cliente 6,LA MOLINA,40,AMORTIGUADORES DELANTEROS,1,211.4,211.4,Vendedor 5
5769,2026-03-17,Cliente 9,LA MOLINA,41,AMORTIGUADORES POSTERIORES,1,136.6,136.6,Vendedor 9
5770,2026-03-17,Cliente 19,LA MOLINA,42,"LLANTAS 18""",1,51.1,51.1,Vendedor 5
5771,2026-03-17,Cliente 45,SURCO,38,ACEITE DE MOTOR 5W30 FULL SINTÉTICO,1,106.0,106.0,Vendedor 5
5772,2026-03-17,Cliente 16,SURCO,40,AMORTIGUADORES DELANTEROS,1,211.4,211.4,Vendedor 1
5773,2026-03-17,Cliente 50,SURCO,41,AMORTIGUADORES POSTERIORES,1,136.6,136.6,Vendedor 6
5774,2026-03-17,Cliente 9,SURCO,42,"LLANTAS 18""",1,51.1,51.1,Vendedor 7
5775,2026-03-18,Cliente 7,LA MOLINA,38,ACEITE DE MOTOR 5W30 FULL SINTÉTICO,1,106.0,106.0,Vendedor 1
5776,2026-03-18,Cliente 27,LA MOLINA,40,AMORTIGUADORES DELANTEROS,1,211.4,211.4,Vendedor 3
5777,2026-03-18,Cliente 38,LA MOLINA,41,AMORTIGUADORES POSTERIORES,1,136.6,136.6,Vendedor 9
5778,2026-03-18,Cliente 8,LA MOLINA,42,"LLANTAS 18""",1,51.1,51.1,Vendedor 8
5779,2026-03-18,Cliente 14,SURCO,38,ACEITE DE MOTOR 5W30 FULL SINTÉTICO,1,106.0,106.0,Vendedor 6
5780,2026-03-18,Cliente 32,SURCO,40,AMORTIGUADORES DELANTEROS,1,211.4,211.4,Vendedor 10
5781,2026-03-18,Cliente 41,SURCO,41,AMORTIGUADORES POSTERIORES,1,136.6,136.6,Vendedor 4
5782,2026-03-18,Cliente 15,SURCO,42,"LLANTAS 18""",1,51.1,51.1,Vendedor 9
5783,2026-03-19,Cliente 43,LA MOLINA,38,ACEITE DE MOTOR 5W30 FULL SINTÉTICO,1,106.0,106.0,Vendedor 3
5784,2026-03-19,Cliente 49,LA MOLINA,40,AMORTIGUADORES DELANTEROS,1,211.4,211.4,Vendedor 5
5785,2026-03-19,Cliente 44,LA MOLINA,41,AMORTIGUADORES POSTERIORES,1,136.6,136.6,Vendedor 9
5786,2026-03-19,Cliente 45,LA MOLINA,42,"LLANTAS 18""",1,51.1,51.1,Vendedor 9
5787,2026-03-19,Cliente 50,SURCO,38,ACEITE DE MOTOR 5W30 FULL SINTÉTICO,1,106.0,106.0,Vendedor 2
5788,2026-03-19,Cliente 9,SURCO,40,AMORTIGUADORES DELANTEROS,1,211.4,211.4,Vendedor 7
5789,2026-03-20,Cliente 26,LA MOLINA,38,ACEITE DE MOTOR 5W30 FULL SINTÉTICO,1,106.0,106.0,Vendedor 2
5790,2026-03-20,Cliente 9,LA MOLINA,40,AMORTIGUADORES DELANTEROS,1,211.4,211.4,Vendedor 8
5791,2026-03-20,Cliente 8,LA MOLINA,41,AMORTIGUADORES POSTERIORES,1,136.6,136.6,Vendedor 9
5792,2026-03-20,Cliente 39,SURCO,38,ACEITE DE MOTOR 5W30 FULL SINTÉTICO,1,106.0,106.0,Vendedor 5
5793,2026-03-20,Cliente 36,SURCO,40,AMORTIGUADORES DELANTEROS,1,211.4,211.4,Vendedor 2
5794,2026-03-21,Cliente 49,LA MOLINA,40,AMORTIGUADORES DELANTEROS,1,211.4,211.4,Vendedor 7
5795,2026-03-21,Cliente 26,LA MOLINA,41,AMORTIGUADORES POSTERIORES,1,136.6,136.6,Vendedor 4
5796,2026-03-21,Cliente 29,SURCO,40,AMORTIGUADORES DELANTEROS,1,211.4,211.4,Vendedor 4
5797,2026-03-22,Cliente 50,LA MOLINA,40,AMORTIGUADORES DELANTEROS,1,211.4,211.4,Vendedor 7
5798,2026-03-22,Cliente 17,SURCO,40,AMORTIGUADORES DELANTEROS,1,211.4,211.4,Vendedor 8
5799,2026-03-23,Cliente 50,LA MOLINA,40,AMORTIGUADORES DELANTEROS,1,211.4,211.4,Vendedor 8
5800,2026-03-23,Cliente 29,SURCO,40,AMORTIGUADORES DELANTEROS,1,211.4,211.4,Vendedor 10
5801,2026-03-24,Cliente 27,LA MOLINA,40,AMORTIGUADORES DELANTEROS,1,211.4,211.4,Vendedor 6
5802,2026-03-25,Cliente 1,LA MOLINA,40,AMORTIGUADORES DELANTEROS,1,211.4,211.4,Vendedor 6
5803,2026-03-26,Cliente 5,LA MOLINA,40,AMORTIGUADORES DELANTEROS,1,211.4,211.4,Vendedor 9
5804,2026-03-27,Cliente 28,LA MOLINA,40,AMORTIGUADORES DELANTEROS,1,211.4,211.4,Vendedor 6
5805,2026-03-28,Cliente 44,LA MOLINA,40,AMORTIGUADORES DELANTEROS,1,211.4,211.4,Vendedor 1
5806,2026-03-29,Cliente 43,LA MOLINA,40,AMORTIGUADORES DELANTEROS,1,211.4,211.4,Vendedor 3
5807,2026-03-30,Cliente 47,LA MOLINA,40,AMORTIGUADORES DELANTEROS,1,211.4,211.4,Vendedor 8
5808,2026-04-01,Cliente 49,LA MOLINA,1,AUTO HONDA ACCORD 2014,1,22000.0,22000.0,Vendedor 3
5809,2026-04-01,Cliente 37,LA MOLINA,2,AUTO HONDA CIVIC 2014,1,29500.0,29500.0,Vendedor 6
5810,2026-04-01,Cliente 30,LA MOLINA,3,AUTO HONDA ODISSEY 2013,1,26000.0,26000.0,Vendedor 2
5811,2026-04-01,Cliente 7,LA MOLINA,4,AUTO HONDA CRV 2014,1,26500.0,26500.0,Vendedor 5
5812,2026-04-01,Cliente 18,LA MOLINA,5,AUTO HONDA PILOT 2013,1,30500.0,30500.0,Vendedor 9
5813,2026-04-01,Cliente 50,LA MOLINA,6,AUTO HONDA FIT 2016,1,22500.0,22500.0,Vendedor 10
5814,2026-04-01,Cliente 7,LA MOLINA,7,AUTO HONDA CITY 2016,1,26000.0,26000.0,Vendedor 4
5815,2026-04-01,Cliente 37,LA MOLINA,8,CAMIONETA HONDA ELEMENT 2013,1,36000.0,36000.0,Vendedor 1
5816,2026-04-01,Cliente 9,LA MOLINA,9,CAMIONETA HONDA CROSSTOUR 2013,1,33500.0,33500.0,Vendedor 10
5817,2026-04-01,Cliente 48,LA MOLINA,10,CAMIONETA HONDA CR-Z 2015,1,35500.0,35500.0,Vendedor 2
5818,2026-04-01,Cliente 13,LA MOLINA,11,CAMIONETA HONDA RID LINE PICK UP 2014,1,47000.0,47000.0,Vendedor 4
5819,2026-04-01,Cliente 7,LA MOLINA,38,ACEITE DE MOTOR 5W30 FULL SINTÉTICO,1,106.0,106.0,Vendedor 2
5820,2026-04-01,Cliente 31,LA MOLINA,39,FILTRO DE COMBUSTIBLE,1,104.1,104.1,Vendedor 2
5821,2026-04-01,Cliente 1,LA MOLINA,40,AMORTIGUADORES DELANTEROS,1,211.4,211.4,Vendedor 3
5822,2026-04-01,Cliente 36,LA MOLINA,41,AMORTIGUADORES POSTERIORES,1,136.6,136.6,Vendedor 9
5823,2026-04-01,Cliente 36,LA MOLINA,42,"LLANTAS 18""",1,51.1,51.1,Vendedor 5
5824,2026-04-01,Cliente 16,LA MOLINA,43,BATERÍA DE 18 PLACAS,1,93.9,93.9,Vendedor 6
5825,2026-04-01,Cliente 49,SURCO,1,AUTO HONDA ACCORD 2014,1,22000.0,22000.0,Vendedor 1
5826,2026-04-01,Cliente 21,SURCO,2,AUTO HONDA CIVIC 2014,1,29500.0,29500.0,Vendedor 7
5827,2026-04-01,Cliente 27,SURCO,3,AUTO HONDA ODISSEY 2013,1,26000.0,26000.0,Vendedor 2
5828,2026-04-01,Cliente 28,SURCO,4,AUTO HONDA CRV 2014,1,26500.0,26500.0,Vendedor 9
5829,2026-04-01,Cliente 32,SURCO,5,AUTO HONDA PILOT 2013,1,30500.0,30500.0,Vendedor 9
5830,2026-04-01,Cliente 35,SURCO,6,AUTO HONDA FIT 2016,1,22500.0,22500.0,Vendedor 3
5831,2026-04-01,Cliente 41,SURCO,7,AUTO HONDA CITY 2016,1,26000.0,26000.0,Vendedor 4
5832,2026-04-01,Cliente 45,SURCO,8,CAMIONETA HONDA ELEMENT 2013,1,36000.0,36000.0,Vendedor 8
5833,2026-04-01,Cliente 41,SURCO,9,CAMIONETA HONDA CROSSTOUR 2013,1,33500.0,33500.0,Vendedor 1
5834,2026-04-01,Cliente 44,SURCO,10,CAMIONETA HONDA CR-Z 2015,1,35500.0,35500.0,Vendedor 10
5835,2026-04-01,Cliente 26,SURCO,11,CAMIONETA HONDA RID LINE PICK UP 2014,1,47000.0,47000.0,Vendedor 10
5836,2026-04-01,Cliente 39,SURCO,38,ACEITE DE MOTOR 5W30 FULL SINTÉTICO,1,106.0,106.0,Vendedor 6
5837,2026-04-01,Cliente 43,SURCO,39,FILTRO DE COMBUSTIBLE,1,104.1,104.1,Vendedor 3
5838,2026-04-01,Cliente 37,SURCO,40,AMORTIGUADORES DELANTEROS,1,211.4,211.4,Vendedor 4
5839,2026-04-01,Cliente 46,SURCO,41,AMORTIGUADORES POSTERIORES,1,136.6,136.6,Vendedor 5
5840,2026-04-01,Cliente 4,SURCO,42,"LLANTAS 18""",1,51.1,51.1,Vendedor 8
5841,2026-04-01,Cliente 5,SURCO,43,BATERÍA DE 18 PLACAS,1,93.9,93.9,Vendedor 10
5842,2026-04-02,Cliente 49,LA MOLINA,1,AUTO HONDA ACCORD 2014,1,22000.0,22000.0,Vendedor 8
5843,2026-04-02,Cliente 44,LA MOLINA,2,AUTO HONDA CIVIC 2014,1,29500.0,29500.0,Vendedor 5
5844,2026-04-02,Cliente 4,LA MOLINA,3,AUTO HONDA ODISSEY 2013,1,26000.0,26000.0,Vendedor 4
5845,2026-04-02,Cliente 36,LA MOLINA,4,AUTO HONDA CRV 2014,1,26500.0,26500.0,Vendedor 1
5846,2026-04-02,Cliente 38,LA MOLINA,6,AUTO HONDA FIT 2016,1,22500.0,22500.0,Vendedor 2
5847,2026-04-02,Cliente 6,LA MOLINA,7,AUTO HONDA CITY 2016,1,26000.0,26000.0,Vendedor 2
5848,2026-04-02,Cliente 39,LA MOLINA,8,CAMIONETA HONDA ELEMENT 2013,1,36000.0,36000.0,Vendedor 1
5849,2026-04-02,Cliente 36,LA MOLINA,38,ACEITE DE MOTOR 5W30 FULL SINTÉTICO,1,106.0,106.0,Vendedor 10
5850,2026-04-02,Cliente 41,LA MOLINA,39,FILTRO DE COMBUSTIBLE,1,104.1,104.1,Vendedor 6
5851,2026-04-02,Cliente 38,LA MOLINA,40,AMORTIGUADORES DELANTEROS,1,211.4,211.4,Vendedor 7
5852,2026-04-02,Cliente 26,LA MOLINA,41,AMORTIGUADORES POSTERIORES,1,136.6,136.6,Vendedor 3
5853,2026-04-02,Cliente 2,LA MOLINA,42,"LLANTAS 18""",1,51.1,51.1,Vendedor 1
5854,2026-04-02,Cliente 19,LA MOLINA,43,BATERÍA DE 18 PLACAS,1,93.9,93.9,Vendedor 4
5855,2026-04-02,Cliente 32,SURCO,1,AUTO HONDA ACCORD 2014,1,22000.0,22000.0,Vendedor 8
5856,2026-04-02,Cliente 22,SURCO,2,AUTO HONDA CIVIC 2014,1,29500.0,29500.0,Vendedor 4
5857,2026-04-02,Cliente 16,SURCO,3,AUTO HONDA ODISSEY 2013,1,26000.0,26000.0,Vendedor 7
5858,2026-04-02,Cliente 29,SURCO,4,AUTO HONDA CRV 2014,1,26500.0,26500.0,Vendedor 9
5859,2026-04-02,Cliente 12,SURCO,38,ACEITE DE MOTOR 5W30 FULL SINTÉTICO,1,106.0,106.0,Vendedor 10
5860,2026-04-02,Cliente 9,SURCO,39,FILTRO DE COMBUSTIBLE,1,104.1,104.1,Vendedor 3
5861,2026-04-02,Cliente 50,SURCO,40,AMORTIGUADORES DELANTEROS,1,211.4,211.4,Vendedor 2
5862,2026-04-02,Cliente 12,SURCO,41,AMORTIGUADORES POSTERIORES,1,136.6,136.6,Vendedor 9
5863,2026-04-02,Cliente 16,SURCO,42,"LLANTAS 18""",1,51.1,51.1,Vendedor 3
5864,2026-04-02,Cliente 14,SURCO,43,BATERÍA DE 18 PLACAS,1,93.9,93.9,Vendedor 3
5865,2026-04-03,Cliente 11,LA MOLINA,1,AUTO HONDA ACCORD 2014,1,22000.0,22000.0,Vendedor 4
5866,2026-04-03,Cliente 17,LA MOLINA,7,AUTO HONDA CITY 2016,1,26000.0,26000.0,Vendedor 5
5867,2026-04-03,Cliente 36,LA MOLINA,38,ACEITE DE MOTOR 5W30 FULL SINTÉTICO,1,106.0,106.0,Vendedor 6
5868,2026-04-03,Cliente 18,LA MOLINA,39,FILTRO DE COMBUSTIBLE,1,104.1,104.1,Vendedor 3
5869,2026-04-03,Cliente 18,LA MOLINA,40,AMORTIGUADORES DELANTEROS,1,211.4,211.4,Vendedor 9
5870,2026-04-03,Cliente 8,LA MOLINA,41,AMORTIGUADORES POSTERIORES,1,136.6,136.6,Vendedor 2
5871,2026-04-03,Cliente 15,LA MOLINA,42,"LLANTAS 18""",1,51.1,51.1,Vendedor 3
5872,2026-04-03,Cliente 25,LA MOLINA,43,BATERÍA DE 18 PLACAS,1,93.9,93.9,Vendedor 3
5873,2026-04-03,Cliente 48,SURCO,1,AUTO HONDA ACCORD 2014,1,22000.0,22000.0,Vendedor 1
5874,2026-04-03,Cliente 12,SURCO,2,AUTO HONDA CIVIC 2014,1,29500.0,29500.0,Vendedor 5
5875,2026-04-03,Cliente 50,SURCO,3,AUTO HONDA ODISSEY 2013,1,26000.0,26000.0,Vendedor 3
5876,2026-04-03,Cliente 7,SURCO,4,AUTO HONDA CRV 2014,1,26500.0,26500.0,Vendedor 8
5877,2026-04-03,Cliente 44,SURCO,38,ACEITE DE MOTOR 5W30 FULL SINTÉTICO,1,106.0,106.0,Vendedor 6
5878,2026-04-03,Cliente 44,SURCO,39,FILTRO DE COMBUSTIBLE,1,104.1,104.1,Vendedor 10
5879,2026-04-03,Cliente 4,SURCO,40,AMORTIGUADORES DELANTEROS,1,211.4,211.4,Vendedor 7
5880,2026-04-03,Cliente 48,SURCO,41,AMORTIGUADORES POSTERIORES,1,136.6,136.6,Vendedor 8
5881,2026-04-03,Cliente 28,SURCO,42,"LLANTAS 18""",1,51.1,51.1,Vendedor 5
5882,2026-04-03,Cliente 12,SURCO,43,BATERÍA DE 18 PLACAS,1,93.9,93.9,Vendedor 2
5883,2026-04-04,Cliente 30,LA MOLINA,7,AUTO HONDA CITY 2016,1,26000.0,26000.0,Vendedor 9
5884,2026-04-04,Cliente 4,LA MOLINA,38,ACEITE DE MOTOR 5W30 FULL SINTÉTICO,1,106.0,106.0,Vendedor 2
5885,2026-04-04,Cliente 25,LA MOLINA,39,FILTRO DE COMBUSTIBLE,1,104.1,104.1,Vendedor 5
5886,2026-04-04,Cliente 42,LA MOLINA,40,AMORTIGUADORES DELANTEROS,1,211.4,211.4,Vendedor 5
5887,2026-04-04,Cliente 41,LA MOLINA,41,AMORTIGUADORES POSTERIORES,1,136.6,136.6,Vendedor 6
5888,2026-04-04,Cliente 11,LA MOLINA,42,"LLANTAS 18""",1,51.1,51.1,Vendedor 8
5889,2026-04-04,Cliente 32,LA MOLINA,43,BATERÍA DE 18 PLACAS,1,93.9,93.9,Vendedor 5
5890,2026-04-04,Cliente 16,SURCO,38,ACEITE DE MOTOR 5W30 FULL SINTÉTICO,1,106.0,106.0,Vendedor 9
5891,2026-04-04,Cliente 45,SURCO,39,FILTRO DE COMBUSTIBLE,1,104.1,104.1,Vendedor 9
5892,2026-04-04,Cliente 19,SURCO,40,AMORTIGUADORES DELANTEROS,1,211.4,211.4,Vendedor 8
5893,2026-04-04,Cliente 30,SURCO,41,AMORTIGUADORES POSTERIORES,1,136.6,136.6,Vendedor 10
5894,2026-04-04,Cliente 39,SURCO,42,"LLANTAS 18""",1,51.1,51.1,Vendedor 4
5895,2026-04-04,Cliente 38,SURCO,43,BATERÍA DE 18 PLACAS,1,93.9,93.9,Vendedor 6
5896,2026-04-05,Cliente 38,LA MOLINA,38,ACEITE DE MOTOR 5W30 FULL SINTÉTICO,1,106.0,106.0,Vendedor 7
5897,2026-04-05,Cliente 25,LA MOLINA,39,FILTRO DE COMBUSTIBLE,1,104.1,104.1,Vendedor 1
5898,2026-04-05,Cliente 49,LA MOLINA,40,AMORTIGUADORES DELANTEROS,1,211.4,211.4,Vendedor 5
5899,2026-04-05,Cliente 18,LA MOLINA,41,AMORTIGUADORES POSTERIORES,1,136.6,136.6,Vendedor 6
5900,2026-04-05,Cliente 46,LA MOLINA,42,"LLANTAS 18""",1,51.1,51.1,Vendedor 3
5901,2026-04-05,Cliente 38,LA MOLINA,43,BATERÍA DE 18 PLACAS,1,93.9,93.9,Vendedor 7
5902,2026-04-05,Cliente 33,SURCO,38,ACEITE DE MOTOR 5W30 FULL SINTÉTICO,1,106.0,106.0,Vendedor 7
5903,2026-04-05,Cliente 50,SURCO,39,FILTRO DE COMBUSTIBLE,1,104.1,104.1,Vendedor 8
5904,2026-04-05,Cliente 10,SURCO,40,AMORTIGUADORES DELANTEROS,1,211.4,211.4,Vendedor 1
5905,2026-04-05,Cliente 26,SURCO,41,AMORTIGUADORES POSTERIORES,1,136.6,136.6,Vendedor 1
5906,2026-04-05,Cliente 22,SURCO,42,"LLANTAS 18""",1,51.1,51.1,Vendedor 5
5907,2026-04-05,Cliente 43,SURCO,43,BATERÍA DE 18 PLACAS,1,93.9,93.9,Vendedor 6
5908,2026-04-06,Cliente 15,LA MOLINA,38,ACEITE DE MOTOR 5W30 FULL SINTÉTICO,1,106.0,106.0,Vendedor 3
5909,2026-04-06,Cliente 1,LA MOLINA,40,AMORTIGUADORES DELANTEROS,1,211.4,211.4,Vendedor 7
5910,2026-04-06,Cliente 39,LA MOLINA,41,AMORTIGUADORES POSTERIORES,1,136.6,136.6,Vendedor 7
5911,2026-04-06,Cliente 18,LA MOLINA,42,"LLANTAS 18""",1,51.1,51.1,Vendedor 9
5912,2026-04-06,Cliente 43,LA MOLINA,43,BATERÍA DE 18 PLACAS,1,93.9,93.9,Vendedor 3
5913,2026-04-06,Cliente 21,SURCO,38,ACEITE DE MOTOR 5W30 FULL SINTÉTICO,1,106.0,106.0,Vendedor 5
5914,2026-04-06,Cliente 4,SURCO,40,AMORTIGUADORES DELANTEROS,1,211.4,211.4,Vendedor 10
5915,2026-04-06,Cliente 13,SURCO,41,AMORTIGUADORES POSTERIORES,1,136.6,136.6,Vendedor 9
5916,2026-04-06,Cliente 1,SURCO,42,"LLANTAS 18""",1,51.1,51.1,Vendedor 1
5917,2026-04-06,Cliente 18,SURCO,43,BATERÍA DE 18 PLACAS,1,93.9,93.9,Vendedor 4
5918,2026-04-07,Cliente 40,LA MOLINA,38,ACEITE DE MOTOR 5W30 FULL SINTÉTICO,1,106.0,106.0,Vendedor 4
5919,2026-04-07,Cliente 40,LA MOLINA,40,AMORTIGUADORES DELANTEROS,1,211.4,211.4,Vendedor 3
5920,2026-04-07,Cliente 6,LA MOLINA,41,AMORTIGUADORES POSTERIORES,1,136.6,136.6,Vendedor 10
5921,2026-04-07,Cliente 38,LA MOLINA,42,"LLANTAS 18""",1,51.1,51.1,Vendedor 8
5922,2026-04-07,Cliente 2,LA MOLINA,43,BATERÍA DE 18 PLACAS,1,93.9,93.9,Vendedor 2
5923,2026-04-07,Cliente 26,SURCO,38,ACEITE DE MOTOR 5W30 FULL SINTÉTICO,1,106.0,106.0,Vendedor 1
5924,2026-04-07,Cliente 20,SURCO,40,AMORTIGUADORES DELANTEROS,1,211.4,211.4,Vendedor 6
5925,2026-04-07,Cliente 10,SURCO,41,AMORTIGUADORES POSTERIORES,1,136.6,136.6,Vendedor 4
5926,2026-04-07,Cliente 37,SURCO,42,"LLANTAS 18""",1,51.1,51.1,Vendedor 9
5927,2026-04-07,Cliente 13,SURCO,43,BATERÍA DE 18 PLACAS,1,93.9,93.9,Vendedor 5
5928,2026-04-08,Cliente 12,LA MOLINA,38,ACEITE DE MOTOR 5W30 FULL SINTÉTICO,1,106.0,106.0,Vendedor 3
5929,2026-04-08,Cliente 44,LA MOLINA,40,AMORTIGUADORES DELANTEROS,1,211.4,211.4,Vendedor 6
5930,2026-04-08,Cliente 45,LA MOLINA,41,AMORTIGUADORES POSTERIORES,1,136.6,136.6,Vendedor 4
5931,2026-04-08,Cliente 25,LA MOLINA,42,"LLANTAS 18""",1,51.1,51.1,Vendedor 5
5932,2026-04-08,Cliente 29,LA MOLINA,43,BATERÍA DE 18 PLACAS,1,93.9,93.9,Vendedor 10
5933,2026-04-08,Cliente 18,SURCO,38,ACEITE DE MOTOR 5W30 FULL SINTÉTICO,1,106.0,106.0,Vendedor 2
5934,2026-04-08,Cliente 37,SURCO,40,AMORTIGUADORES DELANTEROS,1,211.4,211.4,Vendedor 8
5935,2026-04-08,Cliente 20,SURCO,41,AMORTIGUADORES POSTERIORES,1,136.6,136.6,Vendedor 6
5936,2026-04-08,Cliente 26,SURCO,42,"LLANTAS 18""",1,51.1,51.1,Vendedor 9
5937,2026-04-08,Cliente 8,SURCO,43,BATERÍA DE 18 PLACAS,1,93.9,93.9,Vendedor 8
5938,2026-04-09,Cliente 14,LA MOLINA,38,ACEITE DE MOTOR 5W30 FULL SINTÉTICO,1,106.0,106.0,Vendedor 3
5939,2026-04-09,Cliente 23,LA MOLINA,40,AMORTIGUADORES DELANTEROS,1,211.4,211.4,Vendedor 8
5940,2026-04-09,Cliente 20,LA MOLINA,41,AMORTIGUADORES POSTERIORES,1,136.6,136.6,Vendedor 6
5941,2026-04-09,Cliente 14,LA MOLINA,42,"LLANTAS 18""",1,51.1,51.1,Vendedor 8
5942,2026-04-09,Cliente 17,LA MOLINA,43,BATERÍA DE 18 PLACAS,1,93.9,93.9,Vendedor 8
5943,2026-04-09,Cliente 50,SURCO,38,ACEITE DE MOTOR 5W30 FULL SINTÉTICO,1,106.0,106.0,Vendedor 3
5944,2026-04-09,Cliente 19,SURCO,40,AMORTIGUADORES DELANTEROS,1,211.4,211.4,Vendedor 9
5945,2026-04-09,Cliente 22,SURCO,41,AMORTIGUADORES POSTERIORES,1,136.6,136.6,Vendedor 2
5946,2026-04-09,Cliente 24,SURCO,42,"LLANTAS 18""",1,51.1,51.1,Vendedor 2
5947,2026-04-09,Cliente 47,SURCO,43,BATERÍA DE 18 PLACAS,1,93.9,93.9,Vendedor 9
5948,2026-04-10,Cliente 14,LA MOLINA,38,ACEITE DE MOTOR 5W30 FULL SINTÉTICO,1,106.0,106.0,Vendedor 8
5949,2026-04-10,Cliente 49,LA MOLINA,40,AMORTIGUADORES DELANTEROS,1,211.4,211.4,Vendedor 6
5950,2026-04-10,Cliente 48,LA MOLINA,41,AMORTIGUADORES POSTERIORES,1,136.6,136.6,Vendedor 3
5951,2026-04-10,Cliente 40,LA MOLINA,42,"LLANTAS 18""",1,51.1,51.1,Vendedor 3
5952,2026-04-10,Cliente 21,LA MOLINA,43,BATERÍA DE 18 PLACAS,1,93.9,93.9,Vendedor 1
5953,2026-04-10,Cliente 37,SURCO,38,ACEITE DE MOTOR 5W30 FULL SINTÉTICO,1,106.0,106.0,Vendedor 5
5954,2026-04-10,Cliente 45,SURCO,40,AMORTIGUADORES DELANTEROS,1,211.4,211.4,Vendedor 2
5955,2026-04-10,Cliente 47,SURCO,41,AMORTIGUADORES POSTERIORES,1,136.6,136.6,Vendedor 4
5956,2026-04-10,Cliente 41,SURCO,42,"LLANTAS 18""",1,51.1,51.1,Vendedor 8
5957,2026-04-11,Cliente 13,LA MOLINA,38,ACEITE DE MOTOR 5W30 FULL SINTÉTICO,1,106.0,106.0,Vendedor 5
5958,2026-04-11,Cliente 39,LA MOLINA,40,AMORTIGUADORES DELANTEROS,1,211.4,211.4,Vendedor 6
5959,2026-04-11,Cliente 19,LA MOLINA,41,AMORTIGUADORES POSTERIORES,1,136.6,136.6,Vendedor 5
5960,2026-04-11,Cliente 38,LA MOLINA,42,"LLANTAS 18""",1,51.1,51.1,Vendedor 5
5961,2026-04-11,Cliente 16,LA MOLINA,43,BATERÍA DE 18 PLACAS,1,93.9,93.9,Vendedor 1
5962,2026-04-11,Cliente 29,SURCO,38,ACEITE DE MOTOR 5W30 FULL SINTÉTICO,1,106.0,106.0,Vendedor 3
5963,2026-04-11,Cliente 5,SURCO,40,AMORTIGUADORES DELANTEROS,1,211.4,211.4,Vendedor 3
5964,2026-04-11,Cliente 20,SURCO,41,AMORTIGUADORES POSTERIORES,1,136.6,136.6,Vendedor 2
5965,2026-04-11,Cliente 7,SURCO,42,"LLANTAS 18""",1,51.1,51.1,Vendedor 6
5966,2026-04-12,Cliente 9,LA MOLINA,38,ACEITE DE MOTOR 5W30 FULL SINTÉTICO,1,106.0,106.0,Vendedor 8
5967,2026-04-12,Cliente 27,LA MOLINA,40,AMORTIGUADORES DELANTEROS,1,211.4,211.4,Vendedor 6
5968,2026-04-12,Cliente 47,LA MOLINA,41,AMORTIGUADORES POSTERIORES,1,136.6,136.6,Vendedor 7
5969,2026-04-12,Cliente 49,LA MOLINA,42,"LLANTAS 18""",1,51.1,51.1,Vendedor 3
5970,2026-04-12,Cliente 24,SURCO,38,ACEITE DE MOTOR 5W30 FULL SINTÉTICO,1,106.0,106.0,Vendedor 7
5971,2026-04-12,Cliente 32,SURCO,40,AMORTIGUADORES DELANTEROS,1,211.4,211.4,Vendedor 3
5972,2026-04-12,Cliente 49,SURCO,41,AMORTIGUADORES POSTERIORES,1,136.6,136.6,Vendedor 9
5973,2026-04-12,Cliente 29,SURCO,42,"LLANTAS 18""",1,51.1,51.1,Vendedor 7
5974,2026-04-13,Cliente 15,LA MOLINA,38,ACEITE DE MOTOR 5W30 FULL SINTÉTICO,1,106.0,106.0,Vendedor 10
5975,2026-04-13,Cliente 24,LA MOLINA,40,AMORTIGUADORES DELANTEROS,1,211.4,211.4,Vendedor 10
5976,2026-04-13,Cliente 21,LA MOLINA,41,AMORTIGUADORES POSTERIORES,1,136.6,136.6,Vendedor 10
5977,2026-04-13,Cliente 18,LA MOLINA,42,"LLANTAS 18""",1,51.1,51.1,Vendedor 1
5978,2026-04-13,Cliente 25,SURCO,38,ACEITE DE MOTOR 5W30 FULL SINTÉTICO,1,106.0,106.0,Vendedor 8
5979,2026-04-13,Cliente 15,SURCO,40,AMORTIGUADORES DELANTEROS,1,211.4,211.4,Vendedor 6
5980,2026-04-13,Cliente 10,SURCO,41,AMORTIGUADORES POSTERIORES,1,136.6,136.6,Vendedor 6
5981,2026-04-13,Cliente 25,SURCO,42,"LLANTAS 18""",1,51.1,51.1,Vendedor 3
5982,2026-04-14,Cliente 41,LA MOLINA,38,ACEITE DE MOTOR 5W30 FULL SINTÉTICO,1,106.0,106.0,Vendedor 8
5983,2026-04-14,Cliente 31,LA MOLINA,40,AMORTIGUADORES DELANTEROS,1,211.4,211.4,Vendedor 6
5984,2026-04-14,Cliente 13,LA MOLINA,41,AMORTIGUADORES POSTERIORES,1,136.6,136.6,Vendedor 2
5985,2026-04-14,Cliente 44,LA MOLINA,42,"LLANTAS 18""",1,51.1,51.1,Vendedor 5
5986,2026-04-14,Cliente 29,SURCO,38,ACEITE DE MOTOR 5W30 FULL SINTÉTICO,1,106.0,106.0,Vendedor 8
5987,2026-04-14,Cliente 41,SURCO,40,AMORTIGUADORES DELANTEROS,1,211.4,211.4,Vendedor 10
5988,2026-04-14,Cliente 2,SURCO,41,AMORTIGUADORES POSTERIORES,1,136.6,136.6,Vendedor 9
5989,2026-04-14,Cliente 10,SURCO,42,"LLANTAS 18""",1,51.1,51.1,Vendedor 6
5990,2026-04-15,Cliente 30,LA MOLINA,38,ACEITE DE MOTOR 5W30 FULL SINTÉTICO,1,106.0,106.0,Vendedor 5
5991,2026-04-15,Cliente 50,LA MOLINA,40,AMORTIGUADORES DELANTEROS,1,211.4,211.4,Vendedor 1
5992,2026-04-15,Cliente 37,LA MOLINA,41,AMORTIGUADORES POSTERIORES,1,136.6,136.6,Vendedor 2
5993,2026-04-15,Cliente 42,LA MOLINA,42,"LLANTAS 18""",1,51.1,51.1,Vendedor 9
5994,2026-04-15,Cliente 17,SURCO,38,ACEITE DE MOTOR 5W30 FULL SINTÉTICO,1,106.0,106.0,Vendedor 10
5995,2026-04-15,Cliente 5,SURCO,40,AMORTIGUADORES DELANTEROS,1,211.4,211.4,Vendedor 9
5996,2026-04-15,Cliente 16,SURCO,41,AMORTIGUADORES POSTERIORES,1,136.6,136.6,Vendedor 7
5997,2026-04-15,Cliente 30,SURCO,42,"LLANTAS 18""",1,51.1,51.1,Vendedor 1
5998,2026-04-16,Cliente 36,LA MOLINA,38,ACEITE DE MOTOR 5W30 FULL SINTÉTICO,1,106.0,106.0,Vendedor 3
5999,2026-04-16,Cliente 17,LA MOLINA,40,AMORTIGUADORES DELANTEROS,1,211.4,211.4,Vendedor 3
6000,2026-04-16,Cliente 34,LA MOLINA,41,AMORTIGUADORES POSTERIORES,1,136.6,136.6,Vendedor 7
6001,2026-04-16,Cliente 43,LA MOLINA,42,"LLANTAS 18""",1,51.1,51.1,Vendedor 2
6002,2026-04-16,Cliente 20,SURCO,38,ACEITE DE MOTOR 5W30 FULL SINTÉTICO,1,106.0,106.0,Vendedor 9
6003,2026-04-16,Cliente 22,SURCO,40,AMORTIGUADORES DELANTEROS,1,211.4,211.4,Vendedor 1
6004,2026-04-16,Cliente 49,SURCO,41,AMORTIGUADORES POSTERIORES,1,136.6,136.6,Vendedor 4
6005,2026-04-16,Cliente 40,SURCO,42,"LLANTAS 18""",1,51.1,51.1,Vendedor 1
6006,2026-04-17,Cliente 15,LA MOLINA,38,ACEITE DE MOTOR 5W30 FULL SINTÉTICO,1,106.0,106.0,Vendedor 2
6007,2026-04-17,Cliente 34,LA MOLINA,40,AMORTIGUADORES DELANTEROS,1,211.4,211.4,Vendedor 6
6008,2026-04-17,Cliente 26,LA MOLINA,41,AMORTIGUADORES POSTERIORES,1,136.6,136.6,Vendedor 6
6009,2026-04-17,Cliente 39,LA MOLINA,42,"LLANTAS 18""",1,51.1,51.1,Vendedor 1
6010,2026-04-17,Cliente 46,SURCO,38,ACEITE DE MOTOR 5W30 FULL SINTÉTICO,1,106.0,106.0,Vendedor 7
6011,2026-04-17,Cliente 35,SURCO,40,AMORTIGUADORES DELANTEROS,1,211.4,211.4,Vendedor 4
6012,2026-04-17,Cliente 29,SURCO,41,AMORTIGUADORES POSTERIORES,1,136.6,136.6,Vendedor 10
6013,2026-04-17,Cliente 31,SURCO,42,"LLANTAS 18""",1,51.1,51.1,Vendedor 3
6014,2026-04-18,Cliente 45,LA MOLINA,38,ACEITE DE MOTOR 5W30 FULL SINTÉTICO,1,106.0,106.0,Vendedor 5
6015,2026-04-18,Cliente 37,LA MOLINA,40,AMORTIGUADORES DELANTEROS,1,211.4,211.4,Vendedor 8
6016,2026-04-18,Cliente 26,LA MOLINA,41,AMORTIGUADORES POSTERIORES,1,136.6,136.6,Vendedor 4
6017,2026-04-18,Cliente 35,LA MOLINA,42,"LLANTAS 18""",1,51.1,51.1,Vendedor 8
6018,2026-04-18,Cliente 13,SURCO,38,ACEITE DE MOTOR 5W30 FULL SINTÉTICO,1,106.0,106.0,Vendedor 9
6019,2026-04-18,Cliente 49,SURCO,40,AMORTIGUADORES DELANTEROS,1,211.4,211.4,Vendedor 7
6020,2026-04-18,Cliente 17,SURCO,41,AMORTIGUADORES POSTERIORES,1,136.6,136.6,Vendedor 6
6021,2026-04-18,Cliente 41,SURCO,42,"LLANTAS 18""",1,51.1,51.1,Vendedor 5
6022,2026-04-19,Cliente 8,LA MOLINA,40,AMORTIGUADORES DELANTEROS,1,211.4,211.4,Vendedor 8
6023,2026-04-19,Cliente 34,LA MOLINA,41,AMORTIGUADORES POSTERIORES,1,136.6,136.6,Vendedor 2
6024,2026-04-19,Cliente 16,LA MOLINA,42,"LLANTAS 18""",1,51.1,51.1,Vendedor 4
6025,2026-04-19,Cliente 28,SURCO,38,ACEITE DE MOTOR 5W30 FULL SINTÉTICO,1,106.0,106.0,Vendedor 5
6026,2026-04-19,Cliente 10,SURCO,40,AMORTIGUADORES DELANTEROS,1,211.4,211.4,Vendedor 9
6027,2026-04-20,Cliente 17,LA MOLINA,40,AMORTIGUADORES DELANTEROS,1,211.4,211.4,Vendedor 9
6028,2026-04-20,Cliente 43,LA MOLINA,41,AMORTIGUADORES POSTERIORES,1,136.6,136.6,Vendedor 4
6029,2026-04-20,Cliente 6,SURCO,40,AMORTIGUADORES DELANTEROS,1,211.4,211.4,Vendedor 9
6030,2026-04-21,Cliente 29,LA MOLINA,40,AMORTIGUADORES DELANTEROS,1,211.4,211.4,Vendedor 5
6031,2026-04-21,Cliente 11,LA MOLINA,41,AMORTIGUADORES POSTERIORES,1,136.6,136.6,Vendedor 1
6032,2026-04-21,Cliente 24,SURCO,40,AMORTIGUADORES DELANTEROS,1,211.4,211.4,Vendedor 7
6033,2026-04-22,Cliente 20,LA MOLINA,40,AMORTIGUADORES DELANTEROS,1,211.4,211.4,Vendedor 7
6034,2026-04-22,Cliente 37,SURCO,40,AMORTIGUADORES DELANTEROS,1,211.4,211.4,Vendedor 10
6035,2026-04-23,Cliente 48,LA MOLINA,40,AMORTIGUADORES DELANTEROS,1,211.4,211.4,Vendedor 2
6036,2026-04-23,Cliente 8,SURCO,40,AMORTIGUADORES DELANTEROS,1,211.4,211.4,Vendedor 9
6037,2026-04-24,Cliente 13,LA MOLINA,40,AMORTIGUADORES DELANTEROS,1,211.4,211.4,Vendedor 6
6038,2026-04-25,Cliente 20,LA MOLINA,40,AMORTIGUADORES DELANTEROS,1,211.4,211.4,Vendedor 4
6039,2026-04-26,Cliente 29,LA MOLINA,40,AMORTIGUADORES DELANTEROS,1,211.4,211.4,Vendedor 9
6040,2026-04-27,Cliente 28,LA MOLINA,40,AMORTIGUADORES DELANTEROS,1,211.4,211.4,Vendedor 6
6041,2026-04-28,Cliente 14,LA MOLINA,40,AMORTIGUADORES DELANTEROS,1,211.4,211.4,Vendedor 9
6042,2026-04-29,Cliente 20,LA MOLINA,40,AMORTIGUADORES DELANTEROS,1,211.4,211.4,Vendedor 7
6043,2026-04-30,Cliente 7,LA MOLINA,40,AMORTIGUADORES DELANTEROS,1,211.4,211.4,Vendedor 8
