id,Fecha,Proveedor,Almacen,Producto,Cant,Precio_C,Monto
1,2023-01-01,Prov Vehículos,SURCO,AUTO HONDA ACCORD 2014,2,17364.735748681258,34729.471497362516
2,2023-01-01,Prov Vehículos,LA MOLINA,AUTO HONDA ACCORD 2014,1,17364.735748681258,17364.735748681258
3,2023-01-01,Prov Vehículos,SURCO,AUTO HONDA CIVIC 2014,2,13379.932380098397,26759.864760196793
4,2023-01-01,Prov Vehículos,LA MOLINA,AUTO HONDA CIVIC 2014,1,13379.932380098397,13379.932380098397
5,2023-01-01,Prov Vehículos,SURCO,AUTO HONDA ODISSEY 2013,2,13858.642568480724,27717.285136961447
6,2023-01-01,Prov Vehículos,LA MOLINA,AUTO HONDA ODISSEY 2013,1,13858.642568480724,13858.642568480724
7,2023-01-01,Prov Vehículos,SURCO,AUTO HONDA CRV 2014,2,15637.076464655647,31274.152929311294
8,2023-01-01,Prov Vehículos,LA MOLINA,AUTO HONDA CRV 2014,1,15637.076464655647,15637.076464655647
9,2023-01-01,Prov Vehículos,SURCO,AUTO HONDA PILOT 2013,2,15153.505199891923,30307.010399783845
10,2023-01-01,Prov Vehículos,LA MOLINA,AUTO HONDA PILOT 2013,1,15153.505199891923,15153.505199891923
11,2023-01-01,Prov Vehículos,SURCO,AUTO HONDA FIT 2016,2,14248.390625329266,28496.781250658532
12,2023-01-01,Prov Vehículos,LA MOLINA,AUTO HONDA FIT 2016,1,14248.390625329266,14248.390625329266
13,2023-01-01,Prov Vehículos,SURCO,AUTO HONDA CITY 2016,2,19929.50618871933,39859.01237743866
14,2023-01-01,Prov Vehículos,LA MOLINA,AUTO HONDA CITY 2016,1,19929.50618871933,19929.50618871933
15,2023-01-01,Prov Vehículos,SURCO,CAMIONETA HONDA ELEMENT 2013,2,23487.429809925165,46974.85961985033
16,2023-01-01,Prov Vehículos,LA MOLINA,CAMIONETA HONDA ELEMENT 2013,1,23487.429809925165,23487.429809925165
17,2023-01-01,Prov Vehículos,SURCO,CAMIONETA HONDA CROSSTOUR 2013,2,27752.267210429607,55504.534420859214
18,2023-01-01,Prov Vehículos,LA MOLINA,CAMIONETA HONDA CROSSTOUR 2013,1,27752.267210429607,27752.267210429607
19,2023-01-01,Prov Vehículos,SURCO,CAMIONETA HONDA CR-Z 2015,2,26612.36349620721,53224.72699241442
20,2023-01-01,Prov Vehículos,LA MOLINA,CAMIONETA HONDA CR-Z 2015,1,26612.36349620721,26612.36349620721
21,2023-01-01,Prov Vehículos,SURCO,CAMIONETA HONDA RID LINE PICK UP 2014,2,21171.25271654991,42342.50543309982
22,2023-01-01,Prov Vehículos,LA MOLINA,CAMIONETA HONDA RID LINE PICK UP 2014,1,21171.25271654991,21171.25271654991
23,2023-01-01,Prov Repuestos,SURCO,ACEITE DE MOTOR 5W30,14,100.15420741344991,1402.1589037882986
24,2023-01-01,Prov Repuestos,LA MOLINA,ACEITE DE MOTOR 5W30,35,100.15420741344991,3505.397259470747
25,2023-01-01,Prov Repuestos,SURCO,FILTRO DE COMBUSTIBLE,14,106.26694026920467,1487.7371637688652
26,2023-01-01,Prov Repuestos,LA MOLINA,FILTRO DE COMBUSTIBLE,35,106.26694026920467,3719.3429094221633
27,2023-01-01,Prov Repuestos,SURCO,AMORTIGUADORES DEL.,14,245.45160237512988,3436.3224332518184
28,2023-01-01,Prov Repuestos,LA MOLINA,AMORTIGUADORES DEL.,35,245.45160237512988,8590.806083129546
29,2023-01-01,Prov Repuestos,SURCO,AMORTIGUADORES POST.,14,79.62337645169148,1114.7272703236808
30,2023-01-01,Prov Repuestos,LA MOLINA,AMORTIGUADORES POST.,35,79.62337645169148,2786.818175809202
31,2023-01-01,Prov Repuestos,SURCO,"LLANTAS 18""",14,53.394148875986744,747.5180842638144
32,2023-01-01,Prov Repuestos,LA MOLINA,"LLANTAS 18""",35,53.394148875986744,1868.795210659536
33,2023-01-01,Prov Repuestos,SURCO,BATERÍA DE 18 PLACAS,14,68.21380351695592,954.9932492373829
34,2023-01-01,Prov Repuestos,LA MOLINA,BATERÍA DE 18 PLACAS,35,68.21380351695592,2387.4831230934574
35,2023-01-15,Prov Vehículos,SURCO,AUTO HONDA ACCORD 2014,2,14420.895693213683,28841.791386427365
36,2023-01-15,Prov Vehículos,LA MOLINA,AUTO HONDA ACCORD 2014,1,14420.895693213683,14420.895693213683
37,2023-01-15,Prov Vehículos,SURCO,AUTO HONDA CIVIC 2014,2,13379.932380098397,26759.864760196793
38,2023-01-15,Prov Vehículos,LA MOLINA,AUTO HONDA CIVIC 2014,1,13379.932380098397,13379.932380098397
39,2023-01-15,Prov Vehículos,SURCO,AUTO HONDA ODISSEY 2013,2,13858.642568480724,27717.285136961447
40,2023-01-15,Prov Vehículos,LA MOLINA,AUTO HONDA ODISSEY 2013,1,13858.642568480724,13858.642568480724
41,2023-01-15,Prov Vehículos,SURCO,AUTO HONDA CRV 2014,2,15637.076464655647,31274.152929311294
42,2023-01-15,Prov Vehículos,LA MOLINA,AUTO HONDA CRV 2014,1,15637.076464655647,15637.076464655647
43,2023-01-15,Prov Vehículos,SURCO,AUTO HONDA PILOT 2013,2,21980.23514137324,43960.47028274648
44,2023-01-15,Prov Vehículos,LA MOLINA,AUTO HONDA PILOT 2013,1,21980.23514137324,21980.23514137324
45,2023-01-15,Prov Vehículos,SURCO,AUTO HONDA FIT 2016,2,14040.849325683834,28081.698651367667
46,2023-01-15,Prov Vehículos,LA MOLINA,AUTO HONDA FIT 2016,1,14040.849325683834,14040.849325683834
47,2023-01-15,Prov Vehículos,SURCO,AUTO HONDA CITY 2016,2,12038.19425842956,24076.38851685912
48,2023-01-15,Prov Vehículos,LA MOLINA,AUTO HONDA CITY 2016,1,12038.19425842956,12038.19425842956
49,2023-01-15,Prov Vehículos,SURCO,CAMIONETA HONDA ELEMENT 2013,2,21518.752158798456,43037.50431759691
50,2023-01-15,Prov Vehículos,LA MOLINA,CAMIONETA HONDA ELEMENT 2013,1,21518.752158798456,21518.752158798456
51,2023-01-15,Prov Vehículos,SURCO,CAMIONETA HONDA CROSSTOUR 2013,2,27752.267210429607,55504.534420859214
52,2023-01-15,Prov Vehículos,LA MOLINA,CAMIONETA HONDA CROSSTOUR 2013,1,27752.267210429607,27752.267210429607
53,2023-01-15,Prov Vehículos,SURCO,CAMIONETA HONDA CR-Z 2015,2,26612.36349620721,53224.72699241442
54,2023-01-15,Prov Vehículos,LA MOLINA,CAMIONETA HONDA CR-Z 2015,1,26612.36349620721,26612.36349620721
55,2023-01-15,Prov Vehículos,SURCO,CAMIONETA HONDA RID LINE PICK UP 2014,2,21171.25271654991,42342.50543309982
56,2023-01-15,Prov Vehículos,LA MOLINA,CAMIONETA HONDA RID LINE PICK UP 2014,1,21171.25271654991,21171.25271654991
57,2023-01-15,Prov Repuestos,SURCO,ACEITE DE MOTOR 5W30,14,88.73961274870601,1242.3545784818841
58,2023-01-15,Prov Repuestos,LA MOLINA,ACEITE DE MOTOR 5W30,35,88.73961274870601,3105.8864462047104
59,2023-01-15,Prov Repuestos,LA MOLINA,FILTRO DE COMBUSTIBLE,35,113.34093973785556,3966.932890824945
60,2023-01-15,Prov Repuestos,SURCO,AMORTIGUADORES DEL.,14,222.5076876293981,3115.1076268115735
61,2023-01-15,Prov Repuestos,LA MOLINA,AMORTIGUADORES DEL.,35,222.5076876293981,7787.769067028934
62,2023-01-15,Prov Repuestos,SURCO,AMORTIGUADORES POST.,14,90.60661324754575,1268.4925854656406
63,2023-01-15,Prov Repuestos,LA MOLINA,AMORTIGUADORES POST.,35,90.60661324754575,3171.2314636641013
64,2023-01-15,Prov Repuestos,SURCO,"LLANTAS 18""",14,60.01432922232249,840.2006091125148
65,2023-01-15,Prov Repuestos,LA MOLINA,"LLANTAS 18""",35,60.01432922232249,2100.501522781287
66,2023-01-15,Prov Repuestos,SURCO,BATERÍA DE 18 PLACAS,14,92.5062419480489,1295.0873872726845
67,2023-01-15,Prov Repuestos,LA MOLINA,BATERÍA DE 18 PLACAS,35,92.5062419480489,3237.718468181711
68,2023-02-01,Prov Repuestos,SURCO,ACEITE DE MOTOR 5W30,14,88.73961274870601,1242.3545784818841
69,2023-02-01,Prov Repuestos,LA MOLINA,ACEITE DE MOTOR 5W30,35,88.73961274870601,3105.8864462047104
70,2023-02-01,Prov Repuestos,SURCO,AMORTIGUADORES DEL.,14,222.5076876293981,3115.1076268115735
71,2023-02-01,Prov Repuestos,LA MOLINA,AMORTIGUADORES DEL.,35,222.5076876293981,7787.769067028934
72,2023-02-01,Prov Repuestos,SURCO,AMORTIGUADORES POST.,14,90.60661324754575,1268.4925854656406
73,2023-02-01,Prov Repuestos,LA MOLINA,AMORTIGUADORES POST.,35,90.60661324754575,3171.2314636641013
74,2023-02-01,Prov Repuestos,SURCO,"LLANTAS 18""",14,60.01432922232249,840.2006091125148
75,2023-02-01,Prov Repuestos,LA MOLINA,"LLANTAS 18""",35,60.01432922232249,2100.501522781287
76,2023-02-01,Prov Repuestos,SURCO,BATERÍA DE 18 PLACAS,14,92.5062419480489,1295.0873872726845
77,2023-02-01,Prov Repuestos,LA MOLINA,BATERÍA DE 18 PLACAS,35,92.5062419480489,3237.718468181711
78,2023-02-15,Prov Repuestos,SURCO,ACEITE DE MOTOR 5W30,14,101.04731236690392,1414.6623731366549
79,2023-02-15,Prov Repuestos,LA MOLINA,ACEITE DE MOTOR 5W30,35,101.04731236690392,3536.6559328416374
80,2023-02-15,Prov Repuestos,SURCO,FILTRO DE COMBUSTIBLE,14,100.46309060676863,1406.4832684947608
81,2023-02-15,Prov Repuestos,LA MOLINA,FILTRO DE COMBUSTIBLE,22,100.46309060676863,2210.18799334891
82,2023-02-15,Prov Repuestos,SURCO,AMORTIGUADORES DEL.,14,222.62459951046668,3116.7443931465336
83,2023-02-15,Prov Repuestos,LA MOLINA,AMORTIGUADORES DEL.,35,222.62459951046668,7791.860982866334
84,2023-02-15,Prov Repuestos,SURCO,AMORTIGUADORES POST.,14,94.84369637618327,1327.8117492665658
85,2023-02-15,Prov Repuestos,LA MOLINA,AMORTIGUADORES POST.,35,94.84369637618327,3319.5293731664146
86,2023-02-15,Prov Repuestos,SURCO,"LLANTAS 18""",14,40.32942769999664,564.611987799953
87,2023-02-15,Prov Repuestos,LA MOLINA,"LLANTAS 18""",35,40.32942769999664,1411.5299694998826
88,2023-02-15,Prov Repuestos,SURCO,BATERÍA DE 18 PLACAS,14,78.99084898102979,1105.871885734417
89,2023-02-15,Prov Repuestos,LA MOLINA,BATERÍA DE 18 PLACAS,35,78.99084898102979,2764.6797143360427
90,2023-03-01,Prov Repuestos,SURCO,ACEITE DE MOTOR 5W30,14,101.04731236690392,1414.6623731366549
91,2023-03-01,Prov Repuestos,LA MOLINA,ACEITE DE MOTOR 5W30,35,101.04731236690392,3536.6559328416374
92,2023-03-01,Prov Repuestos,SURCO,AMORTIGUADORES DEL.,14,222.62459951046668,3116.7443931465336
93,2023-03-01,Prov Repuestos,LA MOLINA,AMORTIGUADORES DEL.,35,222.62459951046668,7791.860982866334
94,2023-03-01,Prov Repuestos,SURCO,AMORTIGUADORES POST.,14,94.84369637618327,1327.8117492665658
95,2023-03-01,Prov Repuestos,LA MOLINA,AMORTIGUADORES POST.,35,94.84369637618327,3319.5293731664146
96,2023-03-01,Prov Repuestos,SURCO,"LLANTAS 18""",14,40.32942769999664,564.611987799953
97,2023-03-01,Prov Repuestos,LA MOLINA,"LLANTAS 18""",35,40.32942769999664,1411.5299694998826
98,2023-03-01,Prov Repuestos,SURCO,BATERÍA DE 18 PLACAS,14,78.99084898102979,1105.871885734417
99,2023-03-01,Prov Repuestos,LA MOLINA,BATERÍA DE 18 PLACAS,22,78.99084898102979,1737.7986775826553
100,2023-03-15,Prov Repuestos,SURCO,ACEITE DE MOTOR 5W30,14,92.64245383341577,1296.9943536678209
101,2023-03-15,Prov Repuestos,LA MOLINA,ACEITE DE MOTOR 5W30,35,92.64245383341577,3242.485884169552
102,2023-03-15,Prov Repuestos,SURCO,AMORTIGUADORES DEL.,14,207.2100394186321,2900.9405518608496
103,2023-03-15,Prov Repuestos,LA MOLINA,AMORTIGUADORES DEL.,35,207.2100394186321,7252.351379652124
104,2023-03-15,Prov Repuestos,SURCO,AMORTIGUADORES POST.,14,89.3499608729378,1250.8994522211292
105,2023-03-15,Prov Repuestos,LA MOLINA,AMORTIGUADORES POST.,35,89.3499608729378,3127.2486305528228
106,2023-03-15,Prov Repuestos,SURCO,"LLANTAS 18""",14,54.00644430256037,756.0902202358452
107,2023-03-15,Prov Repuestos,LA MOLINA,"LLANTAS 18""",35,54.00644430256037,1890.2255505896128
108,2023-03-15,Prov Repuestos,SURCO,BATERÍA DE 18 PLACAS,14,82.80077203013518,1159.2108084218926
109,2023-03-15,Prov Repuestos,LA MOLINA,BATERÍA DE 18 PLACAS,35,82.80077203013518,2898.0270210547314
110,2023-04-01,Prov Repuestos,SURCO,ACEITE DE MOTOR 5W30,14,92.64245383341577,1296.9943536678209
111,2023-04-01,Prov Repuestos,LA MOLINA,ACEITE DE MOTOR 5W30,35,92.64245383341577,3242.485884169552
112,2023-04-01,Prov Repuestos,SURCO,FILTRO DE COMBUSTIBLE,8,95.27091387559753,762.1673110047802
113,2023-04-01,Prov Repuestos,SURCO,AMORTIGUADORES DEL.,14,207.2100394186321,2900.9405518608496
114,2023-04-01,Prov Repuestos,LA MOLINA,AMORTIGUADORES DEL.,35,207.2100394186321,7252.351379652124
115,2023-04-01,Prov Repuestos,SURCO,AMORTIGUADORES POST.,14,89.3499608729378,1250.8994522211292
116,2023-04-01,Prov Repuestos,LA MOLINA,AMORTIGUADORES POST.,35,89.3499608729378,3127.2486305528228
117,2023-04-01,Prov Repuestos,SURCO,"LLANTAS 18""",14,54.00644430256037,756.0902202358452
118,2023-04-01,Prov Repuestos,LA MOLINA,"LLANTAS 18""",35,54.00644430256037,1890.2255505896128
119,2023-04-01,Prov Repuestos,SURCO,BATERÍA DE 18 PLACAS,14,82.80077203013518,1159.2108084218926
120,2023-04-01,Prov Repuestos,LA MOLINA,BATERÍA DE 18 PLACAS,35,82.80077203013518,2898.0270210547314
121,2023-04-15,Prov Repuestos,SURCO,ACEITE DE MOTOR 5W30,14,76.26056418846154,1067.6478986384616
122,2023-04-15,Prov Repuestos,LA MOLINA,ACEITE DE MOTOR 5W30,35,76.26056418846154,2669.119746596154
123,2023-04-15,Prov Repuestos,LA MOLINA,FILTRO DE COMBUSTIBLE,8,107.34220179337467,858.7376143469974
124,2023-04-15,Prov Repuestos,SURCO,AMORTIGUADORES DEL.,14,237.19904487241016,3320.786628213742
125,2023-04-15,Prov Repuestos,LA MOLINA,AMORTIGUADORES DEL.,35,237.19904487241016,8301.966570534356
126,2023-04-15,Prov Repuestos,SURCO,AMORTIGUADORES POST.,14,95.90462606463551,1342.664764904897
127,2023-04-15,Prov Repuestos,LA MOLINA,AMORTIGUADORES POST.,35,95.90462606463551,3356.661912262243
128,2023-04-15,Prov Repuestos,SURCO,"LLANTAS 18""",14,50.67638957093114,709.469453993036
129,2023-04-15,Prov Repuestos,LA MOLINA,"LLANTAS 18""",35,50.67638957093114,1773.67363498259
130,2023-04-15,Prov Repuestos,SURCO,BATERÍA DE 18 PLACAS,14,94.96159393718031,1329.4623151205244
131,2023-04-15,Prov Repuestos,LA MOLINA,BATERÍA DE 18 PLACAS,35,94.96159393718031,3323.655787801311
132,2023-05-01,Prov Repuestos,SURCO,ACEITE DE MOTOR 5W30,14,76.26056418846154,1067.6478986384616
133,2023-05-01,Prov Repuestos,LA MOLINA,ACEITE DE MOTOR 5W30,35,76.26056418846154,2669.119746596154
134,2023-05-01,Prov Repuestos,SURCO,FILTRO DE COMBUSTIBLE,12,107.34220179337467,1288.106421520496
135,2023-05-01,Prov Repuestos,SURCO,AMORTIGUADORES DEL.,14,237.19904487241016,3320.786628213742
136,2023-05-01,Prov Repuestos,LA MOLINA,AMORTIGUADORES DEL.,35,237.19904487241016,8301.966570534356
137,2023-05-01,Prov Repuestos,SURCO,AMORTIGUADORES POST.,14,95.90462606463551,1342.664764904897
138,2023-05-01,Prov Repuestos,LA MOLINA,AMORTIGUADORES POST.,35,95.90462606463551,3356.661912262243
139,2023-05-01,Prov Repuestos,SURCO,"LLANTAS 18""",14,50.67638957093114,709.469453993036
140,2023-05-01,Prov Repuestos,LA MOLINA,"LLANTAS 18""",35,50.67638957093114,1773.67363498259
141,2023-05-01,Prov Repuestos,SURCO,BATERÍA DE 18 PLACAS,14,94.96159393718031,1329.4623151205244
142,2023-05-01,Prov Repuestos,LA MOLINA,BATERÍA DE 18 PLACAS,35,94.96159393718031,3323.655787801311
143,2023-05-15,Prov Repuestos,SURCO,ACEITE DE MOTOR 5W30,14,102.29547671543526,1432.1366740160936
144,2023-05-15,Prov Repuestos,LA MOLINA,ACEITE DE MOTOR 5W30,35,102.29547671543526,3580.341685040234
145,2023-05-15,Prov Repuestos,SURCO,FILTRO DE COMBUSTIBLE,7,94.72384520046005,663.0669164032204
146,2023-05-15,Prov Repuestos,LA MOLINA,FILTRO DE COMBUSTIBLE,29,94.72384520046005,2746.9915108133414
147,2023-05-15,Prov Repuestos,SURCO,AMORTIGUADORES DEL.,14,195.45218787011697,2736.3306301816374
148,2023-05-15,Prov Repuestos,LA MOLINA,AMORTIGUADORES DEL.,35,195.45218787011697,6840.826575454094
149,2023-05-15,Prov Repuestos,SURCO,AMORTIGUADORES POST.,14,94.10174398179564,1317.424415745139
150,2023-05-15,Prov Repuestos,LA MOLINA,AMORTIGUADORES POST.,35,94.10174398179564,3293.561039362847
151,2023-05-15,Prov Repuestos,SURCO,"LLANTAS 18""",14,56.517323592107616,791.2425302895066
152,2023-05-15,Prov Repuestos,LA MOLINA,"LLANTAS 18""",35,56.517323592107616,1978.1063257237665
153,2023-05-15,Prov Repuestos,SURCO,BATERÍA DE 18 PLACAS,14,78.51256860618723,1099.1759604866213
154,2023-05-15,Prov Repuestos,LA MOLINA,BATERÍA DE 18 PLACAS,35,78.51256860618723,2747.939901216553
155,2023-06-01,Prov Repuestos,SURCO,ACEITE DE MOTOR 5W30,14,102.29547671543526,1432.1366740160936
156,2023-06-01,Prov Repuestos,LA MOLINA,ACEITE DE MOTOR 5W30,35,102.29547671543526,3580.341685040234
157,2023-06-01,Prov Repuestos,SURCO,FILTRO DE COMBUSTIBLE,10,94.72384520046005,947.2384520046005
158,2023-06-01,Prov Repuestos,SURCO,AMORTIGUADORES DEL.,14,195.45218787011697,2736.3306301816374
159,2023-06-01,Prov Repuestos,LA MOLINA,AMORTIGUADORES DEL.,35,195.45218787011697,6840.826575454094
160,2023-06-01,Prov Repuestos,SURCO,AMORTIGUADORES POST.,14,94.10174398179564,1317.424415745139
161,2023-06-01,Prov Repuestos,LA MOLINA,AMORTIGUADORES POST.,35,94.10174398179564,3293.561039362847
162,2023-06-01,Prov Repuestos,SURCO,"LLANTAS 18""",14,56.517323592107616,791.2425302895066
163,2023-06-01,Prov Repuestos,LA MOLINA,"LLANTAS 18""",35,56.517323592107616,1978.1063257237665
164,2023-06-01,Prov Repuestos,SURCO,BATERÍA DE 18 PLACAS,14,78.51256860618723,1099.1759604866213
165,2023-06-01,Prov Repuestos,LA MOLINA,BATERÍA DE 18 PLACAS,35,78.51256860618723,2747.939901216553
166,2023-06-15,Prov Repuestos,SURCO,ACEITE DE MOTOR 5W30,14,98.37980988481783,1377.3173383874496
167,2023-06-15,Prov Repuestos,LA MOLINA,ACEITE DE MOTOR 5W30,35,98.37980988481783,3443.293345968624
168,2023-06-15,Prov Repuestos,SURCO,FILTRO DE COMBUSTIBLE,14,91.04443984581302,1274.6221578413822
169,2023-06-15,Prov Repuestos,LA MOLINA,FILTRO DE COMBUSTIBLE,30,91.04443984581302,2731.3331953743905
170,2023-06-15,Prov Repuestos,SURCO,AMORTIGUADORES DEL.,14,207.15722587351925,2900.2011622292694
171,2023-06-15,Prov Repuestos,LA MOLINA,AMORTIGUADORES DEL.,35,207.15722587351925,7250.502905573174
172,2023-06-15,Prov Repuestos,SURCO,AMORTIGUADORES POST.,14,100.6092650755327,1408.529711057458
173,2023-06-15,Prov Repuestos,LA MOLINA,AMORTIGUADORES POST.,35,100.6092650755327,3521.3242776436446
174,2023-06-15,Prov Repuestos,SURCO,"LLANTAS 18""",14,48.74579717383051,682.4411604336271
175,2023-06-15,Prov Repuestos,LA MOLINA,"LLANTAS 18""",35,48.74579717383051,1706.102901084068
176,2023-06-15,Prov Repuestos,SURCO,BATERÍA DE 18 PLACAS,14,76.71070110039929,1073.94981540559
177,2023-06-15,Prov Repuestos,LA MOLINA,BATERÍA DE 18 PLACAS,35,76.71070110039929,2684.874538513975
178,2023-07-01,Prov Repuestos,SURCO,ACEITE DE MOTOR 5W30,14,98.37980988481783,1377.3173383874496
179,2023-07-01,Prov Repuestos,LA MOLINA,ACEITE DE MOTOR 5W30,35,98.37980988481783,3443.293345968624
180,2023-07-01,Prov Repuestos,LA MOLINA,FILTRO DE COMBUSTIBLE,1,91.04443984581302,91.04443984581302
181,2023-07-01,Prov Repuestos,SURCO,AMORTIGUADORES DEL.,14,207.15722587351925,2900.2011622292694
182,2023-07-01,Prov Repuestos,LA MOLINA,AMORTIGUADORES DEL.,35,207.15722587351925,7250.502905573174
183,2023-07-01,Prov Repuestos,SURCO,AMORTIGUADORES POST.,14,100.6092650755327,1408.529711057458
184,2023-07-01,Prov Repuestos,LA MOLINA,AMORTIGUADORES POST.,35,100.6092650755327,3521.3242776436446
185,2023-07-01,Prov Repuestos,SURCO,"LLANTAS 18""",14,48.74579717383051,682.4411604336271
186,2023-07-01,Prov Repuestos,LA MOLINA,"LLANTAS 18""",35,48.74579717383051,1706.102901084068
187,2023-07-01,Prov Repuestos,SURCO,BATERÍA DE 18 PLACAS,14,76.71070110039929,1073.94981540559
188,2023-07-01,Prov Repuestos,LA MOLINA,BATERÍA DE 18 PLACAS,35,76.71070110039929,2684.874538513975
189,2023-07-15,Prov Repuestos,SURCO,ACEITE DE MOTOR 5W30,14,89.94675146507886,1259.2545205111041
190,2023-07-15,Prov Repuestos,LA MOLINA,ACEITE DE MOTOR 5W30,35,89.94675146507886,3148.13630127776
191,2023-07-15,Prov Repuestos,LA MOLINA,FILTRO DE COMBUSTIBLE,14,100.29395915377852,1404.1154281528993
192,2023-07-15,Prov Repuestos,SURCO,AMORTIGUADORES DEL.,14,210.43412750045627,2946.077785006388
193,2023-07-15,Prov Repuestos,LA MOLINA,AMORTIGUADORES DEL.,35,210.43412750045627,7365.1944625159695
194,2023-07-15,Prov Repuestos,SURCO,AMORTIGUADORES POST.,14,97.9362457827136,1371.1074409579903
195,2023-07-15,Prov Repuestos,LA MOLINA,AMORTIGUADORES POST.,35,97.9362457827136,3427.768602394976
196,2023-07-15,Prov Repuestos,SURCO,"LLANTAS 18""",14,66.83225141453647,935.6515198035106
197,2023-07-15,Prov Repuestos,LA MOLINA,"LLANTAS 18""",35,66.83225141453647,2339.1287995087764
198,2023-07-15,Prov Repuestos,SURCO,BATERÍA DE 18 PLACAS,14,76.93255814019679,1077.055813962755
199,2023-07-15,Prov Repuestos,LA MOLINA,BATERÍA DE 18 PLACAS,35,76.93255814019679,2692.6395349068875
200,2023-08-01,Prov Repuestos,SURCO,ACEITE DE MOTOR 5W30,14,89.94675146507886,1259.2545205111041
201,2023-08-01,Prov Repuestos,LA MOLINA,ACEITE DE MOTOR 5W30,35,89.94675146507886,3148.13630127776
202,2023-08-01,Prov Repuestos,LA MOLINA,FILTRO DE COMBUSTIBLE,3,100.29395915377852,300.88187746133553
203,2023-08-01,Prov Repuestos,SURCO,AMORTIGUADORES DEL.,14,210.43412750045627,2946.077785006388
204,2023-08-01,Prov Repuestos,LA MOLINA,AMORTIGUADORES DEL.,35,210.43412750045627,7365.1944625159695
205,2023-08-01,Prov Repuestos,SURCO,AMORTIGUADORES POST.,14,97.9362457827136,1371.1074409579903
206,2023-08-01,Prov Repuestos,LA MOLINA,AMORTIGUADORES POST.,35,97.9362457827136,3427.768602394976
207,2023-08-01,Prov Repuestos,SURCO,"LLANTAS 18""",14,66.83225141453647,935.6515198035106
208,2023-08-01,Prov Repuestos,LA MOLINA,"LLANTAS 18""",35,66.83225141453647,2339.1287995087764
209,2023-08-01,Prov Repuestos,SURCO,BATERÍA DE 18 PLACAS,14,76.93255814019679,1077.055813962755
210,2023-08-01,Prov Repuestos,LA MOLINA,BATERÍA DE 18 PLACAS,35,76.93255814019679,2692.6395349068875
211,2023-08-15,Prov Repuestos,SURCO,ACEITE DE MOTOR 5W30,14,93.06252361664313,1302.8753306330038
212,2023-08-15,Prov Repuestos,LA MOLINA,ACEITE DE MOTOR 5W30,35,93.06252361664313,3257.1883265825095
213,2023-08-15,Prov Repuestos,SURCO,FILTRO DE COMBUSTIBLE,14,86.92714963631136,1216.980094908359
214,2023-08-15,Prov Repuestos,SURCO,AMORTIGUADORES DEL.,14,216.30023643614194,3028.2033101059874
215,2023-08-15,Prov Repuestos,LA MOLINA,AMORTIGUADORES DEL.,35,216.30023643614194,7570.508275264968
216,2023-08-15,Prov Repuestos,SURCO,AMORTIGUADORES POST.,14,105.17909503779202,1472.5073305290884
217,2023-08-15,Prov Repuestos,LA MOLINA,AMORTIGUADORES POST.,35,105.17909503779202,3681.268326322721
218,2023-08-15,Prov Repuestos,SURCO,"LLANTAS 18""",14,73.25963963826617,1025.6349549357262
219,2023-08-15,Prov Repuestos,LA MOLINA,"LLANTAS 18""",35,73.25963963826617,2564.0873873393157
220,2023-08-15,Prov Repuestos,SURCO,BATERÍA DE 18 PLACAS,14,75.95013046667069,1063.3018265333897
221,2023-08-15,Prov Repuestos,LA MOLINA,BATERÍA DE 18 PLACAS,35,75.95013046667069,2658.254566333474
222,2023-09-01,Prov Repuestos,SURCO,ACEITE DE MOTOR 5W30,14,93.06252361664313,1302.8753306330038
223,2023-09-01,Prov Repuestos,LA MOLINA,ACEITE DE MOTOR 5W30,35,93.06252361664313,3257.1883265825095
224,2023-09-01,Prov Repuestos,LA MOLINA,FILTRO DE COMBUSTIBLE,8,86.92714963631136,695.4171970904908
225,2023-09-01,Prov Repuestos,SURCO,AMORTIGUADORES DEL.,14,216.30023643614194,3028.2033101059874
226,2023-09-01,Prov Repuestos,LA MOLINA,AMORTIGUADORES DEL.,35,216.30023643614194,7570.508275264968
227,2023-09-01,Prov Repuestos,SURCO,AMORTIGUADORES POST.,14,105.17909503779202,1472.5073305290884
228,2023-09-01,Prov Repuestos,LA MOLINA,AMORTIGUADORES POST.,35,105.17909503779202,3681.268326322721
229,2023-09-01,Prov Repuestos,SURCO,"LLANTAS 18""",14,73.25963963826617,1025.6349549357262
230,2023-09-01,Prov Repuestos,LA MOLINA,"LLANTAS 18""",35,73.25963963826617,2564.0873873393157
231,2023-09-01,Prov Repuestos,SURCO,BATERÍA DE 18 PLACAS,14,75.95013046667069,1063.3018265333897
232,2023-09-01,Prov Repuestos,LA MOLINA,BATERÍA DE 18 PLACAS,35,75.95013046667069,2658.254566333474
233,2023-09-15,Prov Repuestos,SURCO,ACEITE DE MOTOR 5W30,14,94.44166425937883,1322.1832996313035
234,2023-09-15,Prov Repuestos,LA MOLINA,ACEITE DE MOTOR 5W30,35,94.44166425937883,3305.458249078259
235,2023-09-15,Prov Repuestos,SURCO,AMORTIGUADORES DEL.,14,245.44051340419986,3436.167187658798
236,2023-09-15,Prov Repuestos,LA MOLINA,AMORTIGUADORES DEL.,35,245.44051340419986,8590.417969146994
237,2023-09-15,Prov Repuestos,SURCO,AMORTIGUADORES POST.,14,82.17572115612576,1150.4600961857607
238,2023-09-15,Prov Repuestos,LA MOLINA,AMORTIGUADORES POST.,35,82.17572115612576,2876.1502404644016
239,2023-09-15,Prov Repuestos,SURCO,"LLANTAS 18""",14,71.28951247637463,998.0531746692448
240,2023-09-15,Prov Repuestos,LA MOLINA,"LLANTAS 18""",35,71.28951247637463,2495.132936673112
241,2023-09-15,Prov Repuestos,SURCO,BATERÍA DE 18 PLACAS,14,88.74239309100024,1242.3935032740033
242,2023-09-15,Prov Repuestos,LA MOLINA,BATERÍA DE 18 PLACAS,35,88.74239309100024,3105.9837581850084
243,2023-10-01,Prov Repuestos,SURCO,ACEITE DE MOTOR 5W30,14,94.44166425937883,1322.1832996313035
244,2023-10-01,Prov Repuestos,LA MOLINA,ACEITE DE MOTOR 5W30,35,94.44166425937883,3305.458249078259
245,2023-10-01,Prov Repuestos,SURCO,FILTRO DE COMBUSTIBLE,14,114.53507703597175,1603.4910785036045
246,2023-10-01,Prov Repuestos,SURCO,AMORTIGUADORES DEL.,14,245.44051340419986,3436.167187658798
247,2023-10-01,Prov Repuestos,LA MOLINA,AMORTIGUADORES DEL.,35,245.44051340419986,8590.417969146994
248,2023-10-01,Prov Repuestos,SURCO,AMORTIGUADORES POST.,14,82.17572115612576,1150.4600961857607
249,2023-10-01,Prov Repuestos,LA MOLINA,AMORTIGUADORES POST.,35,82.17572115612576,2876.1502404644016
250,2023-10-01,Prov Repuestos,SURCO,"LLANTAS 18""",14,71.28951247637463,998.0531746692448
251,2023-10-01,Prov Repuestos,LA MOLINA,"LLANTAS 18""",35,71.28951247637463,2495.132936673112
252,2023-10-01,Prov Repuestos,SURCO,BATERÍA DE 18 PLACAS,14,88.74239309100024,1242.3935032740033
253,2023-10-01,Prov Repuestos,LA MOLINA,BATERÍA DE 18 PLACAS,35,88.74239309100024,3105.9837581850084
254,2023-10-15,Prov Repuestos,SURCO,ACEITE DE MOTOR 5W30,14,104.17755455000885,1458.485763700124
255,2023-10-15,Prov Repuestos,LA MOLINA,ACEITE DE MOTOR 5W30,35,104.17755455000885,3646.21440925031
256,2023-10-15,Prov Repuestos,SURCO,AMORTIGUADORES DEL.,14,223.86615807498615,3134.126213049806
257,2023-10-15,Prov Repuestos,LA MOLINA,AMORTIGUADORES DEL.,35,223.86615807498615,7835.315532624515
258,2023-10-15,Prov Repuestos,SURCO,AMORTIGUADORES POST.,14,110.56481213267715,1547.90736985748
259,2023-10-15,Prov Repuestos,LA MOLINA,AMORTIGUADORES POST.,35,110.56481213267715,3869.7684246437
260,2023-10-15,Prov Repuestos,SURCO,"LLANTAS 18""",14,36.75885635336988,514.6239889471783
261,2023-10-15,Prov Repuestos,LA MOLINA,"LLANTAS 18""",35,36.75885635336988,1286.5599723679456
262,2023-10-15,Prov Repuestos,SURCO,BATERÍA DE 18 PLACAS,14,102.32951259124543,1432.613176277436
263,2023-10-15,Prov Repuestos,LA MOLINA,BATERÍA DE 18 PLACAS,35,102.32951259124543,3581.5329406935903
264,2023-11-01,Prov Repuestos,SURCO,ACEITE DE MOTOR 5W30,14,104.17755455000885,1458.485763700124
265,2023-11-01,Prov Repuestos,LA MOLINA,ACEITE DE MOTOR 5W30,35,104.17755455000885,3646.21440925031
266,2023-11-01,Prov Repuestos,SURCO,FILTRO DE COMBUSTIBLE,14,98.92427974319673,1384.9399164047543
267,2023-11-01,Prov Repuestos,SURCO,AMORTIGUADORES DEL.,14,223.86615807498615,3134.126213049806
268,2023-11-01,Prov Repuestos,LA MOLINA,AMORTIGUADORES DEL.,35,223.86615807498615,7835.315532624515
269,2023-11-01,Prov Repuestos,SURCO,AMORTIGUADORES POST.,14,110.56481213267715,1547.90736985748
270,2023-11-01,Prov Repuestos,LA MOLINA,AMORTIGUADORES POST.,35,110.56481213267715,3869.7684246437
271,2023-11-01,Prov Repuestos,SURCO,"LLANTAS 18""",14,36.75885635336988,514.6239889471783
272,2023-11-01,Prov Repuestos,LA MOLINA,"LLANTAS 18""",35,36.75885635336988,1286.5599723679456
273,2023-11-01,Prov Repuestos,SURCO,BATERÍA DE 18 PLACAS,14,102.32951259124543,1432.613176277436
274,2023-11-01,Prov Repuestos,LA MOLINA,BATERÍA DE 18 PLACAS,35,102.32951259124543,3581.5329406935903
275,2023-11-15,Prov Repuestos,SURCO,ACEITE DE MOTOR 5W30,14,101.14519451790876,1416.0327232507227
276,2023-11-15,Prov Repuestos,LA MOLINA,ACEITE DE MOTOR 5W30,35,101.14519451790876,3540.0818081268067
277,2023-11-15,Prov Repuestos,SURCO,FILTRO DE COMBUSTIBLE,2,112.53046044996202,225.06092089992404
278,2023-11-15,Prov Repuestos,SURCO,AMORTIGUADORES DEL.,14,215.904297982605,3022.66017175647
279,2023-11-15,Prov Repuestos,LA MOLINA,AMORTIGUADORES DEL.,35,215.904297982605,7556.650429391175
280,2023-11-15,Prov Repuestos,SURCO,AMORTIGUADORES POST.,14,89.40849011646546,1251.7188616305164
281,2023-11-15,Prov Repuestos,LA MOLINA,AMORTIGUADORES POST.,35,89.40849011646546,3129.297154076291
282,2023-11-15,Prov Repuestos,SURCO,"LLANTAS 18""",14,59.85376196701048,837.9526675381467
283,2023-11-15,Prov Repuestos,LA MOLINA,"LLANTAS 18""",35,59.85376196701048,2094.8816688453667
284,2023-11-15,Prov Repuestos,SURCO,BATERÍA DE 18 PLACAS,14,87.63580147908087,1226.901220707132
285,2023-11-15,Prov Repuestos,LA MOLINA,BATERÍA DE 18 PLACAS,35,87.63580147908087,3067.2530517678306
286,2023-12-01,Prov Repuestos,SURCO,ACEITE DE MOTOR 5W30,14,101.14519451790876,1416.0327232507227
287,2023-12-01,Prov Repuestos,LA MOLINA,ACEITE DE MOTOR 5W30,35,101.14519451790876,3540.0818081268067
288,2023-12-01,Prov Repuestos,SURCO,FILTRO DE COMBUSTIBLE,14,112.53046044996202,1575.4264462994684
289,2023-12-01,Prov Repuestos,SURCO,AMORTIGUADORES DEL.,14,215.904297982605,3022.66017175647
290,2023-12-01,Prov Repuestos,LA MOLINA,AMORTIGUADORES DEL.,35,215.904297982605,7556.650429391175
291,2023-12-01,Prov Repuestos,SURCO,AMORTIGUADORES POST.,14,89.40849011646546,1251.7188616305164
292,2023-12-01,Prov Repuestos,LA MOLINA,AMORTIGUADORES POST.,35,89.40849011646546,3129.297154076291
293,2023-12-01,Prov Repuestos,SURCO,"LLANTAS 18""",14,59.85376196701048,837.9526675381467
294,2023-12-01,Prov Repuestos,LA MOLINA,"LLANTAS 18""",35,59.85376196701048,2094.8816688453667
295,2023-12-01,Prov Repuestos,SURCO,BATERÍA DE 18 PLACAS,14,87.63580147908087,1226.901220707132
296,2023-12-01,Prov Repuestos,LA MOLINA,BATERÍA DE 18 PLACAS,35,87.63580147908087,3067.2530517678306
297,2023-12-15,Prov Repuestos,SURCO,ACEITE DE MOTOR 5W30,14,93.44014844152963,1308.162078181415
298,2023-12-15,Prov Repuestos,LA MOLINA,ACEITE DE MOTOR 5W30,35,93.44014844152963,3270.405195453537
299,2023-12-15,Prov Repuestos,SURCO,FILTRO DE COMBUSTIBLE,5,89.8206265690375,449.1031328451875
300,2023-12-15,Prov Repuestos,SURCO,AMORTIGUADORES DEL.,14,215.62174173721849,3018.7043843210586
301,2023-12-15,Prov Repuestos,LA MOLINA,AMORTIGUADORES DEL.,35,215.62174173721849,7546.760960802647
302,2023-12-15,Prov Repuestos,SURCO,AMORTIGUADORES POST.,14,87.87699812036887,1230.2779736851642
303,2023-12-15,Prov Repuestos,LA MOLINA,AMORTIGUADORES POST.,35,87.87699812036887,3075.6949342129105
304,2023-12-15,Prov Repuestos,SURCO,"LLANTAS 18""",14,53.863595727058666,754.0903401788213
305,2023-12-15,Prov Repuestos,LA MOLINA,"LLANTAS 18""",35,53.863595727058666,1885.2258504470533
306,2023-12-15,Prov Repuestos,SURCO,BATERÍA DE 18 PLACAS,14,90.44118051359138,1266.1765271902793
307,2023-12-15,Prov Repuestos,LA MOLINA,BATERÍA DE 18 PLACAS,35,90.44118051359138,3165.441317975698
308,2024-01-01,Prov Repuestos,SURCO,ACEITE DE MOTOR 5W30,14,93.44014844152963,1308.162078181415
309,2024-01-01,Prov Repuestos,LA MOLINA,ACEITE DE MOTOR 5W30,35,93.44014844152963,3270.405195453537
310,2024-01-01,Prov Repuestos,SURCO,FILTRO DE COMBUSTIBLE,3,89.8206265690375,269.46187970711253
311,2024-01-01,Prov Repuestos,LA MOLINA,FILTRO DE COMBUSTIBLE,30,89.8206265690375,2694.618797071125
312,2024-01-01,Prov Repuestos,SURCO,AMORTIGUADORES DEL.,14,215.62174173721849,3018.7043843210586
313,2024-01-01,Prov Repuestos,LA MOLINA,AMORTIGUADORES DEL.,35,215.62174173721849,7546.760960802647
314,2024-01-01,Prov Repuestos,SURCO,AMORTIGUADORES POST.,14,87.87699812036887,1230.2779736851642
315,2024-01-01,Prov Repuestos,LA MOLINA,AMORTIGUADORES POST.,35,87.87699812036887,3075.6949342129105
316,2024-01-01,Prov Repuestos,SURCO,"LLANTAS 18""",14,53.863595727058666,754.0903401788213
317,2024-01-01,Prov Repuestos,LA MOLINA,"LLANTAS 18""",35,53.863595727058666,1885.2258504470533
318,2024-01-01,Prov Repuestos,SURCO,BATERÍA DE 18 PLACAS,14,90.44118051359138,1266.1765271902793
319,2024-01-01,Prov Repuestos,LA MOLINA,BATERÍA DE 18 PLACAS,35,90.44118051359138,3165.441317975698
320,2024-01-15,Prov Repuestos,SURCO,ACEITE DE MOTOR 5W30,14,106.54515536542442,1491.632175115942
321,2024-01-15,Prov Repuestos,LA MOLINA,ACEITE DE MOTOR 5W30,35,106.54515536542442,3729.080437789855
322,2024-01-15,Prov Repuestos,SURCO,AMORTIGUADORES DEL.,14,204.44908454335803,2862.2871836070126
323,2024-01-15,Prov Repuestos,LA MOLINA,AMORTIGUADORES DEL.,35,204.44908454335803,7155.717959017531
324,2024-01-15,Prov Repuestos,SURCO,AMORTIGUADORES POST.,14,125.0148638728856,1750.2080942203984
325,2024-01-15,Prov Repuestos,LA MOLINA,AMORTIGUADORES POST.,35,125.0148638728856,4375.5202355509955
326,2024-01-15,Prov Repuestos,SURCO,"LLANTAS 18""",14,65.76213077890826,920.6698309047156
327,2024-01-15,Prov Repuestos,LA MOLINA,"LLANTAS 18""",35,65.76213077890826,2301.674577261789
328,2024-01-15,Prov Repuestos,SURCO,BATERÍA DE 18 PLACAS,14,79.39862557405311,1111.5807580367436
329,2024-01-15,Prov Repuestos,LA MOLINA,BATERÍA DE 18 PLACAS,35,79.39862557405311,2778.951895091859
330,2024-02-01,Prov Repuestos,SURCO,ACEITE DE MOTOR 5W30,14,106.54515536542442,1491.632175115942
331,2024-02-01,Prov Repuestos,LA MOLINA,ACEITE DE MOTOR 5W30,35,106.54515536542442,3729.080437789855
332,2024-02-01,Prov Repuestos,SURCO,AMORTIGUADORES DEL.,14,204.44908454335803,2862.2871836070126
333,2024-02-01,Prov Repuestos,LA MOLINA,AMORTIGUADORES DEL.,35,204.44908454335803,7155.717959017531
334,2024-02-01,Prov Repuestos,SURCO,AMORTIGUADORES POST.,14,125.0148638728856,1750.2080942203984
335,2024-02-01,Prov Repuestos,LA MOLINA,AMORTIGUADORES POST.,35,125.0148638728856,4375.5202355509955
336,2024-02-01,Prov Repuestos,SURCO,"LLANTAS 18""",14,65.76213077890826,920.6698309047156
337,2024-02-01,Prov Repuestos,LA MOLINA,"LLANTAS 18""",35,65.76213077890826,2301.674577261789
338,2024-02-01,Prov Repuestos,SURCO,BATERÍA DE 18 PLACAS,14,79.39862557405311,1111.5807580367436
339,2024-02-01,Prov Repuestos,LA MOLINA,BATERÍA DE 18 PLACAS,35,79.39862557405311,2778.951895091859
340,2024-02-15,Prov Repuestos,SURCO,ACEITE DE MOTOR 5W30,14,88.64857087834129,1241.079992296778
341,2024-02-15,Prov Repuestos,LA MOLINA,ACEITE DE MOTOR 5W30,35,88.64857087834129,3102.699980741945
342,2024-02-15,Prov Repuestos,LA MOLINA,FILTRO DE COMBUSTIBLE,21,115.79226561267647,2431.637577866206
343,2024-02-15,Prov Repuestos,SURCO,AMORTIGUADORES DEL.,14,219.9599978639243,3079.43997009494
344,2024-02-15,Prov Repuestos,LA MOLINA,AMORTIGUADORES DEL.,35,219.9599978639243,7698.59992523735
345,2024-02-15,Prov Repuestos,SURCO,AMORTIGUADORES POST.,14,91.04423126868743,1274.619237761624
346,2024-02-15,Prov Repuestos,LA MOLINA,AMORTIGUADORES POST.,35,91.04423126868743,3186.54809440406
347,2024-02-15,Prov Repuestos,SURCO,"LLANTAS 18""",14,56.41215181049722,789.7701253469611
348,2024-02-15,Prov Repuestos,LA MOLINA,"LLANTAS 18""",35,56.41215181049722,1974.4253133674029
349,2024-02-15,Prov Repuestos,SURCO,BATERÍA DE 18 PLACAS,14,87.37364320854837,1223.2310049196772
350,2024-02-15,Prov Repuestos,LA MOLINA,BATERÍA DE 18 PLACAS,35,87.37364320854837,3058.077512299193
351,2024-03-01,Prov Repuestos,SURCO,ACEITE DE MOTOR 5W30,14,88.64857087834129,1241.079992296778
352,2024-03-01,Prov Repuestos,LA MOLINA,ACEITE DE MOTOR 5W30,35,88.64857087834129,3102.699980741945
353,2024-03-01,Prov Repuestos,SURCO,FILTRO DE COMBUSTIBLE,3,115.79226561267647,347.3767968380294
354,2024-03-01,Prov Repuestos,SURCO,AMORTIGUADORES DEL.,14,219.9599978639243,3079.43997009494
355,2024-03-01,Prov Repuestos,LA MOLINA,AMORTIGUADORES DEL.,35,219.9599978639243,7698.59992523735
356,2024-03-01,Prov Repuestos,SURCO,AMORTIGUADORES POST.,14,91.04423126868743,1274.619237761624
357,2024-03-01,Prov Repuestos,LA MOLINA,AMORTIGUADORES POST.,35,91.04423126868743,3186.54809440406
358,2024-03-01,Prov Repuestos,SURCO,"LLANTAS 18""",14,56.41215181049722,789.7701253469611
359,2024-03-01,Prov Repuestos,LA MOLINA,"LLANTAS 18""",35,56.41215181049722,1974.4253133674029
360,2024-03-01,Prov Repuestos,SURCO,BATERÍA DE 18 PLACAS,14,87.37364320854837,1223.2310049196772
361,2024-03-01,Prov Repuestos,LA MOLINA,BATERÍA DE 18 PLACAS,35,87.37364320854837,3058.077512299193
362,2024-03-15,Prov Repuestos,SURCO,ACEITE DE MOTOR 5W30,14,111.81043688609088,1565.3461164052724
363,2024-03-15,Prov Repuestos,LA MOLINA,ACEITE DE MOTOR 5W30,35,111.81043688609088,3913.365291013181
364,2024-03-15,Prov Repuestos,LA MOLINA,FILTRO DE COMBUSTIBLE,35,91.73952642254825,3210.8834247891887
365,2024-03-15,Prov Repuestos,SURCO,AMORTIGUADORES DEL.,14,238.52575697216463,3339.360597610305
366,2024-03-15,Prov Repuestos,LA MOLINA,AMORTIGUADORES DEL.,35,238.52575697216463,8348.401494025762
367,2024-03-15,Prov Repuestos,SURCO,AMORTIGUADORES POST.,14,81.31389896873868,1138.3945855623415
368,2024-03-15,Prov Repuestos,LA MOLINA,AMORTIGUADORES POST.,35,81.31389896873868,2845.9864639058537
369,2024-03-15,Prov Repuestos,SURCO,"LLANTAS 18""",14,57.03753538399835,798.5254953759769
370,2024-03-15,Prov Repuestos,LA MOLINA,"LLANTAS 18""",35,57.03753538399835,1996.3137384399424
371,2024-03-15,Prov Repuestos,SURCO,BATERÍA DE 18 PLACAS,14,113.93836138707557,1595.137059419058
372,2024-03-15,Prov Repuestos,LA MOLINA,BATERÍA DE 18 PLACAS,35,113.93836138707557,3987.8426485476452
373,2024-04-01,Prov Repuestos,SURCO,ACEITE DE MOTOR 5W30,14,111.81043688609088,1565.3461164052724
374,2024-04-01,Prov Repuestos,LA MOLINA,ACEITE DE MOTOR 5W30,35,111.81043688609088,3913.365291013181
375,2024-04-01,Prov Repuestos,SURCO,FILTRO DE COMBUSTIBLE,9,91.73952642254825,825.6557378029343
376,2024-04-01,Prov Repuestos,LA MOLINA,FILTRO DE COMBUSTIBLE,2,91.73952642254825,183.4790528450965
377,2024-04-01,Prov Repuestos,SURCO,AMORTIGUADORES DEL.,14,238.52575697216463,3339.360597610305
378,2024-04-01,Prov Repuestos,LA MOLINA,AMORTIGUADORES DEL.,35,238.52575697216463,8348.401494025762
379,2024-04-01,Prov Repuestos,SURCO,AMORTIGUADORES POST.,14,81.31389896873868,1138.3945855623415
380,2024-04-01,Prov Repuestos,LA MOLINA,AMORTIGUADORES POST.,35,81.31389896873868,2845.9864639058537
381,2024-04-01,Prov Repuestos,SURCO,"LLANTAS 18""",14,57.03753538399835,798.5254953759769
382,2024-04-01,Prov Repuestos,LA MOLINA,"LLANTAS 18""",35,57.03753538399835,1996.3137384399424
383,2024-04-01,Prov Repuestos,SURCO,BATERÍA DE 18 PLACAS,14,113.93836138707557,1595.137059419058
384,2024-04-01,Prov Repuestos,LA MOLINA,BATERÍA DE 18 PLACAS,35,113.93836138707557,3987.8426485476452
385,2024-04-15,Prov Repuestos,SURCO,ACEITE DE MOTOR 5W30,14,81.55570359167423,1141.7798502834391
386,2024-04-15,Prov Repuestos,LA MOLINA,ACEITE DE MOTOR 5W30,35,81.55570359167423,2854.449625708598
387,2024-04-15,Prov Repuestos,LA MOLINA,FILTRO DE COMBUSTIBLE,23,98.33960679933072,2261.8109563846065
388,2024-04-15,Prov Repuestos,SURCO,AMORTIGUADORES DEL.,14,202.67739936742004,2837.4835911438804
389,2024-04-15,Prov Repuestos,LA MOLINA,AMORTIGUADORES DEL.,35,202.67739936742004,7093.708977859701
390,2024-04-15,Prov Repuestos,SURCO,AMORTIGUADORES POST.,14,82.31595677957851,1152.4233949140992
391,2024-04-15,Prov Repuestos,LA MOLINA,AMORTIGUADORES POST.,35,82.31595677957851,2881.058487285248
392,2024-04-15,Prov Repuestos,SURCO,"LLANTAS 18""",14,62.484590031006775,874.7842604340949
393,2024-04-15,Prov Repuestos,LA MOLINA,"LLANTAS 18""",35,62.484590031006775,2186.9606510852373
394,2024-04-15,Prov Repuestos,SURCO,BATERÍA DE 18 PLACAS,14,82.82212100204802,1159.5096940286724
395,2024-04-15,Prov Repuestos,LA MOLINA,BATERÍA DE 18 PLACAS,35,82.82212100204802,2898.774235071681
396,2024-05-01,Prov Repuestos,SURCO,ACEITE DE MOTOR 5W30,14,81.55570359167423,1141.7798502834391
397,2024-05-01,Prov Repuestos,LA MOLINA,ACEITE DE MOTOR 5W30,35,81.55570359167423,2854.449625708598
398,2024-05-01,Prov Repuestos,SURCO,FILTRO DE COMBUSTIBLE,4,98.33960679933072,393.3584271973229
399,2024-05-01,Prov Repuestos,LA MOLINA,FILTRO DE COMBUSTIBLE,7,98.33960679933072,688.3772475953151
400,2024-05-01,Prov Repuestos,SURCO,AMORTIGUADORES DEL.,14,202.67739936742004,2837.4835911438804
401,2024-05-01,Prov Repuestos,LA MOLINA,AMORTIGUADORES DEL.,35,202.67739936742004,7093.708977859701
402,2024-05-01,Prov Repuestos,SURCO,AMORTIGUADORES POST.,14,82.31595677957851,1152.4233949140992
403,2024-05-01,Prov Repuestos,LA MOLINA,AMORTIGUADORES POST.,35,82.31595677957851,2881.058487285248
404,2024-05-01,Prov Repuestos,SURCO,"LLANTAS 18""",14,62.484590031006775,874.7842604340949
405,2024-05-01,Prov Repuestos,LA MOLINA,"LLANTAS 18""",35,62.484590031006775,2186.9606510852373
406,2024-05-01,Prov Repuestos,SURCO,BATERÍA DE 18 PLACAS,14,82.82212100204802,1159.5096940286724
407,2024-05-01,Prov Repuestos,LA MOLINA,BATERÍA DE 18 PLACAS,35,82.82212100204802,2898.774235071681
408,2024-05-15,Prov Repuestos,SURCO,ACEITE DE MOTOR 5W30,14,116.9608490447231,1637.4518866261235
409,2024-05-15,Prov Repuestos,LA MOLINA,ACEITE DE MOTOR 5W30,35,116.9608490447231,4093.6297165653086
410,2024-05-15,Prov Repuestos,SURCO,FILTRO DE COMBUSTIBLE,6,98.83263666302027,592.9958199781216
411,2024-05-15,Prov Repuestos,SURCO,AMORTIGUADORES DEL.,14,228.18580562537284,3194.60127875522
412,2024-05-15,Prov Repuestos,LA MOLINA,AMORTIGUADORES DEL.,35,228.18580562537284,7986.503196888049
413,2024-05-15,Prov Repuestos,SURCO,AMORTIGUADORES POST.,14,111.88198384220628,1566.347773790888
414,2024-05-15,Prov Repuestos,LA MOLINA,AMORTIGUADORES POST.,35,111.88198384220628,3915.86943447722
415,2024-05-15,Prov Repuestos,SURCO,"LLANTAS 18""",14,70.59186640622396,988.2861296871354
416,2024-05-15,Prov Repuestos,LA MOLINA,"LLANTAS 18""",35,70.59186640622396,2470.7153242178383
417,2024-05-15,Prov Repuestos,SURCO,BATERÍA DE 18 PLACAS,14,88.7231147103321,1242.1236059446494
418,2024-05-15,Prov Repuestos,LA MOLINA,BATERÍA DE 18 PLACAS,35,88.7231147103321,3105.3090148616234
419,2024-06-01,Prov Repuestos,SURCO,ACEITE DE MOTOR 5W30,14,116.9608490447231,1637.4518866261235
420,2024-06-01,Prov Repuestos,LA MOLINA,ACEITE DE MOTOR 5W30,35,116.9608490447231,4093.6297165653086
421,2024-06-01,Prov Repuestos,SURCO,FILTRO DE COMBUSTIBLE,4,98.83263666302027,395.33054665208107
422,2024-06-01,Prov Repuestos,LA MOLINA,FILTRO DE COMBUSTIBLE,5,98.83263666302027,494.1631833151013
423,2024-06-01,Prov Repuestos,SURCO,AMORTIGUADORES DEL.,14,228.18580562537284,3194.60127875522
424,2024-06-01,Prov Repuestos,LA MOLINA,AMORTIGUADORES DEL.,35,228.18580562537284,7986.503196888049
425,2024-06-01,Prov Repuestos,SURCO,AMORTIGUADORES POST.,14,111.88198384220628,1566.347773790888
426,2024-06-01,Prov Repuestos,LA MOLINA,AMORTIGUADORES POST.,35,111.88198384220628,3915.86943447722
427,2024-06-01,Prov Repuestos,SURCO,"LLANTAS 18""",14,70.59186640622396,988.2861296871354
428,2024-06-01,Prov Repuestos,LA MOLINA,"LLANTAS 18""",35,70.59186640622396,2470.7153242178383
429,2024-06-01,Prov Repuestos,SURCO,BATERÍA DE 18 PLACAS,14,88.7231147103321,1242.1236059446494
430,2024-06-01,Prov Repuestos,LA MOLINA,BATERÍA DE 18 PLACAS,35,88.7231147103321,3105.3090148616234
431,2024-06-15,Prov Repuestos,SURCO,ACEITE DE MOTOR 5W30,14,98.92990716109519,1385.0187002553325
432,2024-06-15,Prov Repuestos,LA MOLINA,ACEITE DE MOTOR 5W30,35,98.92990716109519,3462.5467506383316
433,2024-06-15,Prov Repuestos,SURCO,FILTRO DE COMBUSTIBLE,14,75.0594481197137,1050.8322736759917
434,2024-06-15,Prov Repuestos,LA MOLINA,FILTRO DE COMBUSTIBLE,35,75.0594481197137,2627.0806841899794
435,2024-06-15,Prov Repuestos,SURCO,AMORTIGUADORES DEL.,14,222.08875158249177,3109.2425221548847
436,2024-06-15,Prov Repuestos,LA MOLINA,AMORTIGUADORES DEL.,35,222.08875158249177,7773.106305387212
437,2024-06-15,Prov Repuestos,SURCO,AMORTIGUADORES POST.,14,68.47749788492126,958.6849703888977
438,2024-06-15,Prov Repuestos,LA MOLINA,AMORTIGUADORES POST.,35,68.47749788492126,2396.712425972244
439,2024-06-15,Prov Repuestos,SURCO,"LLANTAS 18""",14,77.69405385306322,1087.7167539428851
440,2024-06-15,Prov Repuestos,LA MOLINA,"LLANTAS 18""",35,77.69405385306322,2719.2918848572126
441,2024-06-15,Prov Repuestos,SURCO,BATERÍA DE 18 PLACAS,14,85.32722164104764,1194.581102974667
442,2024-06-15,Prov Repuestos,LA MOLINA,BATERÍA DE 18 PLACAS,31,85.32722164104764,2645.143870872477
443,2024-07-01,Prov Repuestos,SURCO,ACEITE DE MOTOR 5W30,14,98.92990716109519,1385.0187002553325
444,2024-07-01,Prov Repuestos,LA MOLINA,ACEITE DE MOTOR 5W30,35,98.92990716109519,3462.5467506383316
445,2024-07-01,Prov Repuestos,LA MOLINA,FILTRO DE COMBUSTIBLE,1,75.0594481197137,75.0594481197137
446,2024-07-01,Prov Repuestos,SURCO,AMORTIGUADORES DEL.,14,222.08875158249177,3109.2425221548847
447,2024-07-01,Prov Repuestos,LA MOLINA,AMORTIGUADORES DEL.,35,222.08875158249177,7773.106305387212
448,2024-07-01,Prov Repuestos,SURCO,AMORTIGUADORES POST.,14,68.47749788492126,958.6849703888977
449,2024-07-01,Prov Repuestos,LA MOLINA,AMORTIGUADORES POST.,35,68.47749788492126,2396.712425972244
450,2024-07-01,Prov Repuestos,SURCO,"LLANTAS 18""",14,77.69405385306322,1087.7167539428851
451,2024-07-01,Prov Repuestos,LA MOLINA,"LLANTAS 18""",35,77.69405385306322,2719.2918848572126
452,2024-07-01,Prov Repuestos,SURCO,BATERÍA DE 18 PLACAS,14,85.32722164104764,1194.581102974667
453,2024-07-01,Prov Repuestos,LA MOLINA,BATERÍA DE 18 PLACAS,35,85.32722164104764,2986.4527574366675
454,2024-07-15,Prov Repuestos,SURCO,ACEITE DE MOTOR 5W30,14,85.09253742002792,1191.2955238803909
455,2024-07-15,Prov Repuestos,LA MOLINA,ACEITE DE MOTOR 5W30,35,85.09253742002792,2978.2388097009775
456,2024-07-15,Prov Repuestos,LA MOLINA,FILTRO DE COMBUSTIBLE,1,97.59277445082445,97.59277445082445
457,2024-07-15,Prov Repuestos,SURCO,AMORTIGUADORES DEL.,14,227.3767277160442,3183.274188024619
458,2024-07-15,Prov Repuestos,LA MOLINA,AMORTIGUADORES DEL.,35,227.3767277160442,7958.185470061547
459,2024-07-15,Prov Repuestos,SURCO,AMORTIGUADORES POST.,14,92.2205295953053,1291.0874143342742
460,2024-07-15,Prov Repuestos,LA MOLINA,AMORTIGUADORES POST.,35,92.2205295953053,3227.718535835685
461,2024-07-15,Prov Repuestos,SURCO,"LLANTAS 18""",14,67.79146904873166,949.0805666822432
462,2024-07-15,Prov Repuestos,LA MOLINA,"LLANTAS 18""",35,67.79146904873166,2372.701416705608
463,2024-07-15,Prov Repuestos,SURCO,BATERÍA DE 18 PLACAS,14,73.36729450922174,1027.1421231291042
464,2024-07-15,Prov Repuestos,LA MOLINA,BATERÍA DE 18 PLACAS,35,73.36729450922174,2567.8553078227606
465,2024-08-01,Prov Repuestos,SURCO,ACEITE DE MOTOR 5W30,14,85.09253742002792,1191.2955238803909
466,2024-08-01,Prov Repuestos,LA MOLINA,ACEITE DE MOTOR 5W30,35,85.09253742002792,2978.2388097009775
467,2024-08-01,Prov Repuestos,SURCO,FILTRO DE COMBUSTIBLE,11,97.59277445082445,1073.520518959069
468,2024-08-01,Prov Repuestos,SURCO,AMORTIGUADORES DEL.,14,227.3767277160442,3183.274188024619
469,2024-08-01,Prov Repuestos,LA MOLINA,AMORTIGUADORES DEL.,35,227.3767277160442,7958.185470061547
470,2024-08-01,Prov Repuestos,SURCO,AMORTIGUADORES POST.,14,92.2205295953053,1291.0874143342742
471,2024-08-01,Prov Repuestos,LA MOLINA,AMORTIGUADORES POST.,35,92.2205295953053,3227.718535835685
472,2024-08-01,Prov Repuestos,SURCO,"LLANTAS 18""",14,67.79146904873166,949.0805666822432
473,2024-08-01,Prov Repuestos,LA MOLINA,"LLANTAS 18""",35,67.79146904873166,2372.701416705608
474,2024-08-01,Prov Repuestos,SURCO,BATERÍA DE 18 PLACAS,14,73.36729450922174,1027.1421231291042
475,2024-08-01,Prov Repuestos,LA MOLINA,BATERÍA DE 18 PLACAS,35,73.36729450922174,2567.8553078227606
476,2024-08-15,Prov Repuestos,SURCO,ACEITE DE MOTOR 5W30,14,108.00727555264005,1512.1018577369607
477,2024-08-15,Prov Repuestos,LA MOLINA,ACEITE DE MOTOR 5W30,35,108.00727555264005,3780.2546443424017
478,2024-08-15,Prov Repuestos,SURCO,FILTRO DE COMBUSTIBLE,3,104.24132245786195,312.7239673735859
479,2024-08-15,Prov Repuestos,LA MOLINA,FILTRO DE COMBUSTIBLE,11,104.24132245786195,1146.6545470364815
480,2024-08-15,Prov Repuestos,SURCO,AMORTIGUADORES DEL.,14,226.37621165342685,3169.2669631479757
481,2024-08-15,Prov Repuestos,LA MOLINA,AMORTIGUADORES DEL.,35,226.37621165342685,7923.16740786994
482,2024-08-15,Prov Repuestos,SURCO,AMORTIGUADORES POST.,14,81.44395352128433,1140.2153492979805
483,2024-08-15,Prov Repuestos,LA MOLINA,AMORTIGUADORES POST.,35,81.44395352128433,2850.5383732449513
484,2024-08-15,Prov Repuestos,SURCO,"LLANTAS 18""",14,50.25283214578266,703.5396500409572
485,2024-08-15,Prov Repuestos,LA MOLINA,"LLANTAS 18""",35,50.25283214578266,1758.8491251023931
486,2024-08-15,Prov Repuestos,SURCO,BATERÍA DE 18 PLACAS,14,90.87579681621378,1272.261155426993
487,2024-08-15,Prov Repuestos,LA MOLINA,BATERÍA DE 18 PLACAS,35,90.87579681621378,3180.6528885674825
488,2024-09-01,Prov Repuestos,SURCO,ACEITE DE MOTOR 5W30,14,108.00727555264005,1512.1018577369607
489,2024-09-01,Prov Repuestos,LA MOLINA,ACEITE DE MOTOR 5W30,35,108.00727555264005,3780.2546443424017
490,2024-09-01,Prov Repuestos,SURCO,FILTRO DE COMBUSTIBLE,3,104.24132245786195,312.7239673735859
491,2024-09-01,Prov Repuestos,SURCO,AMORTIGUADORES DEL.,14,226.37621165342685,3169.2669631479757
492,2024-09-01,Prov Repuestos,LA MOLINA,AMORTIGUADORES DEL.,35,226.37621165342685,7923.16740786994
493,2024-09-01,Prov Repuestos,SURCO,AMORTIGUADORES POST.,14,81.44395352128433,1140.2153492979805
494,2024-09-01,Prov Repuestos,LA MOLINA,AMORTIGUADORES POST.,35,81.44395352128433,2850.5383732449513
495,2024-09-01,Prov Repuestos,SURCO,"LLANTAS 18""",14,50.25283214578266,703.5396500409572
496,2024-09-01,Prov Repuestos,LA MOLINA,"LLANTAS 18""",35,50.25283214578266,1758.8491251023931
497,2024-09-01,Prov Repuestos,SURCO,BATERÍA DE 18 PLACAS,14,90.87579681621378,1272.261155426993
498,2024-09-01,Prov Repuestos,LA MOLINA,BATERÍA DE 18 PLACAS,35,90.87579681621378,3180.6528885674825
499,2024-09-15,Prov Repuestos,SURCO,ACEITE DE MOTOR 5W30,14,100.28854875974501,1404.0396826364301
500,2024-09-15,Prov Repuestos,LA MOLINA,ACEITE DE MOTOR 5W30,35,100.28854875974501,3510.0992065910755
501,2024-09-15,Prov Repuestos,SURCO,FILTRO DE COMBUSTIBLE,10,86.40476602677626,864.0476602677626
502,2024-09-15,Prov Repuestos,SURCO,AMORTIGUADORES DEL.,14,215.77450257849367,3020.8430360989114
503,2024-09-15,Prov Repuestos,LA MOLINA,AMORTIGUADORES DEL.,35,215.77450257849367,7552.1075902472785
504,2024-09-15,Prov Repuestos,SURCO,AMORTIGUADORES POST.,14,92.50211921194148,1295.0296689671807
505,2024-09-15,Prov Repuestos,LA MOLINA,AMORTIGUADORES POST.,35,92.50211921194148,3237.5741724179516
506,2024-09-15,Prov Repuestos,SURCO,"LLANTAS 18""",14,72.54017772330802,1015.5624881263122
507,2024-09-15,Prov Repuestos,LA MOLINA,"LLANTAS 18""",35,72.54017772330802,2538.9062203157805
508,2024-09-15,Prov Repuestos,SURCO,BATERÍA DE 18 PLACAS,14,88.15910122774851,1234.2274171884792
509,2024-09-15,Prov Repuestos,LA MOLINA,BATERÍA DE 18 PLACAS,35,88.15910122774851,3085.568542971198
510,2024-10-01,Prov Repuestos,SURCO,ACEITE DE MOTOR 5W30,14,100.28854875974501,1404.0396826364301
511,2024-10-01,Prov Repuestos,LA MOLINA,ACEITE DE MOTOR 5W30,35,100.28854875974501,3510.0992065910755
512,2024-10-01,Prov Repuestos,LA MOLINA,FILTRO DE COMBUSTIBLE,35,86.40476602677626,3024.166810937169
513,2024-10-01,Prov Repuestos,SURCO,AMORTIGUADORES DEL.,14,215.77450257849367,3020.8430360989114
514,2024-10-01,Prov Repuestos,LA MOLINA,AMORTIGUADORES DEL.,35,215.77450257849367,7552.1075902472785
515,2024-10-01,Prov Repuestos,SURCO,AMORTIGUADORES POST.,14,92.50211921194148,1295.0296689671807
516,2024-10-01,Prov Repuestos,LA MOLINA,AMORTIGUADORES POST.,35,92.50211921194148,3237.5741724179516
517,2024-10-01,Prov Repuestos,SURCO,"LLANTAS 18""",14,72.54017772330802,1015.5624881263122
518,2024-10-01,Prov Repuestos,LA MOLINA,"LLANTAS 18""",35,72.54017772330802,2538.9062203157805
519,2024-10-01,Prov Repuestos,SURCO,BATERÍA DE 18 PLACAS,14,88.15910122774851,1234.2274171884792
520,2024-10-01,Prov Repuestos,LA MOLINA,BATERÍA DE 18 PLACAS,35,88.15910122774851,3085.568542971198
521,2024-10-15,Prov Repuestos,SURCO,ACEITE DE MOTOR 5W30,14,106.50916915076195,1491.1283681106672
522,2024-10-15,Prov Repuestos,LA MOLINA,ACEITE DE MOTOR 5W30,35,106.50916915076195,3727.8209202766684
523,2024-10-15,Prov Repuestos,LA MOLINA,FILTRO DE COMBUSTIBLE,35,106.83857012249592,3739.3499542873574
524,2024-10-15,Prov Repuestos,SURCO,AMORTIGUADORES DEL.,14,229.7547371727821,3216.566320418949
525,2024-10-15,Prov Repuestos,LA MOLINA,AMORTIGUADORES DEL.,35,229.7547371727821,8041.415801047373
526,2024-10-15,Prov Repuestos,SURCO,AMORTIGUADORES POST.,14,97.49077975575139,1364.8709165805194
527,2024-10-15,Prov Repuestos,LA MOLINA,AMORTIGUADORES POST.,35,97.49077975575139,3412.1772914512985
528,2024-10-15,Prov Repuestos,SURCO,"LLANTAS 18""",14,52.16346166262158,730.2884632767021
529,2024-10-15,Prov Repuestos,LA MOLINA,"LLANTAS 18""",35,52.16346166262158,1825.7211581917552
530,2024-10-15,Prov Repuestos,SURCO,BATERÍA DE 18 PLACAS,14,73.07688729642103,1023.0764221498945
531,2024-10-15,Prov Repuestos,LA MOLINA,BATERÍA DE 18 PLACAS,35,73.07688729642103,2557.691055374736
532,2024-11-01,Prov Repuestos,SURCO,ACEITE DE MOTOR 5W30,14,106.50916915076195,1491.1283681106672
533,2024-11-01,Prov Repuestos,LA MOLINA,ACEITE DE MOTOR 5W30,35,106.50916915076195,3727.8209202766684
534,2024-11-01,Prov Repuestos,LA MOLINA,FILTRO DE COMBUSTIBLE,35,106.83857012249592,3739.3499542873574
535,2024-11-01,Prov Repuestos,SURCO,AMORTIGUADORES DEL.,14,229.7547371727821,3216.566320418949
536,2024-11-01,Prov Repuestos,LA MOLINA,AMORTIGUADORES DEL.,35,229.7547371727821,8041.415801047373
537,2024-11-01,Prov Repuestos,SURCO,AMORTIGUADORES POST.,14,97.49077975575139,1364.8709165805194
538,2024-11-01,Prov Repuestos,LA MOLINA,AMORTIGUADORES POST.,35,97.49077975575139,3412.1772914512985
539,2024-11-01,Prov Repuestos,SURCO,"LLANTAS 18""",14,52.16346166262158,730.2884632767021
540,2024-11-01,Prov Repuestos,LA MOLINA,"LLANTAS 18""",35,52.16346166262158,1825.7211581917552
541,2024-11-01,Prov Repuestos,SURCO,BATERÍA DE 18 PLACAS,14,73.07688729642103,1023.0764221498945
542,2024-11-01,Prov Repuestos,LA MOLINA,BATERÍA DE 18 PLACAS,35,73.07688729642103,2557.691055374736
543,2024-11-15,Prov Repuestos,SURCO,ACEITE DE MOTOR 5W30,14,107.56186419567375,1505.8660987394326
544,2024-11-15,Prov Repuestos,LA MOLINA,ACEITE DE MOTOR 5W30,35,107.56186419567375,3764.6652468485813
545,2024-11-15,Prov Repuestos,SURCO,AMORTIGUADORES DEL.,14,218.47941468351053,3058.711805569147
546,2024-11-15,Prov Repuestos,LA MOLINA,AMORTIGUADORES DEL.,35,218.47941468351053,7646.779513922868
547,2024-11-15,Prov Repuestos,SURCO,AMORTIGUADORES POST.,14,90.97004121723783,1273.5805770413297
548,2024-11-15,Prov Repuestos,LA MOLINA,AMORTIGUADORES POST.,35,90.97004121723783,3183.9514426033243
549,2024-11-15,Prov Repuestos,SURCO,"LLANTAS 18""",14,51.77257315919161,724.8160242286825
550,2024-11-15,Prov Repuestos,LA MOLINA,"LLANTAS 18""",35,51.77257315919161,1812.0400605717064
551,2024-11-15,Prov Repuestos,SURCO,BATERÍA DE 18 PLACAS,14,84.11887081770789,1177.6641914479105
552,2024-11-15,Prov Repuestos,LA MOLINA,BATERÍA DE 18 PLACAS,35,84.11887081770789,2944.160478619776
553,2024-12-01,Prov Repuestos,SURCO,ACEITE DE MOTOR 5W30,14,107.56186419567375,1505.8660987394326
554,2024-12-01,Prov Repuestos,LA MOLINA,ACEITE DE MOTOR 5W30,35,107.56186419567375,3764.6652468485813
555,2024-12-01,Prov Repuestos,SURCO,FILTRO DE COMBUSTIBLE,14,102.4174655748464,1433.8445180478498
556,2024-12-01,Prov Repuestos,LA MOLINA,FILTRO DE COMBUSTIBLE,13,102.4174655748464,1331.4270524730032
557,2024-12-01,Prov Repuestos,SURCO,AMORTIGUADORES DEL.,14,218.47941468351053,3058.711805569147
558,2024-12-01,Prov Repuestos,LA MOLINA,AMORTIGUADORES DEL.,35,218.47941468351053,7646.779513922868
559,2024-12-01,Prov Repuestos,SURCO,AMORTIGUADORES POST.,14,90.97004121723783,1273.5805770413297
560,2024-12-01,Prov Repuestos,LA MOLINA,AMORTIGUADORES POST.,35,90.97004121723783,3183.9514426033243
561,2024-12-01,Prov Repuestos,SURCO,"LLANTAS 18""",14,51.77257315919161,724.8160242286825
562,2024-12-01,Prov Repuestos,LA MOLINA,"LLANTAS 18""",35,51.77257315919161,1812.0400605717064
563,2024-12-01,Prov Repuestos,SURCO,BATERÍA DE 18 PLACAS,14,84.11887081770789,1177.6641914479105
564,2024-12-01,Prov Repuestos,LA MOLINA,BATERÍA DE 18 PLACAS,35,84.11887081770789,2944.160478619776
565,2024-12-15,Prov Repuestos,SURCO,ACEITE DE MOTOR 5W30,14,98.17238842072523,1374.413437890153
566,2024-12-15,Prov Repuestos,LA MOLINA,ACEITE DE MOTOR 5W30,35,98.17238842072523,3436.033594725383
567,2024-12-15,Prov Repuestos,LA MOLINA,FILTRO DE COMBUSTIBLE,29,86.25860235792334,2501.4994683797768
568,2024-12-15,Prov Repuestos,SURCO,AMORTIGUADORES DEL.,14,211.3669504725533,2959.137306615746
569,2024-12-15,Prov Repuestos,LA MOLINA,AMORTIGUADORES DEL.,35,211.3669504725533,7397.843266539366
570,2024-12-15,Prov Repuestos,SURCO,AMORTIGUADORES POST.,14,89.15126497171893,1248.117709604065
571,2024-12-15,Prov Repuestos,LA MOLINA,AMORTIGUADORES POST.,35,89.15126497171893,3120.2942740101626
572,2024-12-15,Prov Repuestos,SURCO,"LLANTAS 18""",14,58.35518210672549,816.972549494157
573,2024-12-15,Prov Repuestos,LA MOLINA,"LLANTAS 18""",35,58.35518210672549,2042.4313737353923
574,2024-12-15,Prov Repuestos,SURCO,BATERÍA DE 18 PLACAS,14,91.37969343622446,1279.3157081071424
575,2024-12-15,Prov Repuestos,LA MOLINA,BATERÍA DE 18 PLACAS,35,91.37969343622446,3198.289270267856
576,2025-01-01,Prov Repuestos,SURCO,ACEITE DE MOTOR 5W30,14,98.17238842072523,1374.413437890153
577,2025-01-01,Prov Repuestos,LA MOLINA,ACEITE DE MOTOR 5W30,35,98.17238842072523,3436.033594725383
578,2025-01-01,Prov Repuestos,SURCO,FILTRO DE COMBUSTIBLE,3,86.25860235792334,258.77580707377
579,2025-01-01,Prov Repuestos,SURCO,AMORTIGUADORES DEL.,14,211.3669504725533,2959.137306615746
580,2025-01-01,Prov Repuestos,LA MOLINA,AMORTIGUADORES DEL.,35,211.3669504725533,7397.843266539366
581,2025-01-01,Prov Repuestos,SURCO,AMORTIGUADORES POST.,14,89.15126497171893,1248.117709604065
582,2025-01-01,Prov Repuestos,LA MOLINA,AMORTIGUADORES POST.,35,89.15126497171893,3120.2942740101626
583,2025-01-01,Prov Repuestos,SURCO,"LLANTAS 18""",14,58.35518210672549,816.972549494157
584,2025-01-01,Prov Repuestos,LA MOLINA,"LLANTAS 18""",35,58.35518210672549,2042.4313737353923
585,2025-01-01,Prov Repuestos,SURCO,BATERÍA DE 18 PLACAS,14,91.37969343622446,1279.3157081071424
586,2025-01-01,Prov Repuestos,LA MOLINA,BATERÍA DE 18 PLACAS,35,91.37969343622446,3198.289270267856
587,2025-01-15,Prov Repuestos,SURCO,ACEITE DE MOTOR 5W30,14,96.08137511675697,1345.1392516345977
588,2025-01-15,Prov Repuestos,LA MOLINA,ACEITE DE MOTOR 5W30,35,96.08137511675697,3362.8481290864943
589,2025-01-15,Prov Repuestos,SURCO,FILTRO DE COMBUSTIBLE,14,105.32721557744279,1474.581018084199
590,2025-01-15,Prov Repuestos,SURCO,AMORTIGUADORES DEL.,14,215.4502691008954,3016.3037674125358
591,2025-01-15,Prov Repuestos,LA MOLINA,AMORTIGUADORES DEL.,35,215.4502691008954,7540.759418531339
592,2025-01-15,Prov Repuestos,SURCO,AMORTIGUADORES POST.,14,78.71339025688124,1101.9874635963374
593,2025-01-15,Prov Repuestos,LA MOLINA,AMORTIGUADORES POST.,35,78.71339025688124,2754.9686589908433
594,2025-01-15,Prov Repuestos,SURCO,"LLANTAS 18""",14,75.0036657283348,1050.0513201966871
595,2025-01-15,Prov Repuestos,LA MOLINA,"LLANTAS 18""",35,75.0036657283348,2625.1283004917177
596,2025-01-15,Prov Repuestos,SURCO,BATERÍA DE 18 PLACAS,14,82.3821599971299,1153.3502399598187
597,2025-01-15,Prov Repuestos,LA MOLINA,BATERÍA DE 18 PLACAS,35,82.3821599971299,2883.3755998995466
598,2025-02-01,Prov Repuestos,SURCO,ACEITE DE MOTOR 5W30,14,96.08137511675697,1345.1392516345977
599,2025-02-01,Prov Repuestos,LA MOLINA,ACEITE DE MOTOR 5W30,35,96.08137511675697,3362.8481290864943
600,2025-02-01,Prov Repuestos,SURCO,AMORTIGUADORES DEL.,14,215.4502691008954,3016.3037674125358
601,2025-02-01,Prov Repuestos,LA MOLINA,AMORTIGUADORES DEL.,35,215.4502691008954,7540.759418531339
602,2025-02-01,Prov Repuestos,SURCO,AMORTIGUADORES POST.,14,78.71339025688124,1101.9874635963374
603,2025-02-01,Prov Repuestos,LA MOLINA,AMORTIGUADORES POST.,35,78.71339025688124,2754.9686589908433
604,2025-02-01,Prov Repuestos,SURCO,"LLANTAS 18""",14,75.0036657283348,1050.0513201966871
605,2025-02-01,Prov Repuestos,LA MOLINA,"LLANTAS 18""",35,75.0036657283348,2625.1283004917177
606,2025-02-01,Prov Repuestos,SURCO,BATERÍA DE 18 PLACAS,14,82.3821599971299,1153.3502399598187
607,2025-02-01,Prov Repuestos,LA MOLINA,BATERÍA DE 18 PLACAS,35,82.3821599971299,2883.3755998995466
608,2025-02-15,Prov Repuestos,SURCO,ACEITE DE MOTOR 5W30,14,105.00735457602269,1470.1029640643178
609,2025-02-15,Prov Repuestos,LA MOLINA,ACEITE DE MOTOR 5W30,35,105.00735457602269,3675.2574101607943
610,2025-02-15,Prov Repuestos,SURCO,FILTRO DE COMBUSTIBLE,10,96.48851763691789,964.8851763691789
611,2025-02-15,Prov Repuestos,LA MOLINA,FILTRO DE COMBUSTIBLE,35,96.48851763691789,3377.098117292126
612,2025-02-15,Prov Repuestos,SURCO,AMORTIGUADORES DEL.,14,214.45922084538535,3002.429091835395
613,2025-02-15,Prov Repuestos,LA MOLINA,AMORTIGUADORES DEL.,35,214.45922084538535,7506.072729588487
614,2025-02-15,Prov Repuestos,SURCO,AMORTIGUADORES POST.,14,100.57034225226117,1407.9847915316564
615,2025-02-15,Prov Repuestos,LA MOLINA,AMORTIGUADORES POST.,35,100.57034225226117,3519.961978829141
616,2025-02-15,Prov Repuestos,SURCO,"LLANTAS 18""",14,59.14870025592629,828.0818035829681
617,2025-02-15,Prov Repuestos,LA MOLINA,"LLANTAS 18""",35,59.14870025592629,2070.2045089574203
618,2025-02-15,Prov Repuestos,SURCO,BATERÍA DE 18 PLACAS,14,70.14325130861626,982.0055183206276
619,2025-02-15,Prov Repuestos,LA MOLINA,BATERÍA DE 18 PLACAS,35,70.14325130861626,2455.013795801569
620,2025-03-01,Prov Repuestos,SURCO,ACEITE DE MOTOR 5W30,14,105.00735457602269,1470.1029640643178
621,2025-03-01,Prov Repuestos,LA MOLINA,ACEITE DE MOTOR 5W30,35,105.00735457602269,3675.2574101607943
622,2025-03-01,Prov Repuestos,SURCO,FILTRO DE COMBUSTIBLE,7,96.48851763691789,675.4196234584252
623,2025-03-01,Prov Repuestos,SURCO,AMORTIGUADORES DEL.,14,214.45922084538535,3002.429091835395
624,2025-03-01,Prov Repuestos,LA MOLINA,AMORTIGUADORES DEL.,35,214.45922084538535,7506.072729588487
625,2025-03-01,Prov Repuestos,SURCO,AMORTIGUADORES POST.,14,100.57034225226117,1407.9847915316564
626,2025-03-01,Prov Repuestos,LA MOLINA,AMORTIGUADORES POST.,35,100.57034225226117,3519.961978829141
627,2025-03-01,Prov Repuestos,SURCO,"LLANTAS 18""",14,59.14870025592629,828.0818035829681
628,2025-03-01,Prov Repuestos,LA MOLINA,"LLANTAS 18""",35,59.14870025592629,2070.2045089574203
629,2025-03-01,Prov Repuestos,SURCO,BATERÍA DE 18 PLACAS,14,70.14325130861626,982.0055183206276
630,2025-03-01,Prov Repuestos,LA MOLINA,BATERÍA DE 18 PLACAS,35,70.14325130861626,2455.013795801569
631,2025-03-15,Prov Repuestos,SURCO,ACEITE DE MOTOR 5W30,14,74.6949293961322,1045.7290115458507
632,2025-03-15,Prov Repuestos,LA MOLINA,ACEITE DE MOTOR 5W30,35,74.6949293961322,2614.3225288646267
633,2025-03-15,Prov Repuestos,SURCO,FILTRO DE COMBUSTIBLE,14,85.45813636721516,1196.4139091410123
634,2025-03-15,Prov Repuestos,LA MOLINA,FILTRO DE COMBUSTIBLE,4,85.45813636721516,341.83254546886064
635,2025-03-15,Prov Repuestos,SURCO,AMORTIGUADORES DEL.,14,217.63312430104259,3046.863740214596
636,2025-03-15,Prov Repuestos,LA MOLINA,AMORTIGUADORES DEL.,35,217.63312430104259,7617.159350536491
637,2025-03-15,Prov Repuestos,SURCO,AMORTIGUADORES POST.,14,80.85914377027795,1132.0280127838914
638,2025-03-15,Prov Repuestos,LA MOLINA,AMORTIGUADORES POST.,35,80.85914377027795,2830.0700319597286
639,2025-03-15,Prov Repuestos,SURCO,"LLANTAS 18""",14,56.92746801107215,796.9845521550101
640,2025-03-15,Prov Repuestos,LA MOLINA,"LLANTAS 18""",35,56.92746801107215,1992.4613803875252
641,2025-03-15,Prov Repuestos,SURCO,BATERÍA DE 18 PLACAS,14,79.09821288472128,1107.3749803860978
642,2025-03-15,Prov Repuestos,LA MOLINA,BATERÍA DE 18 PLACAS,35,79.09821288472128,2768.437450965245
643,2025-04-01,Prov Repuestos,SURCO,ACEITE DE MOTOR 5W30,14,74.6949293961322,1045.7290115458507
644,2025-04-01,Prov Repuestos,LA MOLINA,ACEITE DE MOTOR 5W30,35,74.6949293961322,2614.3225288646267
645,2025-04-01,Prov Repuestos,SURCO,AMORTIGUADORES DEL.,14,217.63312430104259,3046.863740214596
646,2025-04-01,Prov Repuestos,LA MOLINA,AMORTIGUADORES DEL.,35,217.63312430104259,7617.159350536491
647,2025-04-01,Prov Repuestos,SURCO,AMORTIGUADORES POST.,14,80.85914377027795,1132.0280127838914
648,2025-04-01,Prov Repuestos,LA MOLINA,AMORTIGUADORES POST.,35,80.85914377027795,2830.0700319597286
649,2025-04-01,Prov Repuestos,SURCO,"LLANTAS 18""",14,56.92746801107215,796.9845521550101
650,2025-04-01,Prov Repuestos,LA MOLINA,"LLANTAS 18""",35,56.92746801107215,1992.4613803875252
651,2025-04-01,Prov Repuestos,SURCO,BATERÍA DE 18 PLACAS,14,79.09821288472128,1107.3749803860978
652,2025-04-01,Prov Repuestos,LA MOLINA,BATERÍA DE 18 PLACAS,35,79.09821288472128,2768.437450965245
653,2025-04-15,Prov Repuestos,SURCO,ACEITE DE MOTOR 5W30,14,89.53740911447889,1253.5237276027044
654,2025-04-15,Prov Repuestos,LA MOLINA,ACEITE DE MOTOR 5W30,35,89.53740911447889,3133.809319006761
655,2025-04-15,Prov Repuestos,LA MOLINA,FILTRO DE COMBUSTIBLE,13,104.54280891867649,1359.0565159427942
656,2025-04-15,Prov Repuestos,SURCO,AMORTIGUADORES DEL.,14,241.99878801919283,3387.9830322686994
657,2025-04-15,Prov Repuestos,LA MOLINA,AMORTIGUADORES DEL.,35,241.99878801919283,8469.95758067175
658,2025-04-15,Prov Repuestos,SURCO,AMORTIGUADORES POST.,14,87.38905356177095,1223.4467498647932
659,2025-04-15,Prov Repuestos,LA MOLINA,AMORTIGUADORES POST.,35,87.38905356177095,3058.6168746619833
660,2025-04-15,Prov Repuestos,SURCO,"LLANTAS 18""",14,61.270193937275316,857.7827151218544
661,2025-04-15,Prov Repuestos,LA MOLINA,"LLANTAS 18""",35,61.270193937275316,2144.456787804636
662,2025-04-15,Prov Repuestos,SURCO,BATERÍA DE 18 PLACAS,14,87.16005350440604,1220.2407490616845
663,2025-04-15,Prov Repuestos,LA MOLINA,BATERÍA DE 18 PLACAS,35,87.16005350440604,3050.601872654211
664,2025-05-01,Prov Repuestos,SURCO,ACEITE DE MOTOR 5W30,14,89.53740911447889,1253.5237276027044
665,2025-05-01,Prov Repuestos,LA MOLINA,ACEITE DE MOTOR 5W30,35,89.53740911447889,3133.809319006761
666,2025-05-01,Prov Repuestos,LA MOLINA,FILTRO DE COMBUSTIBLE,8,104.54280891867649,836.3424713494119
667,2025-05-01,Prov Repuestos,SURCO,AMORTIGUADORES DEL.,14,241.99878801919283,3387.9830322686994
668,2025-05-01,Prov Repuestos,LA MOLINA,AMORTIGUADORES DEL.,35,241.99878801919283,8469.95758067175
669,2025-05-01,Prov Repuestos,SURCO,AMORTIGUADORES POST.,14,87.38905356177095,1223.4467498647932
670,2025-05-01,Prov Repuestos,LA MOLINA,AMORTIGUADORES POST.,35,87.38905356177095,3058.6168746619833
671,2025-05-01,Prov Repuestos,SURCO,"LLANTAS 18""",14,61.270193937275316,857.7827151218544
672,2025-05-01,Prov Repuestos,LA MOLINA,"LLANTAS 18""",35,61.270193937275316,2144.456787804636
673,2025-05-01,Prov Repuestos,SURCO,BATERÍA DE 18 PLACAS,14,87.16005350440604,1220.2407490616845
674,2025-05-01,Prov Repuestos,LA MOLINA,BATERÍA DE 18 PLACAS,35,87.16005350440604,3050.601872654211
675,2025-05-15,Prov Repuestos,SURCO,ACEITE DE MOTOR 5W30,14,79.87581477738647,1118.2614068834105
676,2025-05-15,Prov Repuestos,LA MOLINA,ACEITE DE MOTOR 5W30,35,79.87581477738647,2795.6535172085264
677,2025-05-15,Prov Repuestos,SURCO,AMORTIGUADORES DEL.,14,227.3743177611351,3183.2404486558917
678,2025-05-15,Prov Repuestos,LA MOLINA,AMORTIGUADORES DEL.,35,227.3743177611351,7958.101121639728
679,2025-05-15,Prov Repuestos,SURCO,AMORTIGUADORES POST.,14,101.00765785871562,1414.1072100220185
680,2025-05-15,Prov Repuestos,LA MOLINA,AMORTIGUADORES POST.,35,101.00765785871562,3535.2680250550466
681,2025-05-15,Prov Repuestos,SURCO,"LLANTAS 18""",14,73.30835271256433,1026.3169379759006
682,2025-05-15,Prov Repuestos,LA MOLINA,"LLANTAS 18""",35,73.30835271256433,2565.7923449397513
683,2025-05-15,Prov Repuestos,SURCO,BATERÍA DE 18 PLACAS,14,69.89242019565455,978.4938827391637
684,2025-05-15,Prov Repuestos,LA MOLINA,BATERÍA DE 18 PLACAS,35,69.89242019565455,2446.2347068479094
685,2025-06-01,Prov Repuestos,SURCO,ACEITE DE MOTOR 5W30,14,79.87581477738647,1118.2614068834105
686,2025-06-01,Prov Repuestos,LA MOLINA,ACEITE DE MOTOR 5W30,35,79.87581477738647,2795.6535172085264
687,2025-06-01,Prov Repuestos,LA MOLINA,FILTRO DE COMBUSTIBLE,35,105.40169131647464,3689.0591960766124
688,2025-06-01,Prov Repuestos,SURCO,AMORTIGUADORES DEL.,14,227.3743177611351,3183.2404486558917
689,2025-06-01,Prov Repuestos,LA MOLINA,AMORTIGUADORES DEL.,35,227.3743177611351,7958.101121639728
690,2025-06-01,Prov Repuestos,SURCO,AMORTIGUADORES POST.,14,101.00765785871562,1414.1072100220185
691,2025-06-01,Prov Repuestos,LA MOLINA,AMORTIGUADORES POST.,35,101.00765785871562,3535.2680250550466
692,2025-06-01,Prov Repuestos,SURCO,"LLANTAS 18""",14,73.30835271256433,1026.3169379759006
693,2025-06-01,Prov Repuestos,LA MOLINA,"LLANTAS 18""",35,73.30835271256433,2565.7923449397513
694,2025-06-01,Prov Repuestos,SURCO,BATERÍA DE 18 PLACAS,14,69.89242019565455,978.4938827391637
695,2025-06-01,Prov Repuestos,LA MOLINA,BATERÍA DE 18 PLACAS,35,69.89242019565455,2446.2347068479094
696,2025-06-15,Prov Repuestos,SURCO,ACEITE DE MOTOR 5W30,14,93.06598985476069,1302.9238579666496
697,2025-06-15,Prov Repuestos,LA MOLINA,ACEITE DE MOTOR 5W30,35,93.06598985476069,3257.309644916624
698,2025-06-15,Prov Repuestos,SURCO,AMORTIGUADORES DEL.,14,215.08443346907615,3011.182068567066
699,2025-06-15,Prov Repuestos,LA MOLINA,AMORTIGUADORES DEL.,35,215.08443346907615,7527.955171417665
700,2025-06-15,Prov Repuestos,SURCO,AMORTIGUADORES POST.,14,103.9838108683051,1455.7733521562714
701,2025-06-15,Prov Repuestos,LA MOLINA,AMORTIGUADORES POST.,35,103.9838108683051,3639.4333803906784
702,2025-06-15,Prov Repuestos,SURCO,"LLANTAS 18""",14,60.333459393295314,844.6684315061344
703,2025-06-15,Prov Repuestos,LA MOLINA,"LLANTAS 18""",35,60.333459393295314,2111.671078765336
704,2025-06-15,Prov Repuestos,SURCO,BATERÍA DE 18 PLACAS,14,85.23258771947356,1193.2562280726297
705,2025-06-15,Prov Repuestos,LA MOLINA,BATERÍA DE 18 PLACAS,35,85.23258771947356,2983.1405701815743
706,2025-07-01,Prov Repuestos,SURCO,ACEITE DE MOTOR 5W30,14,93.06598985476069,1302.9238579666496
707,2025-07-01,Prov Repuestos,LA MOLINA,ACEITE DE MOTOR 5W30,35,93.06598985476069,3257.309644916624
708,2025-07-01,Prov Repuestos,LA MOLINA,FILTRO DE COMBUSTIBLE,5,111.10333582020185,555.5166791010092
709,2025-07-01,Prov Repuestos,SURCO,AMORTIGUADORES DEL.,14,215.08443346907615,3011.182068567066
710,2025-07-01,Prov Repuestos,LA MOLINA,AMORTIGUADORES DEL.,35,215.08443346907615,7527.955171417665
711,2025-07-01,Prov Repuestos,SURCO,AMORTIGUADORES POST.,14,103.9838108683051,1455.7733521562714
712,2025-07-01,Prov Repuestos,LA MOLINA,AMORTIGUADORES POST.,35,103.9838108683051,3639.4333803906784
713,2025-07-01,Prov Repuestos,SURCO,"LLANTAS 18""",14,60.333459393295314,844.6684315061344
714,2025-07-01,Prov Repuestos,LA MOLINA,"LLANTAS 18""",35,60.333459393295314,2111.671078765336
715,2025-07-01,Prov Repuestos,SURCO,BATERÍA DE 18 PLACAS,14,85.23258771947356,1193.2562280726297
716,2025-07-01,Prov Repuestos,LA MOLINA,BATERÍA DE 18 PLACAS,35,85.23258771947356,2983.1405701815743
717,2025-07-15,Prov Repuestos,SURCO,ACEITE DE MOTOR 5W30,14,96.66485291255783,1353.3079407758096
718,2025-07-15,Prov Repuestos,LA MOLINA,ACEITE DE MOTOR 5W30,35,96.66485291255783,3383.269851939524
719,2025-07-15,Prov Repuestos,SURCO,AMORTIGUADORES DEL.,14,224.6725561836208,3145.415786570691
720,2025-07-15,Prov Repuestos,LA MOLINA,AMORTIGUADORES DEL.,35,224.6725561836208,7863.539466426728
721,2025-07-15,Prov Repuestos,SURCO,AMORTIGUADORES POST.,14,95.08788597709766,1331.230403679367
722,2025-07-15,Prov Repuestos,LA MOLINA,AMORTIGUADORES POST.,35,95.08788597709766,3328.076009198418
723,2025-07-15,Prov Repuestos,SURCO,"LLANTAS 18""",14,63.788141029204745,893.0339744088665
724,2025-07-15,Prov Repuestos,LA MOLINA,"LLANTAS 18""",35,63.788141029204745,2232.584936022166
725,2025-07-15,Prov Repuestos,SURCO,BATERÍA DE 18 PLACAS,14,79.16029822692042,1108.2441751768858
726,2025-07-15,Prov Repuestos,LA MOLINA,BATERÍA DE 18 PLACAS,35,79.16029822692042,2770.6104379422145
727,2025-08-01,Prov Repuestos,SURCO,ACEITE DE MOTOR 5W30,14,96.66485291255783,1353.3079407758096
728,2025-08-01,Prov Repuestos,LA MOLINA,ACEITE DE MOTOR 5W30,35,96.66485291255783,3383.269851939524
729,2025-08-01,Prov Repuestos,SURCO,FILTRO DE COMBUSTIBLE,14,83.10795289379834,1163.5113405131767
730,2025-08-01,Prov Repuestos,SURCO,AMORTIGUADORES DEL.,14,224.6725561836208,3145.415786570691
731,2025-08-01,Prov Repuestos,LA MOLINA,AMORTIGUADORES DEL.,35,224.6725561836208,7863.539466426728
732,2025-08-01,Prov Repuestos,SURCO,AMORTIGUADORES POST.,14,95.08788597709766,1331.230403679367
733,2025-08-01,Prov Repuestos,LA MOLINA,AMORTIGUADORES POST.,35,95.08788597709766,3328.076009198418
734,2025-08-01,Prov Repuestos,SURCO,"LLANTAS 18""",14,63.788141029204745,893.0339744088665
735,2025-08-01,Prov Repuestos,LA MOLINA,"LLANTAS 18""",35,63.788141029204745,2232.584936022166
736,2025-08-01,Prov Repuestos,SURCO,BATERÍA DE 18 PLACAS,14,79.16029822692042,1108.2441751768858
737,2025-08-01,Prov Repuestos,LA MOLINA,BATERÍA DE 18 PLACAS,35,79.16029822692042,2770.6104379422145
738,2025-08-15,Prov Repuestos,SURCO,ACEITE DE MOTOR 5W30,14,96.57820704526029,1352.0948986336439
739,2025-08-15,Prov Repuestos,LA MOLINA,ACEITE DE MOTOR 5W30,35,96.57820704526029,3380.23724658411
740,2025-08-15,Prov Repuestos,SURCO,FILTRO DE COMBUSTIBLE,7,95.20037029449867,666.4025920614906
741,2025-08-15,Prov Repuestos,SURCO,AMORTIGUADORES DEL.,14,204.65416440701864,2865.158301698261
742,2025-08-15,Prov Repuestos,LA MOLINA,AMORTIGUADORES DEL.,35,204.65416440701864,7162.895754245653
743,2025-08-15,Prov Repuestos,SURCO,AMORTIGUADORES POST.,14,112.4863824895968,1574.8093548543552
744,2025-08-15,Prov Repuestos,LA MOLINA,AMORTIGUADORES POST.,35,112.4863824895968,3937.0233871358882
745,2025-08-15,Prov Repuestos,SURCO,"LLANTAS 18""",14,56.837463456933925,795.724488397075
746,2025-08-15,Prov Repuestos,LA MOLINA,"LLANTAS 18""",35,56.837463456933925,1989.3112209926874
747,2025-08-15,Prov Repuestos,SURCO,BATERÍA DE 18 PLACAS,14,71.11077273256174,995.5508182558644
748,2025-08-15,Prov Repuestos,LA MOLINA,BATERÍA DE 18 PLACAS,35,71.11077273256174,2488.877045639661
749,2025-09-01,Prov Repuestos,SURCO,ACEITE DE MOTOR 5W30,14,96.57820704526029,1352.0948986336439
750,2025-09-01,Prov Repuestos,LA MOLINA,ACEITE DE MOTOR 5W30,35,96.57820704526029,3380.23724658411
751,2025-09-01,Prov Repuestos,LA MOLINA,FILTRO DE COMBUSTIBLE,2,95.20037029449867,190.40074058899734
752,2025-09-01,Prov Repuestos,SURCO,AMORTIGUADORES DEL.,14,204.65416440701864,2865.158301698261
753,2025-09-01,Prov Repuestos,LA MOLINA,AMORTIGUADORES DEL.,35,204.65416440701864,7162.895754245653
754,2025-09-01,Prov Repuestos,SURCO,AMORTIGUADORES POST.,14,112.4863824895968,1574.8093548543552
755,2025-09-01,Prov Repuestos,LA MOLINA,AMORTIGUADORES POST.,35,112.4863824895968,3937.0233871358882
756,2025-09-01,Prov Repuestos,SURCO,"LLANTAS 18""",14,56.837463456933925,795.724488397075
757,2025-09-01,Prov Repuestos,LA MOLINA,"LLANTAS 18""",35,56.837463456933925,1989.3112209926874
758,2025-09-01,Prov Repuestos,SURCO,BATERÍA DE 18 PLACAS,14,71.11077273256174,995.5508182558644
759,2025-09-01,Prov Repuestos,LA MOLINA,BATERÍA DE 18 PLACAS,35,71.11077273256174,2488.877045639661
760,2025-09-15,Prov Repuestos,SURCO,ACEITE DE MOTOR 5W30,14,99.70273931990528,1395.8383504786739
761,2025-09-15,Prov Repuestos,LA MOLINA,ACEITE DE MOTOR 5W30,35,99.70273931990528,3489.595876196685
762,2025-09-15,Prov Repuestos,LA MOLINA,FILTRO DE COMBUSTIBLE,16,99.97357124908211,1599.5771399853138
763,2025-09-15,Prov Repuestos,SURCO,AMORTIGUADORES DEL.,14,241.14480950441907,3376.027333061867
764,2025-09-15,Prov Repuestos,LA MOLINA,AMORTIGUADORES DEL.,35,241.14480950441907,8440.068332654668
765,2025-09-15,Prov Repuestos,SURCO,AMORTIGUADORES POST.,14,94.9528308972014,1329.3396325608196
766,2025-09-15,Prov Repuestos,LA MOLINA,AMORTIGUADORES POST.,35,94.9528308972014,3323.349081402049
767,2025-09-15,Prov Repuestos,SURCO,"LLANTAS 18""",14,46.158805219061904,646.2232730668667
768,2025-09-15,Prov Repuestos,LA MOLINA,"LLANTAS 18""",35,46.158805219061904,1615.5581826671666
769,2025-09-15,Prov Repuestos,SURCO,BATERÍA DE 18 PLACAS,14,90.48808091291698,1266.8331327808378
770,2025-09-15,Prov Repuestos,LA MOLINA,BATERÍA DE 18 PLACAS,35,90.48808091291698,3167.0828319520942
771,2025-10-01,Prov Repuestos,SURCO,ACEITE DE MOTOR 5W30,14,99.70273931990528,1395.8383504786739
772,2025-10-01,Prov Repuestos,LA MOLINA,ACEITE DE MOTOR 5W30,35,99.70273931990528,3489.595876196685
773,2025-10-01,Prov Repuestos,SURCO,FILTRO DE COMBUSTIBLE,4,99.97357124908211,399.89428499632845
774,2025-10-01,Prov Repuestos,SURCO,AMORTIGUADORES DEL.,14,241.14480950441907,3376.027333061867
775,2025-10-01,Prov Repuestos,LA MOLINA,AMORTIGUADORES DEL.,35,241.14480950441907,8440.068332654668
776,2025-10-01,Prov Repuestos,SURCO,AMORTIGUADORES POST.,14,94.9528308972014,1329.3396325608196
777,2025-10-01,Prov Repuestos,LA MOLINA,AMORTIGUADORES POST.,35,94.9528308972014,3323.349081402049
778,2025-10-01,Prov Repuestos,SURCO,"LLANTAS 18""",14,46.158805219061904,646.2232730668667
779,2025-10-01,Prov Repuestos,LA MOLINA,"LLANTAS 18""",35,46.158805219061904,1615.5581826671666
780,2025-10-01,Prov Repuestos,SURCO,BATERÍA DE 18 PLACAS,14,90.48808091291698,1266.8331327808378
781,2025-10-01,Prov Repuestos,LA MOLINA,BATERÍA DE 18 PLACAS,35,90.48808091291698,3167.0828319520942
782,2025-10-15,Prov Repuestos,SURCO,ACEITE DE MOTOR 5W30,14,103.94108211676885,1455.175149634764
783,2025-10-15,Prov Repuestos,LA MOLINA,ACEITE DE MOTOR 5W30,35,103.94108211676885,3637.9378740869097
784,2025-10-15,Prov Repuestos,SURCO,AMORTIGUADORES DEL.,14,231.6374471484042,3242.924260077659
785,2025-10-15,Prov Repuestos,LA MOLINA,AMORTIGUADORES DEL.,35,231.6374471484042,8107.310650194147
786,2025-10-15,Prov Repuestos,SURCO,AMORTIGUADORES POST.,14,84.08505712504076,1177.1907997505707
787,2025-10-15,Prov Repuestos,LA MOLINA,AMORTIGUADORES POST.,35,84.08505712504076,2942.9769993764266
788,2025-10-15,Prov Repuestos,SURCO,"LLANTAS 18""",14,60.85938792441189,852.0314309417665
789,2025-10-15,Prov Repuestos,LA MOLINA,"LLANTAS 18""",35,60.85938792441189,2130.078577354416
790,2025-10-15,Prov Repuestos,SURCO,BATERÍA DE 18 PLACAS,14,97.38934337127648,1363.4508071978707
791,2025-10-15,Prov Repuestos,LA MOLINA,BATERÍA DE 18 PLACAS,35,97.38934337127648,3408.627017994677
792,2025-11-01,Prov Repuestos,SURCO,ACEITE DE MOTOR 5W30,14,103.94108211676885,1455.175149634764
793,2025-11-01,Prov Repuestos,LA MOLINA,ACEITE DE MOTOR 5W30,35,103.94108211676885,3637.9378740869097
794,2025-11-01,Prov Repuestos,SURCO,FILTRO DE COMBUSTIBLE,14,94.62641343046556,1324.7697880265177
795,2025-11-01,Prov Repuestos,SURCO,AMORTIGUADORES DEL.,14,231.6374471484042,3242.924260077659
796,2025-11-01,Prov Repuestos,LA MOLINA,AMORTIGUADORES DEL.,35,231.6374471484042,8107.310650194147
797,2025-11-01,Prov Repuestos,SURCO,AMORTIGUADORES POST.,14,84.08505712504076,1177.1907997505707
798,2025-11-01,Prov Repuestos,LA MOLINA,AMORTIGUADORES POST.,35,84.08505712504076,2942.9769993764266
799,2025-11-01,Prov Repuestos,SURCO,"LLANTAS 18""",14,60.85938792441189,852.0314309417665
800,2025-11-01,Prov Repuestos,LA MOLINA,"LLANTAS 18""",35,60.85938792441189,2130.078577354416
801,2025-11-01,Prov Repuestos,SURCO,BATERÍA DE 18 PLACAS,14,97.38934337127648,1363.4508071978707
802,2025-11-01,Prov Repuestos,LA MOLINA,BATERÍA DE 18 PLACAS,35,97.38934337127648,3408.627017994677
803,2025-11-15,Prov Repuestos,SURCO,ACEITE DE MOTOR 5W30,14,101.31768175342226,1418.4475445479118
804,2025-11-15,Prov Repuestos,LA MOLINA,ACEITE DE MOTOR 5W30,35,101.31768175342226,3546.118861369779
805,2025-11-15,Prov Repuestos,SURCO,FILTRO DE COMBUSTIBLE,14,104.10539135860388,1457.4754790204543
806,2025-11-15,Prov Repuestos,SURCO,AMORTIGUADORES DEL.,14,217.02750295918824,3038.3850414286353
807,2025-11-15,Prov Repuestos,LA MOLINA,AMORTIGUADORES DEL.,35,217.02750295918824,7595.962603571588
808,2025-11-15,Prov Repuestos,SURCO,AMORTIGUADORES POST.,14,105.42675803922855,1475.9746125491997
809,2025-11-15,Prov Repuestos,LA MOLINA,AMORTIGUADORES POST.,35,105.42675803922855,3689.936531372999
810,2025-11-15,Prov Repuestos,SURCO,"LLANTAS 18""",14,64.07183717369175,897.0057204316845
811,2025-11-15,Prov Repuestos,LA MOLINA,"LLANTAS 18""",35,64.07183717369175,2242.5143010792112
812,2025-11-15,Prov Repuestos,SURCO,BATERÍA DE 18 PLACAS,14,80.01191144841434,1120.1667602778007
813,2025-11-15,Prov Repuestos,LA MOLINA,BATERÍA DE 18 PLACAS,25,80.01191144841434,2000.2977862103585
814,2025-12-01,Prov Repuestos,SURCO,ACEITE DE MOTOR 5W30,14,101.31768175342226,1418.4475445479118
815,2025-12-01,Prov Repuestos,LA MOLINA,ACEITE DE MOTOR 5W30,35,101.31768175342226,3546.118861369779
816,2025-12-01,Prov Repuestos,LA MOLINA,FILTRO DE COMBUSTIBLE,32,104.10539135860388,3331.372523475324
817,2025-12-01,Prov Repuestos,SURCO,AMORTIGUADORES DEL.,14,217.02750295918824,3038.3850414286353
818,2025-12-01,Prov Repuestos,LA MOLINA,AMORTIGUADORES DEL.,35,217.02750295918824,7595.962603571588
819,2025-12-01,Prov Repuestos,SURCO,AMORTIGUADORES POST.,14,105.42675803922855,1475.9746125491997
820,2025-12-01,Prov Repuestos,LA MOLINA,AMORTIGUADORES POST.,35,105.42675803922855,3689.936531372999
821,2025-12-01,Prov Repuestos,SURCO,"LLANTAS 18""",14,64.07183717369175,897.0057204316845
822,2025-12-01,Prov Repuestos,LA MOLINA,"LLANTAS 18""",35,64.07183717369175,2242.5143010792112
823,2025-12-01,Prov Repuestos,SURCO,BATERÍA DE 18 PLACAS,14,80.01191144841434,1120.1667602778007
824,2025-12-01,Prov Repuestos,LA MOLINA,BATERÍA DE 18 PLACAS,35,80.01191144841434,2800.4169006945017
825,2025-12-15,Prov Repuestos,SURCO,ACEITE DE MOTOR 5W30,14,95.10959735266525,1331.5343629373135
826,2025-12-15,Prov Repuestos,LA MOLINA,ACEITE DE MOTOR 5W30,35,95.10959735266525,3328.8359073432835
827,2025-12-15,Prov Repuestos,SURCO,FILTRO DE COMBUSTIBLE,4,123.08028181085758,492.32112724343034
828,2025-12-15,Prov Repuestos,SURCO,AMORTIGUADORES DEL.,14,213.7870192522423,2993.018269531392
829,2025-12-15,Prov Repuestos,LA MOLINA,AMORTIGUADORES DEL.,35,213.7870192522423,7482.54567382848
830,2025-12-15,Prov Repuestos,SURCO,AMORTIGUADORES POST.,14,73.54455589910089,1029.6237825874123
831,2025-12-15,Prov Repuestos,LA MOLINA,AMORTIGUADORES POST.,35,73.54455589910089,2574.059456468531
832,2025-12-15,Prov Repuestos,SURCO,"LLANTAS 18""",14,52.116739299142296,729.6343501879921
833,2025-12-15,Prov Repuestos,LA MOLINA,"LLANTAS 18""",35,52.116739299142296,1824.0858754699802
834,2025-12-15,Prov Repuestos,SURCO,BATERÍA DE 18 PLACAS,14,97.09352986029049,1359.309418044067
835,2025-12-15,Prov Repuestos,LA MOLINA,BATERÍA DE 18 PLACAS,35,97.09352986029049,3398.273545110167
837,2026-01-01,Prov_Gral,LA MOLINA,ACEITE DE MOTOR 5W30,35,87.45450496216178,3060.9076736756624
838,2026-01-01,Prov_Gral,SURCO,AMORTIGUADORES DEL.,14,221.16613391906716,3096.32587486694
839,2026-01-01,Prov_Gral,LA MOLINA,AMORTIGUADORES DEL.,35,228.73658367821824,8005.780428737638
840,2026-01-01,Prov_Gral,SURCO,AMORTIGUADORES POST.,14,100.63050928596157,1408.827130003462
841,2026-01-01,Prov_Gral,LA MOLINA,AMORTIGUADORES POST.,35,102.7595708067814,3596.584978237349
842,2026-01-01,Prov_Gral,SURCO,"LLANTAS 18""",14,70.17231755583501,982.4124457816902
843,2026-01-01,Prov_Gral,LA MOLINA,"LLANTAS 18""",35,52.6107412509123,1841.3759437819303
844,2026-01-01,Prov_Gral,SURCO,BATERÍA DE 18 PLACAS,14,88.49746323383482,1238.9644852736874
845,2026-01-01,Prov_Gral,LA MOLINA,BATERÍA DE 18 PLACAS,35,80.0070547680137,2800.24691688048
846,2026-01-15,Prov_Gral,SURCO,ACEITE DE MOTOR 5W30,14,98.43742515464814,1378.123952165074
847,2026-01-15,Prov_Gral,LA MOLINA,ACEITE DE MOTOR 5W30,22,101.45978639470144,2232.1153006834315
848,2026-01-15,Prov_Gral,SURCO,AMORTIGUADORES DEL.,14,205.4336471208371,2876.071059691719
849,2026-01-15,Prov_Gral,SURCO,AMORTIGUADORES POST.,14,95.08915523281168,1331.2481732593635
850,2026-01-15,Prov_Gral,SURCO,"LLANTAS 18""",14,66.77417775658415,934.838488592178
