ID_PRODUCTO,DESCRIPCIÓN,NOMBRE,TIPO,FOTO
1,AUTO HONDA ACCORD 2014,ACCORD,AUTOS,https://i.postimg.cc/k5vFNbnt/2023-Honda-Accord-Exterior-1024x630.jpg
2,AUTO HONDA CIVIC 2014,CIVIC,AUTOS,http://tse1.mm.bing.net/th?q=Honda%20Civic%20LX
3,AUTO HONDA ODISSEY 2013,ODISSEY,AUTOS,https://i.postimg.cc/pdfk0SBr/2021-honda-odyssey-293-1598917033.jpg
4,AUTO HONDA CRV 2014,CRV,AUTOS,https://i.postimg.cc/43djjsmy/10best-trucks-suvs-2023-honda-crv-113-1673298616.jpg
5,AUTO HONDA PILOT 2013,PILOT,AUTOS,https://i.postimg.cc/SQCcFP2f/RT-V-0b9e0d030f58483f92da6152bddf8210.webp
6,AUTO HONDA FIT 2016,FIT,AUTOS,https://i.postimg.cc/3JqLWmR8/2020-honda-fit-mmp-1-1574789897.jpg
7,AUTO HONDA CITY 2016,CITY,AUTOS,https://i.postimg.cc/xTQM0PLD/Galeria-CITY-Gris-1.webp
8,CAMIONETA HONDA ELEMENT 2013,ELEMENT,CAMIONETAS,https://i.postimg.cc/QdtBtYtP/descarga.jpg
9,CAMIONETA HONDA CROSSTOUR 2013,CROSSTOUR,CAMIONETAS,https://i.postimg.cc/KznjVdqK/OOHOGEC1.webp
10,CAMIONETA HONDA CR-Z 2015,CR-Z,CAMIONETAS,https://i.postimg.cc/PxM3q7L9/1366-2000.jpg
11,CAMIONETA HONDA RID LINE PICK UP 2014,RID LINE,CAMIONETAS,https://i.postimg.cc/4dG2sG3p/1366-2000-1.jpg
38,ACEITE DE MOTOR 5W30 FULL SINTÉTICO,ACEITE FS 5W30,REPUESTOS,https://i.postimg.cc/13d7fT9Y/3679497-01.jpg
39,FILTRO DE COMBUSTIBLE,FILTRO COMBUST,REPUESTOS,https://i.postimg.cc/25FWPbXF/filtro-de-gasolina.jpg
40,AMORTIGUADORES DELANTEROS,AMORT DEL,REPUESTOS,https://i.postimg.cc/d3zmqMR8/51l-A0-RBe-YNL-AC-UF894-1000-QL80.jpg
41,AMORTIGUADORES POSTERIORES,AMORT POS,REPUESTOS,https://i.postimg.cc/vB24sW79/amortiguador-sfx-jpmotorcycles-ASFX.jpg
42,"LLANTAS 18""","LLANTAS 18""",REPUESTOS,https://i.postimg.cc/YCV4ZN3W/image-Url-1.webp
43,BATERÍA DE 18 PLACAS,BATERÍA 18 PLC,REPUESTOS,https://i.postimg.cc/DZ4S7SxM/baterias-capsa-13wi-min.jpg
