Fecha,Almacen,ID_Producto,Producto,Cantidad_Stock
2023-01-14,SURCO,1,ACCORD,0
2023-01-14,SURCO,2,CIVIC,0
2023-01-14,SURCO,3,ODISSEY,0
2023-01-14,SURCO,4,CRV,4
2023-01-14,SURCO,5,PILOT,0
2023-01-14,SURCO,6,FIT,0
2023-01-14,SURCO,7,CITY,2
2023-01-14,SURCO,8,ELEMENT,0
2023-01-14,SURCO,9,CROSSTOUR,4
2023-01-14,SURCO,10,CR-Z,2
2023-01-14,SURCO,11,RID LINE,2
2023-01-14,SURCO,38,ACEITE 5W30,0
2023-01-14,SURCO,39,FILTRO,12
2023-01-14,SURCO,40,AMORT DEL,9
2023-01-14,SURCO,41,AMORT POS,2
2023-01-14,SURCO,42,"LLANTAS 18""",3
2023-01-14,SURCO,43,BATERÍA 18 PLC,13
2023-01-14,LA MOLINA,1,ACCORD,0
2023-01-14,LA MOLINA,2,CIVIC,0
2023-01-14,LA MOLINA,3,ODISSEY,1
2023-01-14,LA MOLINA,4,CRV,2
2023-01-14,LA MOLINA,5,PILOT,0
2023-01-14,LA MOLINA,6,FIT,0
2023-01-14,LA MOLINA,7,CITY,3
2023-01-14,LA MOLINA,8,ELEMENT,0
2023-01-14,LA MOLINA,9,CROSSTOUR,1
2023-01-14,LA MOLINA,10,CR-Z,0
2023-01-14,LA MOLINA,11,RID LINE,0
2023-01-14,LA MOLINA,38,ACEITE 5W30,25
2023-01-14,LA MOLINA,39,FILTRO,36
2023-01-14,LA MOLINA,40,AMORT DEL,10
2023-01-14,LA MOLINA,41,AMORT POS,14
2023-01-14,LA MOLINA,42,"LLANTAS 18""",24
2023-01-14,LA MOLINA,43,BATERÍA 18 PLC,23
2023-01-31,SURCO,1,ACCORD,0
2023-01-31,SURCO,2,CIVIC,0
2023-01-31,SURCO,3,ODISSEY,0
2023-01-31,SURCO,4,CRV,4
2023-01-31,SURCO,5,PILOT,0
2023-01-31,SURCO,6,FIT,0
2023-01-31,SURCO,7,CITY,2
2023-01-31,SURCO,8,ELEMENT,0
2023-01-31,SURCO,9,CROSSTOUR,4
2023-01-31,SURCO,10,CR-Z,2
2023-01-31,SURCO,11,RID LINE,2
2023-01-31,SURCO,38,ACEITE 5W30,0
2023-01-31,SURCO,39,FILTRO,12
2023-01-31,SURCO,40,AMORT DEL,0
2023-01-31,SURCO,41,AMORT POS,0
2023-01-31,SURCO,42,"LLANTAS 18""",0
2023-01-31,SURCO,43,BATERÍA 18 PLC,0
2023-01-31,LA MOLINA,1,ACCORD,0
2023-01-31,LA MOLINA,2,CIVIC,0
2023-01-31,LA MOLINA,3,ODISSEY,1
2023-01-31,LA MOLINA,4,CRV,2
2023-01-31,LA MOLINA,5,PILOT,0
2023-01-31,LA MOLINA,6,FIT,0
2023-01-31,LA MOLINA,7,CITY,3
2023-01-31,LA MOLINA,8,ELEMENT,0
2023-01-31,LA MOLINA,9,CROSSTOUR,1
2023-01-31,LA MOLINA,10,CR-Z,0
2023-01-31,LA MOLINA,11,RID LINE,0
2023-01-31,LA MOLINA,38,ACEITE 5W30,0
2023-01-31,LA MOLINA,39,FILTRO,36
2023-01-31,LA MOLINA,40,AMORT DEL,0
2023-01-31,LA MOLINA,41,AMORT POS,0
2023-01-31,LA MOLINA,42,"LLANTAS 18""",0
2023-01-31,LA MOLINA,43,BATERÍA 18 PLC,7
2023-02-14,SURCO,1,ACCORD,5
2023-02-14,SURCO,2,CIVIC,4
2023-02-14,SURCO,3,ODISSEY,5
2023-02-14,SURCO,4,CRV,3
2023-02-14,SURCO,5,PILOT,0
2023-02-14,SURCO,6,FIT,0
2023-02-14,SURCO,7,CITY,0
2023-02-14,SURCO,8,ELEMENT,0
2023-02-14,SURCO,9,CROSSTOUR,3
2023-02-14,SURCO,10,CR-Z,0
2023-02-14,SURCO,11,RID LINE,0
2023-02-14,SURCO,38,ACEITE 5W30,0
2023-02-14,SURCO,39,FILTRO,4
2023-02-14,SURCO,40,AMORT DEL,0
2023-02-14,SURCO,41,AMORT POS,0
2023-02-14,SURCO,42,"LLANTAS 18""",0
2023-02-14,SURCO,43,BATERÍA 18 PLC,0
2023-02-14,LA MOLINA,1,ACCORD,1
2023-02-14,LA MOLINA,2,CIVIC,2
2023-02-14,LA MOLINA,3,ODISSEY,3
2023-02-14,LA MOLINA,4,CRV,0
2023-02-14,LA MOLINA,5,PILOT,0
2023-02-14,LA MOLINA,6,FIT,0
2023-02-14,LA MOLINA,7,CITY,0
2023-02-14,LA MOLINA,8,ELEMENT,0
2023-02-14,LA MOLINA,9,CROSSTOUR,0
2023-02-14,LA MOLINA,10,CR-Z,0
2023-02-14,LA MOLINA,11,RID LINE,0
2023-02-14,LA MOLINA,38,ACEITE 5W30,0
2023-02-14,LA MOLINA,39,FILTRO,31
2023-02-14,LA MOLINA,40,AMORT DEL,0
2023-02-14,LA MOLINA,41,AMORT POS,0
2023-02-14,LA MOLINA,42,"LLANTAS 18""",0
2023-02-14,LA MOLINA,43,BATERÍA 18 PLC,0
2023-02-28,SURCO,1,ACCORD,5
2023-02-28,SURCO,2,CIVIC,4
2023-02-28,SURCO,3,ODISSEY,5
2023-02-28,SURCO,4,CRV,3
2023-02-28,SURCO,5,PILOT,0
2023-02-28,SURCO,6,FIT,0
2023-02-28,SURCO,7,CITY,0
2023-02-28,SURCO,8,ELEMENT,0
2023-02-28,SURCO,9,CROSSTOUR,3
2023-02-28,SURCO,10,CR-Z,0
2023-02-28,SURCO,11,RID LINE,0
2023-02-28,SURCO,38,ACEITE 5W30,0
2023-02-28,SURCO,39,FILTRO,0
2023-02-28,SURCO,40,AMORT DEL,0
2023-02-28,SURCO,41,AMORT POS,0
2023-02-28,SURCO,42,"LLANTAS 18""",0
2023-02-28,SURCO,43,BATERÍA 18 PLC,0
2023-02-28,LA MOLINA,1,ACCORD,1
2023-02-28,LA MOLINA,2,CIVIC,2
2023-02-28,LA MOLINA,3,ODISSEY,3
2023-02-28,LA MOLINA,4,CRV,0
2023-02-28,LA MOLINA,5,PILOT,0
2023-02-28,LA MOLINA,6,FIT,0
2023-02-28,LA MOLINA,7,CITY,0
2023-02-28,LA MOLINA,8,ELEMENT,0
2023-02-28,LA MOLINA,9,CROSSTOUR,0
2023-02-28,LA MOLINA,10,CR-Z,0
2023-02-28,LA MOLINA,11,RID LINE,0
2023-02-28,LA MOLINA,38,ACEITE 5W30,0
2023-02-28,LA MOLINA,39,FILTRO,21
2023-02-28,LA MOLINA,40,AMORT DEL,0
2023-02-28,LA MOLINA,41,AMORT POS,0
2023-02-28,LA MOLINA,42,"LLANTAS 18""",0
2023-02-28,LA MOLINA,43,BATERÍA 18 PLC,0
2023-03-14,SURCO,1,ACCORD,0
2023-03-14,SURCO,2,CIVIC,5
2023-03-14,SURCO,3,ODISSEY,2
2023-03-14,SURCO,4,CRV,1
2023-03-14,SURCO,5,PILOT,3
2023-03-14,SURCO,6,FIT,3
2023-03-14,SURCO,7,CITY,0
2023-03-14,SURCO,8,ELEMENT,0
2023-03-14,SURCO,9,CROSSTOUR,0
2023-03-14,SURCO,10,CR-Z,0
2023-03-14,SURCO,11,RID LINE,0
2023-03-14,SURCO,38,ACEITE 5W30,0
2023-03-14,SURCO,39,FILTRO,0
2023-03-14,SURCO,40,AMORT DEL,6
2023-03-14,SURCO,41,AMORT POS,0
2023-03-14,SURCO,42,"LLANTAS 18""",2
2023-03-14,SURCO,43,BATERÍA 18 PLC,0
2023-03-14,LA MOLINA,1,ACCORD,4
2023-03-14,LA MOLINA,2,CIVIC,4
2023-03-14,LA MOLINA,3,ODISSEY,2
2023-03-14,LA MOLINA,4,CRV,5
2023-03-14,LA MOLINA,5,PILOT,0
2023-03-14,LA MOLINA,6,FIT,0
2023-03-14,LA MOLINA,7,CITY,0
2023-03-14,LA MOLINA,8,ELEMENT,0
2023-03-14,LA MOLINA,9,CROSSTOUR,0
2023-03-14,LA MOLINA,10,CR-Z,0
2023-03-14,LA MOLINA,11,RID LINE,0
2023-03-14,LA MOLINA,38,ACEITE 5W30,0
2023-03-14,LA MOLINA,39,FILTRO,7
2023-03-14,LA MOLINA,40,AMORT DEL,0
2023-03-14,LA MOLINA,41,AMORT POS,0
2023-03-14,LA MOLINA,42,"LLANTAS 18""",5
2023-03-14,LA MOLINA,43,BATERÍA 18 PLC,0
2023-03-31,SURCO,1,ACCORD,0
2023-03-31,SURCO,2,CIVIC,5
2023-03-31,SURCO,3,ODISSEY,2
2023-03-31,SURCO,4,CRV,1
2023-03-31,SURCO,5,PILOT,3
2023-03-31,SURCO,6,FIT,1
2023-03-31,SURCO,7,CITY,0
2023-03-31,SURCO,8,ELEMENT,0
2023-03-31,SURCO,9,CROSSTOUR,0
2023-03-31,SURCO,10,CR-Z,0
2023-03-31,SURCO,11,RID LINE,0
2023-03-31,SURCO,38,ACEITE 5W30,0
2023-03-31,SURCO,39,FILTRO,0
2023-03-31,SURCO,40,AMORT DEL,0
2023-03-31,SURCO,41,AMORT POS,0
2023-03-31,SURCO,42,"LLANTAS 18""",0
2023-03-31,SURCO,43,BATERÍA 18 PLC,0
2023-03-31,LA MOLINA,1,ACCORD,4
2023-03-31,LA MOLINA,2,CIVIC,4
2023-03-31,LA MOLINA,3,ODISSEY,2
2023-03-31,LA MOLINA,4,CRV,5
2023-03-31,LA MOLINA,5,PILOT,0
2023-03-31,LA MOLINA,6,FIT,0
2023-03-31,LA MOLINA,7,CITY,0
2023-03-31,LA MOLINA,8,ELEMENT,0
2023-03-31,LA MOLINA,9,CROSSTOUR,0
2023-03-31,LA MOLINA,10,CR-Z,0
2023-03-31,LA MOLINA,11,RID LINE,0
2023-03-31,LA MOLINA,38,ACEITE 5W30,0
2023-03-31,LA MOLINA,39,FILTRO,4
2023-03-31,LA MOLINA,40,AMORT DEL,0
2023-03-31,LA MOLINA,41,AMORT POS,0
2023-03-31,LA MOLINA,42,"LLANTAS 18""",0
2023-03-31,LA MOLINA,43,BATERÍA 18 PLC,0
2023-04-14,SURCO,1,ACCORD,4
2023-04-14,SURCO,2,CIVIC,3
2023-04-14,SURCO,3,ODISSEY,4
2023-04-14,SURCO,4,CRV,4
2023-04-14,SURCO,5,PILOT,4
2023-04-14,SURCO,6,FIT,1
2023-04-14,SURCO,7,CITY,2
2023-04-14,SURCO,8,ELEMENT,0
2023-04-14,SURCO,9,CROSSTOUR,0
2023-04-14,SURCO,10,CR-Z,0
2023-04-14,SURCO,11,RID LINE,0
2023-04-14,SURCO,38,ACEITE 5W30,0
2023-04-14,SURCO,39,FILTRO,0
2023-04-14,SURCO,40,AMORT DEL,0
2023-04-14,SURCO,41,AMORT POS,0
2023-04-14,SURCO,42,"LLANTAS 18""",0
2023-04-14,SURCO,43,BATERÍA 18 PLC,0
2023-04-14,LA MOLINA,1,ACCORD,0
2023-04-14,LA MOLINA,2,CIVIC,2
2023-04-14,LA MOLINA,3,ODISSEY,3
2023-04-14,LA MOLINA,4,CRV,3
2023-04-14,LA MOLINA,5,PILOT,0
2023-04-14,LA MOLINA,6,FIT,0
2023-04-14,LA MOLINA,7,CITY,0
2023-04-14,LA MOLINA,8,ELEMENT,0
2023-04-14,LA MOLINA,9,CROSSTOUR,0
2023-04-14,LA MOLINA,10,CR-Z,0
2023-04-14,LA MOLINA,11,RID LINE,0
2023-04-14,LA MOLINA,38,ACEITE 5W30,0
2023-04-14,LA MOLINA,39,FILTRO,0
2023-04-14,LA MOLINA,40,AMORT DEL,0
2023-04-14,LA MOLINA,41,AMORT POS,0
2023-04-14,LA MOLINA,42,"LLANTAS 18""",0
2023-04-14,LA MOLINA,43,BATERÍA 18 PLC,0
2023-04-30,SURCO,1,ACCORD,5
2023-04-30,SURCO,2,CIVIC,3
2023-04-30,SURCO,3,ODISSEY,4
2023-04-30,SURCO,4,CRV,4
2023-04-30,SURCO,5,PILOT,4
2023-04-30,SURCO,6,FIT,1
2023-04-30,SURCO,7,CITY,2
2023-04-30,SURCO,8,ELEMENT,0
2023-04-30,SURCO,9,CROSSTOUR,0
2023-04-30,SURCO,10,CR-Z,0
2023-04-30,SURCO,11,RID LINE,0
2023-04-30,SURCO,38,ACEITE 5W30,0
2023-04-30,SURCO,39,FILTRO,0
2023-04-30,SURCO,40,AMORT DEL,0
2023-04-30,SURCO,41,AMORT POS,0
2023-04-30,SURCO,42,"LLANTAS 18""",0
2023-04-30,SURCO,43,BATERÍA 18 PLC,0
2023-04-30,LA MOLINA,1,ACCORD,0
2023-04-30,LA MOLINA,2,CIVIC,2
2023-04-30,LA MOLINA,3,ODISSEY,3
2023-04-30,LA MOLINA,4,CRV,3
2023-04-30,LA MOLINA,5,PILOT,0
2023-04-30,LA MOLINA,6,FIT,0
2023-04-30,LA MOLINA,7,CITY,0
2023-04-30,LA MOLINA,8,ELEMENT,0
2023-04-30,LA MOLINA,9,CROSSTOUR,0
2023-04-30,LA MOLINA,10,CR-Z,0
2023-04-30,LA MOLINA,11,RID LINE,0
2023-04-30,LA MOLINA,38,ACEITE 5W30,0
2023-04-30,LA MOLINA,39,FILTRO,0
2023-04-30,LA MOLINA,40,AMORT DEL,0
2023-04-30,LA MOLINA,41,AMORT POS,0
2023-04-30,LA MOLINA,42,"LLANTAS 18""",0
2023-04-30,LA MOLINA,43,BATERÍA 18 PLC,0
2023-05-14,SURCO,1,ACCORD,3
2023-05-14,SURCO,2,CIVIC,2
2023-05-14,SURCO,3,ODISSEY,1
2023-05-14,SURCO,4,CRV,4
2023-05-14,SURCO,5,PILOT,0
2023-05-14,SURCO,6,FIT,4
2023-05-14,SURCO,7,CITY,4
2023-05-14,SURCO,8,ELEMENT,0
2023-05-14,SURCO,9,CROSSTOUR,0
2023-05-14,SURCO,10,CR-Z,0
2023-05-14,SURCO,11,RID LINE,0
2023-05-14,SURCO,38,ACEITE 5W30,0
2023-05-14,SURCO,39,FILTRO,0
2023-05-14,SURCO,40,AMORT DEL,0
2023-05-14,SURCO,41,AMORT POS,0
2023-05-14,SURCO,42,"LLANTAS 18""",0
2023-05-14,SURCO,43,BATERÍA 18 PLC,0
2023-05-14,LA MOLINA,1,ACCORD,5
2023-05-14,LA MOLINA,2,CIVIC,3
2023-05-14,LA MOLINA,3,ODISSEY,2
2023-05-14,LA MOLINA,4,CRV,2
2023-05-14,LA MOLINA,5,PILOT,0
2023-05-14,LA MOLINA,6,FIT,0
2023-05-14,LA MOLINA,7,CITY,0
2023-05-14,LA MOLINA,8,ELEMENT,0
2023-05-14,LA MOLINA,9,CROSSTOUR,0
2023-05-14,LA MOLINA,10,CR-Z,0
2023-05-14,LA MOLINA,11,RID LINE,0
2023-05-14,LA MOLINA,38,ACEITE 5W30,0
2023-05-14,LA MOLINA,39,FILTRO,0
2023-05-14,LA MOLINA,40,AMORT DEL,0
2023-05-14,LA MOLINA,41,AMORT POS,0
2023-05-14,LA MOLINA,42,"LLANTAS 18""",0
2023-05-14,LA MOLINA,43,BATERÍA 18 PLC,0
2023-05-31,SURCO,1,ACCORD,3
2023-05-31,SURCO,2,CIVIC,2
2023-05-31,SURCO,3,ODISSEY,1
2023-05-31,SURCO,4,CRV,4
2023-05-31,SURCO,5,PILOT,0
2023-05-31,SURCO,6,FIT,4
2023-05-31,SURCO,7,CITY,4
2023-05-31,SURCO,8,ELEMENT,0
2023-05-31,SURCO,9,CROSSTOUR,0
2023-05-31,SURCO,10,CR-Z,0
2023-05-31,SURCO,11,RID LINE,0
2023-05-31,SURCO,38,ACEITE 5W30,0
2023-05-31,SURCO,39,FILTRO,1
2023-05-31,SURCO,40,AMORT DEL,0
2023-05-31,SURCO,41,AMORT POS,0
2023-05-31,SURCO,42,"LLANTAS 18""",0
2023-05-31,SURCO,43,BATERÍA 18 PLC,0
2023-05-31,LA MOLINA,1,ACCORD,5
2023-05-31,LA MOLINA,2,CIVIC,3
2023-05-31,LA MOLINA,3,ODISSEY,2
2023-05-31,LA MOLINA,4,CRV,2
2023-05-31,LA MOLINA,5,PILOT,0
2023-05-31,LA MOLINA,6,FIT,0
2023-05-31,LA MOLINA,7,CITY,0
2023-05-31,LA MOLINA,8,ELEMENT,0
2023-05-31,LA MOLINA,9,CROSSTOUR,0
2023-05-31,LA MOLINA,10,CR-Z,0
2023-05-31,LA MOLINA,11,RID LINE,0
2023-05-31,LA MOLINA,38,ACEITE 5W30,0
2023-05-31,LA MOLINA,39,FILTRO,0
2023-05-31,LA MOLINA,40,AMORT DEL,0
2023-05-31,LA MOLINA,41,AMORT POS,0
2023-05-31,LA MOLINA,42,"LLANTAS 18""",0
2023-05-31,LA MOLINA,43,BATERÍA 18 PLC,0
2023-06-14,SURCO,1,ACCORD,5
2023-06-14,SURCO,2,CIVIC,4
2023-06-14,SURCO,3,ODISSEY,3
2023-06-14,SURCO,4,CRV,5
2023-06-14,SURCO,5,PILOT,0
2023-06-14,SURCO,6,FIT,3
2023-06-14,SURCO,7,CITY,0
2023-06-14,SURCO,8,ELEMENT,0
2023-06-14,SURCO,9,CROSSTOUR,0
2023-06-14,SURCO,10,CR-Z,0
2023-06-14,SURCO,11,RID LINE,0
2023-06-14,SURCO,38,ACEITE 5W30,0
2023-06-14,SURCO,39,FILTRO,0
2023-06-14,SURCO,40,AMORT DEL,0
2023-06-14,SURCO,41,AMORT POS,1
2023-06-14,SURCO,42,"LLANTAS 18""",0
2023-06-14,SURCO,43,BATERÍA 18 PLC,0
2023-06-14,LA MOLINA,1,ACCORD,3
2023-06-14,LA MOLINA,2,CIVIC,2
2023-06-14,LA MOLINA,3,ODISSEY,2
2023-06-14,LA MOLINA,4,CRV,5
2023-06-14,LA MOLINA,5,PILOT,0
2023-06-14,LA MOLINA,6,FIT,0
2023-06-14,LA MOLINA,7,CITY,0
2023-06-14,LA MOLINA,8,ELEMENT,0
2023-06-14,LA MOLINA,9,CROSSTOUR,0
2023-06-14,LA MOLINA,10,CR-Z,0
2023-06-14,LA MOLINA,11,RID LINE,0
2023-06-14,LA MOLINA,38,ACEITE 5W30,0
2023-06-14,LA MOLINA,39,FILTRO,0
2023-06-14,LA MOLINA,40,AMORT DEL,0
2023-06-14,LA MOLINA,41,AMORT POS,4
2023-06-14,LA MOLINA,42,"LLANTAS 18""",0
2023-06-14,LA MOLINA,43,BATERÍA 18 PLC,0
2023-06-30,SURCO,1,ACCORD,5
2023-06-30,SURCO,2,CIVIC,4
2023-06-30,SURCO,3,ODISSEY,3
2023-06-30,SURCO,4,CRV,5
2023-06-30,SURCO,5,PILOT,0
2023-06-30,SURCO,6,FIT,3
2023-06-30,SURCO,7,CITY,0
2023-06-30,SURCO,8,ELEMENT,0
2023-06-30,SURCO,9,CROSSTOUR,0
2023-06-30,SURCO,10,CR-Z,0
2023-06-30,SURCO,11,RID LINE,0
2023-06-30,SURCO,38,ACEITE 5W30,0
2023-06-30,SURCO,39,FILTRO,0
2023-06-30,SURCO,40,AMORT DEL,0
2023-06-30,SURCO,41,AMORT POS,0
2023-06-30,SURCO,42,"LLANTAS 18""",0
2023-06-30,SURCO,43,BATERÍA 18 PLC,0
2023-06-30,LA MOLINA,1,ACCORD,3
2023-06-30,LA MOLINA,2,CIVIC,2
2023-06-30,LA MOLINA,3,ODISSEY,2
2023-06-30,LA MOLINA,4,CRV,5
2023-06-30,LA MOLINA,5,PILOT,0
2023-06-30,LA MOLINA,6,FIT,0
2023-06-30,LA MOLINA,7,CITY,0
2023-06-30,LA MOLINA,8,ELEMENT,0
2023-06-30,LA MOLINA,9,CROSSTOUR,0
2023-06-30,LA MOLINA,10,CR-Z,0
2023-06-30,LA MOLINA,11,RID LINE,0
2023-06-30,LA MOLINA,38,ACEITE 5W30,0
2023-06-30,LA MOLINA,39,FILTRO,0
2023-06-30,LA MOLINA,40,AMORT DEL,0
2023-06-30,LA MOLINA,41,AMORT POS,0
2023-06-30,LA MOLINA,42,"LLANTAS 18""",0
2023-06-30,LA MOLINA,43,BATERÍA 18 PLC,0
2023-07-14,SURCO,1,ACCORD,2
2023-07-14,SURCO,2,CIVIC,1
2023-07-14,SURCO,3,ODISSEY,3
2023-07-14,SURCO,4,CRV,3
2023-07-14,SURCO,5,PILOT,3
2023-07-14,SURCO,6,FIT,4
2023-07-14,SURCO,7,CITY,5
2023-07-14,SURCO,8,ELEMENT,0
2023-07-14,SURCO,9,CROSSTOUR,0
2023-07-14,SURCO,10,CR-Z,0
2023-07-14,SURCO,11,RID LINE,0
2023-07-14,SURCO,38,ACEITE 5W30,0
2023-07-14,SURCO,39,FILTRO,0
2023-07-14,SURCO,40,AMORT DEL,0
2023-07-14,SURCO,41,AMORT POS,0
2023-07-14,SURCO,42,"LLANTAS 18""",0
2023-07-14,SURCO,43,BATERÍA 18 PLC,0
2023-07-14,LA MOLINA,1,ACCORD,3
2023-07-14,LA MOLINA,2,CIVIC,3
2023-07-14,LA MOLINA,3,ODISSEY,3
2023-07-14,LA MOLINA,4,CRV,0
2023-07-14,LA MOLINA,5,PILOT,0
2023-07-14,LA MOLINA,6,FIT,0
2023-07-14,LA MOLINA,7,CITY,0
2023-07-14,LA MOLINA,8,ELEMENT,0
2023-07-14,LA MOLINA,9,CROSSTOUR,0
2023-07-14,LA MOLINA,10,CR-Z,0
2023-07-14,LA MOLINA,11,RID LINE,0
2023-07-14,LA MOLINA,38,ACEITE 5W30,3
2023-07-14,LA MOLINA,39,FILTRO,0
2023-07-14,LA MOLINA,40,AMORT DEL,0
2023-07-14,LA MOLINA,41,AMORT POS,0
2023-07-14,LA MOLINA,42,"LLANTAS 18""",0
2023-07-14,LA MOLINA,43,BATERÍA 18 PLC,0
2023-07-31,SURCO,1,ACCORD,2
2023-07-31,SURCO,2,CIVIC,1
2023-07-31,SURCO,3,ODISSEY,3
2023-07-31,SURCO,4,CRV,3
2023-07-31,SURCO,5,PILOT,3
2023-07-31,SURCO,6,FIT,4
2023-07-31,SURCO,7,CITY,5
2023-07-31,SURCO,8,ELEMENT,0
2023-07-31,SURCO,9,CROSSTOUR,0
2023-07-31,SURCO,10,CR-Z,0
2023-07-31,SURCO,11,RID LINE,0
2023-07-31,SURCO,38,ACEITE 5W30,0
2023-07-31,SURCO,39,FILTRO,0
2023-07-31,SURCO,40,AMORT DEL,0
2023-07-31,SURCO,41,AMORT POS,0
2023-07-31,SURCO,42,"LLANTAS 18""",0
2023-07-31,SURCO,43,BATERÍA 18 PLC,0
2023-07-31,LA MOLINA,1,ACCORD,3
2023-07-31,LA MOLINA,2,CIVIC,3
2023-07-31,LA MOLINA,3,ODISSEY,3
2023-07-31,LA MOLINA,4,CRV,0
2023-07-31,LA MOLINA,5,PILOT,0
2023-07-31,LA MOLINA,6,FIT,0
2023-07-31,LA MOLINA,7,CITY,0
2023-07-31,LA MOLINA,8,ELEMENT,0
2023-07-31,LA MOLINA,9,CROSSTOUR,0
2023-07-31,LA MOLINA,10,CR-Z,0
2023-07-31,LA MOLINA,11,RID LINE,0
2023-07-31,LA MOLINA,38,ACEITE 5W30,0
2023-07-31,LA MOLINA,39,FILTRO,0
2023-07-31,LA MOLINA,40,AMORT DEL,0
2023-07-31,LA MOLINA,41,AMORT POS,0
2023-07-31,LA MOLINA,42,"LLANTAS 18""",0
2023-07-31,LA MOLINA,43,BATERÍA 18 PLC,0
2023-08-14,SURCO,1,ACCORD,2
2023-08-14,SURCO,2,CIVIC,3
2023-08-14,SURCO,3,ODISSEY,4
2023-08-14,SURCO,4,CRV,3
2023-08-14,SURCO,5,PILOT,1
2023-08-14,SURCO,6,FIT,4
2023-08-14,SURCO,7,CITY,0
2023-08-14,SURCO,8,ELEMENT,0
2023-08-14,SURCO,9,CROSSTOUR,0
2023-08-14,SURCO,10,CR-Z,0
2023-08-14,SURCO,11,RID LINE,0
2023-08-14,SURCO,38,ACEITE 5W30,0
2023-08-14,SURCO,39,FILTRO,0
2023-08-14,SURCO,40,AMORT DEL,3
2023-08-14,SURCO,41,AMORT POS,0
2023-08-14,SURCO,42,"LLANTAS 18""",0
2023-08-14,SURCO,43,BATERÍA 18 PLC,0
2023-08-14,LA MOLINA,1,ACCORD,2
2023-08-14,LA MOLINA,2,CIVIC,2
2023-08-14,LA MOLINA,3,ODISSEY,5
2023-08-14,LA MOLINA,4,CRV,5
2023-08-14,LA MOLINA,5,PILOT,0
2023-08-14,LA MOLINA,6,FIT,0
2023-08-14,LA MOLINA,7,CITY,0
2023-08-14,LA MOLINA,8,ELEMENT,0
2023-08-14,LA MOLINA,9,CROSSTOUR,0
2023-08-14,LA MOLINA,10,CR-Z,0
2023-08-14,LA MOLINA,11,RID LINE,0
2023-08-14,LA MOLINA,38,ACEITE 5W30,0
2023-08-14,LA MOLINA,39,FILTRO,0
2023-08-14,LA MOLINA,40,AMORT DEL,1
2023-08-14,LA MOLINA,41,AMORT POS,0
2023-08-14,LA MOLINA,42,"LLANTAS 18""",0
2023-08-14,LA MOLINA,43,BATERÍA 18 PLC,0
2023-08-31,SURCO,1,ACCORD,2
2023-08-31,SURCO,2,CIVIC,3
2023-08-31,SURCO,3,ODISSEY,4
2023-08-31,SURCO,4,CRV,3
2023-08-31,SURCO,5,PILOT,1
2023-08-31,SURCO,6,FIT,4
2023-08-31,SURCO,7,CITY,0
2023-08-31,SURCO,8,ELEMENT,0
2023-08-31,SURCO,9,CROSSTOUR,0
2023-08-31,SURCO,10,CR-Z,0
2023-08-31,SURCO,11,RID LINE,0
2023-08-31,SURCO,38,ACEITE 5W30,0
2023-08-31,SURCO,39,FILTRO,0
2023-08-31,SURCO,40,AMORT DEL,0
2023-08-31,SURCO,41,AMORT POS,0
2023-08-31,SURCO,42,"LLANTAS 18""",0
2023-08-31,SURCO,43,BATERÍA 18 PLC,0
2023-08-31,LA MOLINA,1,ACCORD,2
2023-08-31,LA MOLINA,2,CIVIC,2
2023-08-31,LA MOLINA,3,ODISSEY,5
2023-08-31,LA MOLINA,4,CRV,5
2023-08-31,LA MOLINA,5,PILOT,0
2023-08-31,LA MOLINA,6,FIT,0
2023-08-31,LA MOLINA,7,CITY,0
2023-08-31,LA MOLINA,8,ELEMENT,0
2023-08-31,LA MOLINA,9,CROSSTOUR,0
2023-08-31,LA MOLINA,10,CR-Z,0
2023-08-31,LA MOLINA,11,RID LINE,0
2023-08-31,LA MOLINA,38,ACEITE 5W30,0
2023-08-31,LA MOLINA,39,FILTRO,0
2023-08-31,LA MOLINA,40,AMORT DEL,0
2023-08-31,LA MOLINA,41,AMORT POS,0
2023-08-31,LA MOLINA,42,"LLANTAS 18""",0
2023-08-31,LA MOLINA,43,BATERÍA 18 PLC,0
2023-09-14,SURCO,1,ACCORD,3
2023-09-14,SURCO,2,CIVIC,2
2023-09-14,SURCO,3,ODISSEY,0
2023-09-14,SURCO,4,CRV,5
2023-09-14,SURCO,5,PILOT,0
2023-09-14,SURCO,6,FIT,3
2023-09-14,SURCO,7,CITY,2
2023-09-14,SURCO,8,ELEMENT,0
2023-09-14,SURCO,9,CROSSTOUR,0
2023-09-14,SURCO,10,CR-Z,0
2023-09-14,SURCO,11,RID LINE,0
2023-09-14,SURCO,38,ACEITE 5W30,0
2023-09-14,SURCO,39,FILTRO,0
2023-09-14,SURCO,40,AMORT DEL,0
2023-09-14,SURCO,41,AMORT POS,0
2023-09-14,SURCO,42,"LLANTAS 18""",3
2023-09-14,SURCO,43,BATERÍA 18 PLC,0
2023-09-14,LA MOLINA,1,ACCORD,5
2023-09-14,LA MOLINA,2,CIVIC,4
2023-09-14,LA MOLINA,3,ODISSEY,1
2023-09-14,LA MOLINA,4,CRV,2
2023-09-14,LA MOLINA,5,PILOT,0
2023-09-14,LA MOLINA,6,FIT,0
2023-09-14,LA MOLINA,7,CITY,0
2023-09-14,LA MOLINA,8,ELEMENT,0
2023-09-14,LA MOLINA,9,CROSSTOUR,0
2023-09-14,LA MOLINA,10,CR-Z,0
2023-09-14,LA MOLINA,11,RID LINE,0
2023-09-14,LA MOLINA,38,ACEITE 5W30,0
2023-09-14,LA MOLINA,39,FILTRO,0
2023-09-14,LA MOLINA,40,AMORT DEL,0
2023-09-14,LA MOLINA,41,AMORT POS,0
2023-09-14,LA MOLINA,42,"LLANTAS 18""",0
2023-09-14,LA MOLINA,43,BATERÍA 18 PLC,0
2023-09-30,SURCO,1,ACCORD,3
2023-09-30,SURCO,2,CIVIC,2
2023-09-30,SURCO,3,ODISSEY,0
2023-09-30,SURCO,4,CRV,5
2023-09-30,SURCO,5,PILOT,0
2023-09-30,SURCO,6,FIT,3
2023-09-30,SURCO,7,CITY,2
2023-09-30,SURCO,8,ELEMENT,0
2023-09-30,SURCO,9,CROSSTOUR,0
2023-09-30,SURCO,10,CR-Z,0
2023-09-30,SURCO,11,RID LINE,0
2023-09-30,SURCO,38,ACEITE 5W30,0
2023-09-30,SURCO,39,FILTRO,0
2023-09-30,SURCO,40,AMORT DEL,0
2023-09-30,SURCO,41,AMORT POS,0
2023-09-30,SURCO,42,"LLANTAS 18""",0
2023-09-30,SURCO,43,BATERÍA 18 PLC,0
2023-09-30,LA MOLINA,1,ACCORD,5
2023-09-30,LA MOLINA,2,CIVIC,4
2023-09-30,LA MOLINA,3,ODISSEY,1
2023-09-30,LA MOLINA,4,CRV,2
2023-09-30,LA MOLINA,5,PILOT,0
2023-09-30,LA MOLINA,6,FIT,0
2023-09-30,LA MOLINA,7,CITY,0
2023-09-30,LA MOLINA,8,ELEMENT,0
2023-09-30,LA MOLINA,9,CROSSTOUR,0
2023-09-30,LA MOLINA,10,CR-Z,0
2023-09-30,LA MOLINA,11,RID LINE,0
2023-09-30,LA MOLINA,38,ACEITE 5W30,0
2023-09-30,LA MOLINA,39,FILTRO,0
2023-09-30,LA MOLINA,40,AMORT DEL,0
2023-09-30,LA MOLINA,41,AMORT POS,0
2023-09-30,LA MOLINA,42,"LLANTAS 18""",0
2023-09-30,LA MOLINA,43,BATERÍA 18 PLC,0
2023-10-14,SURCO,1,ACCORD,3
2023-10-14,SURCO,2,CIVIC,5
2023-10-14,SURCO,3,ODISSEY,3
2023-10-14,SURCO,4,CRV,3
2023-10-14,SURCO,5,PILOT,1
2023-10-14,SURCO,6,FIT,1
2023-10-14,SURCO,7,CITY,0
2023-10-14,SURCO,8,ELEMENT,0
2023-10-14,SURCO,9,CROSSTOUR,0
2023-10-14,SURCO,10,CR-Z,0
2023-10-14,SURCO,11,RID LINE,0
2023-10-14,SURCO,38,ACEITE 5W30,0
2023-10-14,SURCO,39,FILTRO,0
2023-10-14,SURCO,40,AMORT DEL,0
2023-10-14,SURCO,41,AMORT POS,0
2023-10-14,SURCO,42,"LLANTAS 18""",1
2023-10-14,SURCO,43,BATERÍA 18 PLC,0
2023-10-14,LA MOLINA,1,ACCORD,2
2023-10-14,LA MOLINA,2,CIVIC,4
2023-10-14,LA MOLINA,3,ODISSEY,3
2023-10-14,LA MOLINA,4,CRV,3
2023-10-14,LA MOLINA,5,PILOT,0
2023-10-14,LA MOLINA,6,FIT,0
2023-10-14,LA MOLINA,7,CITY,0
2023-10-14,LA MOLINA,8,ELEMENT,0
2023-10-14,LA MOLINA,9,CROSSTOUR,0
2023-10-14,LA MOLINA,10,CR-Z,0
2023-10-14,LA MOLINA,11,RID LINE,0
2023-10-14,LA MOLINA,38,ACEITE 5W30,0
2023-10-14,LA MOLINA,39,FILTRO,0
2023-10-14,LA MOLINA,40,AMORT DEL,0
2023-10-14,LA MOLINA,41,AMORT POS,0
2023-10-14,LA MOLINA,42,"LLANTAS 18""",3
2023-10-14,LA MOLINA,43,BATERÍA 18 PLC,0
2023-10-31,SURCO,1,ACCORD,3
2023-10-31,SURCO,2,CIVIC,5
2023-10-31,SURCO,3,ODISSEY,3
2023-10-31,SURCO,4,CRV,3
2023-10-31,SURCO,5,PILOT,1
2023-10-31,SURCO,6,FIT,1
2023-10-31,SURCO,7,CITY,0
2023-10-31,SURCO,8,ELEMENT,0
2023-10-31,SURCO,9,CROSSTOUR,0
2023-10-31,SURCO,10,CR-Z,0
2023-10-31,SURCO,11,RID LINE,0
2023-10-31,SURCO,38,ACEITE 5W30,0
2023-10-31,SURCO,39,FILTRO,0
2023-10-31,SURCO,40,AMORT DEL,0
2023-10-31,SURCO,41,AMORT POS,0
2023-10-31,SURCO,42,"LLANTAS 18""",0
2023-10-31,SURCO,43,BATERÍA 18 PLC,0
2023-10-31,LA MOLINA,1,ACCORD,2
2023-10-31,LA MOLINA,2,CIVIC,4
2023-10-31,LA MOLINA,3,ODISSEY,3
2023-10-31,LA MOLINA,4,CRV,3
2023-10-31,LA MOLINA,5,PILOT,0
2023-10-31,LA MOLINA,6,FIT,0
2023-10-31,LA MOLINA,7,CITY,0
2023-10-31,LA MOLINA,8,ELEMENT,0
2023-10-31,LA MOLINA,9,CROSSTOUR,0
2023-10-31,LA MOLINA,10,CR-Z,0
2023-10-31,LA MOLINA,11,RID LINE,0
2023-10-31,LA MOLINA,38,ACEITE 5W30,0
2023-10-31,LA MOLINA,39,FILTRO,0
2023-10-31,LA MOLINA,40,AMORT DEL,0
2023-10-31,LA MOLINA,41,AMORT POS,0
2023-10-31,LA MOLINA,42,"LLANTAS 18""",0
2023-10-31,LA MOLINA,43,BATERÍA 18 PLC,0
2023-11-14,SURCO,1,ACCORD,4
2023-11-14,SURCO,2,CIVIC,3
2023-11-14,SURCO,3,ODISSEY,2
2023-11-14,SURCO,4,CRV,3
2023-11-14,SURCO,5,PILOT,2
2023-11-14,SURCO,6,FIT,1
2023-11-14,SURCO,7,CITY,0
2023-11-14,SURCO,8,ELEMENT,0
2023-11-14,SURCO,9,CROSSTOUR,0
2023-11-14,SURCO,10,CR-Z,0
2023-11-14,SURCO,11,RID LINE,0
2023-11-14,SURCO,38,ACEITE 5W30,2
2023-11-14,SURCO,39,FILTRO,0
2023-11-14,SURCO,40,AMORT DEL,0
2023-11-14,SURCO,41,AMORT POS,0
2023-11-14,SURCO,42,"LLANTAS 18""",0
2023-11-14,SURCO,43,BATERÍA 18 PLC,0
2023-11-14,LA MOLINA,1,ACCORD,3
2023-11-14,LA MOLINA,2,CIVIC,3
2023-11-14,LA MOLINA,3,ODISSEY,3
2023-11-14,LA MOLINA,4,CRV,3
2023-11-14,LA MOLINA,5,PILOT,0
2023-11-14,LA MOLINA,6,FIT,0
2023-11-14,LA MOLINA,7,CITY,0
2023-11-14,LA MOLINA,8,ELEMENT,0
2023-11-14,LA MOLINA,9,CROSSTOUR,0
2023-11-14,LA MOLINA,10,CR-Z,0
2023-11-14,LA MOLINA,11,RID LINE,0
2023-11-14,LA MOLINA,38,ACEITE 5W30,3
2023-11-14,LA MOLINA,39,FILTRO,0
2023-11-14,LA MOLINA,40,AMORT DEL,0
2023-11-14,LA MOLINA,41,AMORT POS,0
2023-11-14,LA MOLINA,42,"LLANTAS 18""",0
2023-11-14,LA MOLINA,43,BATERÍA 18 PLC,0
2023-11-30,SURCO,1,ACCORD,4
2023-11-30,SURCO,2,CIVIC,3
2023-11-30,SURCO,3,ODISSEY,2
2023-11-30,SURCO,4,CRV,3
2023-11-30,SURCO,5,PILOT,2
2023-11-30,SURCO,6,FIT,1
2023-11-30,SURCO,7,CITY,0
2023-11-30,SURCO,8,ELEMENT,0
2023-11-30,SURCO,9,CROSSTOUR,0
2023-11-30,SURCO,10,CR-Z,0
2023-11-30,SURCO,11,RID LINE,0
2023-11-30,SURCO,38,ACEITE 5W30,0
2023-11-30,SURCO,39,FILTRO,0
2023-11-30,SURCO,40,AMORT DEL,0
2023-11-30,SURCO,41,AMORT POS,0
2023-11-30,SURCO,42,"LLANTAS 18""",0
2023-11-30,SURCO,43,BATERÍA 18 PLC,0
2023-11-30,LA MOLINA,1,ACCORD,3
2023-11-30,LA MOLINA,2,CIVIC,3
2023-11-30,LA MOLINA,3,ODISSEY,3
2023-11-30,LA MOLINA,4,CRV,3
2023-11-30,LA MOLINA,5,PILOT,0
2023-11-30,LA MOLINA,6,FIT,0
2023-11-30,LA MOLINA,7,CITY,0
2023-11-30,LA MOLINA,8,ELEMENT,0
2023-11-30,LA MOLINA,9,CROSSTOUR,0
2023-11-30,LA MOLINA,10,CR-Z,0
2023-11-30,LA MOLINA,11,RID LINE,0
2023-11-30,LA MOLINA,38,ACEITE 5W30,0
2023-11-30,LA MOLINA,39,FILTRO,0
2023-11-30,LA MOLINA,40,AMORT DEL,0
2023-11-30,LA MOLINA,41,AMORT POS,0
2023-11-30,LA MOLINA,42,"LLANTAS 18""",0
2023-11-30,LA MOLINA,43,BATERÍA 18 PLC,0
2023-12-14,SURCO,1,ACCORD,5
2023-12-14,SURCO,2,CIVIC,3
2023-12-14,SURCO,3,ODISSEY,3
2023-12-14,SURCO,4,CRV,5
2023-12-14,SURCO,5,PILOT,2
2023-12-14,SURCO,6,FIT,0
2023-12-14,SURCO,7,CITY,1
2023-12-14,SURCO,8,ELEMENT,0
2023-12-14,SURCO,9,CROSSTOUR,0
2023-12-14,SURCO,10,CR-Z,0
2023-12-14,SURCO,11,RID LINE,0
2023-12-14,SURCO,38,ACEITE 5W30,0
2023-12-14,SURCO,39,FILTRO,0
2023-12-14,SURCO,40,AMORT DEL,0
2023-12-14,SURCO,41,AMORT POS,0
2023-12-14,SURCO,42,"LLANTAS 18""",0
2023-12-14,SURCO,43,BATERÍA 18 PLC,0
2023-12-14,LA MOLINA,1,ACCORD,5
2023-12-14,LA MOLINA,2,CIVIC,4
2023-12-14,LA MOLINA,3,ODISSEY,5
2023-12-14,LA MOLINA,4,CRV,4
2023-12-14,LA MOLINA,5,PILOT,0
2023-12-14,LA MOLINA,6,FIT,0
2023-12-14,LA MOLINA,7,CITY,0
2023-12-14,LA MOLINA,8,ELEMENT,0
2023-12-14,LA MOLINA,9,CROSSTOUR,0
2023-12-14,LA MOLINA,10,CR-Z,0
2023-12-14,LA MOLINA,11,RID LINE,0
2023-12-14,LA MOLINA,38,ACEITE 5W30,0
2023-12-14,LA MOLINA,39,FILTRO,0
2023-12-14,LA MOLINA,40,AMORT DEL,0
2023-12-14,LA MOLINA,41,AMORT POS,0
2023-12-14,LA MOLINA,42,"LLANTAS 18""",0
2023-12-14,LA MOLINA,43,BATERÍA 18 PLC,0
2023-12-31,SURCO,1,ACCORD,5
2023-12-31,SURCO,2,CIVIC,3
2023-12-31,SURCO,3,ODISSEY,3
2023-12-31,SURCO,4,CRV,5
2023-12-31,SURCO,5,PILOT,2
2023-12-31,SURCO,6,FIT,0
2023-12-31,SURCO,7,CITY,0
2023-12-31,SURCO,8,ELEMENT,0
2023-12-31,SURCO,9,CROSSTOUR,0
2023-12-31,SURCO,10,CR-Z,0
2023-12-31,SURCO,11,RID LINE,0
2023-12-31,SURCO,38,ACEITE 5W30,0
2023-12-31,SURCO,39,FILTRO,0
2023-12-31,SURCO,40,AMORT DEL,0
2023-12-31,SURCO,41,AMORT POS,0
2023-12-31,SURCO,42,"LLANTAS 18""",0
2023-12-31,SURCO,43,BATERÍA 18 PLC,0
2023-12-31,LA MOLINA,1,ACCORD,5
2023-12-31,LA MOLINA,2,CIVIC,4
2023-12-31,LA MOLINA,3,ODISSEY,5
2023-12-31,LA MOLINA,4,CRV,4
2023-12-31,LA MOLINA,5,PILOT,0
2023-12-31,LA MOLINA,6,FIT,0
2023-12-31,LA MOLINA,7,CITY,0
2023-12-31,LA MOLINA,8,ELEMENT,0
2023-12-31,LA MOLINA,9,CROSSTOUR,0
2023-12-31,LA MOLINA,10,CR-Z,0
2023-12-31,LA MOLINA,11,RID LINE,0
2023-12-31,LA MOLINA,38,ACEITE 5W30,0
2023-12-31,LA MOLINA,39,FILTRO,0
2023-12-31,LA MOLINA,40,AMORT DEL,0
2023-12-31,LA MOLINA,41,AMORT POS,0
2023-12-31,LA MOLINA,42,"LLANTAS 18""",0
2023-12-31,LA MOLINA,43,BATERÍA 18 PLC,0
2024-01-14,SURCO,1,ACCORD,4
2024-01-14,SURCO,2,CIVIC,5
2024-01-14,SURCO,3,ODISSEY,4
2024-01-14,SURCO,4,CRV,3
2024-01-14,SURCO,5,PILOT,2
2024-01-14,SURCO,6,FIT,1
2024-01-14,SURCO,7,CITY,2
2024-01-14,SURCO,8,ELEMENT,0
2024-01-14,SURCO,9,CROSSTOUR,0
2024-01-14,SURCO,10,CR-Z,0
2024-01-14,SURCO,11,RID LINE,0
2024-01-14,SURCO,38,ACEITE 5W30,0
2024-01-14,SURCO,39,FILTRO,0
2024-01-14,SURCO,40,AMORT DEL,0
2024-01-14,SURCO,41,AMORT POS,0
2024-01-14,SURCO,42,"LLANTAS 18""",0
2024-01-14,SURCO,43,BATERÍA 18 PLC,0
2024-01-14,LA MOLINA,1,ACCORD,3
2024-01-14,LA MOLINA,2,CIVIC,4
2024-01-14,LA MOLINA,3,ODISSEY,5
2024-01-14,LA MOLINA,4,CRV,1
2024-01-14,LA MOLINA,5,PILOT,0
2024-01-14,LA MOLINA,6,FIT,0
2024-01-14,LA MOLINA,7,CITY,0
2024-01-14,LA MOLINA,8,ELEMENT,0
2024-01-14,LA MOLINA,9,CROSSTOUR,0
2024-01-14,LA MOLINA,10,CR-Z,0
2024-01-14,LA MOLINA,11,RID LINE,0
2024-01-14,LA MOLINA,38,ACEITE 5W30,0
2024-01-14,LA MOLINA,39,FILTRO,0
2024-01-14,LA MOLINA,40,AMORT DEL,0
2024-01-14,LA MOLINA,41,AMORT POS,0
2024-01-14,LA MOLINA,42,"LLANTAS 18""",0
2024-01-14,LA MOLINA,43,BATERÍA 18 PLC,0
2024-01-31,SURCO,1,ACCORD,4
2024-01-31,SURCO,2,CIVIC,5
2024-01-31,SURCO,3,ODISSEY,4
2024-01-31,SURCO,4,CRV,3
2024-01-31,SURCO,5,PILOT,2
2024-01-31,SURCO,6,FIT,1
2024-01-31,SURCO,7,CITY,2
2024-01-31,SURCO,8,ELEMENT,0
2024-01-31,SURCO,9,CROSSTOUR,0
2024-01-31,SURCO,10,CR-Z,0
2024-01-31,SURCO,11,RID LINE,0
2024-01-31,SURCO,38,ACEITE 5W30,0
2024-01-31,SURCO,39,FILTRO,1
2024-01-31,SURCO,40,AMORT DEL,0
2024-01-31,SURCO,41,AMORT POS,0
2024-01-31,SURCO,42,"LLANTAS 18""",0
2024-01-31,SURCO,43,BATERÍA 18 PLC,0
2024-01-31,LA MOLINA,1,ACCORD,3
2024-01-31,LA MOLINA,2,CIVIC,4
2024-01-31,LA MOLINA,3,ODISSEY,5
2024-01-31,LA MOLINA,4,CRV,1
2024-01-31,LA MOLINA,5,PILOT,0
2024-01-31,LA MOLINA,6,FIT,0
2024-01-31,LA MOLINA,7,CITY,0
2024-01-31,LA MOLINA,8,ELEMENT,0
2024-01-31,LA MOLINA,9,CROSSTOUR,0
2024-01-31,LA MOLINA,10,CR-Z,0
2024-01-31,LA MOLINA,11,RID LINE,0
2024-01-31,LA MOLINA,38,ACEITE 5W30,0
2024-01-31,LA MOLINA,39,FILTRO,1
2024-01-31,LA MOLINA,40,AMORT DEL,0
2024-01-31,LA MOLINA,41,AMORT POS,0
2024-01-31,LA MOLINA,42,"LLANTAS 18""",0
2024-01-31,LA MOLINA,43,BATERÍA 18 PLC,0
2024-02-14,SURCO,1,ACCORD,4
2024-02-14,SURCO,2,CIVIC,2
2024-02-14,SURCO,3,ODISSEY,3
2024-02-14,SURCO,4,CRV,3
2024-02-14,SURCO,5,PILOT,0
2024-02-14,SURCO,6,FIT,2
2024-02-14,SURCO,7,CITY,1
2024-02-14,SURCO,8,ELEMENT,0
2024-02-14,SURCO,9,CROSSTOUR,0
2024-02-14,SURCO,10,CR-Z,0
2024-02-14,SURCO,11,RID LINE,0
2024-02-14,SURCO,38,ACEITE 5W30,0
2024-02-14,SURCO,39,FILTRO,0
2024-02-14,SURCO,40,AMORT DEL,0
2024-02-14,SURCO,41,AMORT POS,3
2024-02-14,SURCO,42,"LLANTAS 18""",0
2024-02-14,SURCO,43,BATERÍA 18 PLC,0
2024-02-14,LA MOLINA,1,ACCORD,5
2024-02-14,LA MOLINA,2,CIVIC,3
2024-02-14,LA MOLINA,3,ODISSEY,2
2024-02-14,LA MOLINA,4,CRV,4
2024-02-14,LA MOLINA,5,PILOT,0
2024-02-14,LA MOLINA,6,FIT,0
2024-02-14,LA MOLINA,7,CITY,0
2024-02-14,LA MOLINA,8,ELEMENT,0
2024-02-14,LA MOLINA,9,CROSSTOUR,0
2024-02-14,LA MOLINA,10,CR-Z,0
2024-02-14,LA MOLINA,11,RID LINE,0
2024-02-14,LA MOLINA,38,ACEITE 5W30,0
2024-02-14,LA MOLINA,39,FILTRO,0
2024-02-14,LA MOLINA,40,AMORT DEL,0
2024-02-14,LA MOLINA,41,AMORT POS,4
2024-02-14,LA MOLINA,42,"LLANTAS 18""",0
2024-02-14,LA MOLINA,43,BATERÍA 18 PLC,0
2024-02-29,SURCO,1,ACCORD,4
2024-02-29,SURCO,2,CIVIC,2
2024-02-29,SURCO,3,ODISSEY,3
2024-02-29,SURCO,4,CRV,3
2024-02-29,SURCO,5,PILOT,0
2024-02-29,SURCO,6,FIT,2
2024-02-29,SURCO,7,CITY,1
2024-02-29,SURCO,8,ELEMENT,0
2024-02-29,SURCO,9,CROSSTOUR,0
2024-02-29,SURCO,10,CR-Z,0
2024-02-29,SURCO,11,RID LINE,0
2024-02-29,SURCO,38,ACEITE 5W30,0
2024-02-29,SURCO,39,FILTRO,0
2024-02-29,SURCO,40,AMORT DEL,0
2024-02-29,SURCO,41,AMORT POS,0
2024-02-29,SURCO,42,"LLANTAS 18""",0
2024-02-29,SURCO,43,BATERÍA 18 PLC,0
2024-02-29,LA MOLINA,1,ACCORD,5
2024-02-29,LA MOLINA,2,CIVIC,3
2024-02-29,LA MOLINA,3,ODISSEY,2
2024-02-29,LA MOLINA,4,CRV,4
2024-02-29,LA MOLINA,5,PILOT,0
2024-02-29,LA MOLINA,6,FIT,0
2024-02-29,LA MOLINA,7,CITY,0
2024-02-29,LA MOLINA,8,ELEMENT,0
2024-02-29,LA MOLINA,9,CROSSTOUR,0
2024-02-29,LA MOLINA,10,CR-Z,0
2024-02-29,LA MOLINA,11,RID LINE,0
2024-02-29,LA MOLINA,38,ACEITE 5W30,0
2024-02-29,LA MOLINA,39,FILTRO,0
2024-02-29,LA MOLINA,40,AMORT DEL,0
2024-02-29,LA MOLINA,41,AMORT POS,0
2024-02-29,LA MOLINA,42,"LLANTAS 18""",0
2024-02-29,LA MOLINA,43,BATERÍA 18 PLC,0
2024-03-14,SURCO,1,ACCORD,5
2024-03-14,SURCO,2,CIVIC,3
2024-03-14,SURCO,3,ODISSEY,4
2024-03-14,SURCO,4,CRV,2
2024-03-14,SURCO,5,PILOT,2
2024-03-14,SURCO,6,FIT,0
2024-03-14,SURCO,7,CITY,3
2024-03-14,SURCO,8,ELEMENT,0
2024-03-14,SURCO,9,CROSSTOUR,0
2024-03-14,SURCO,10,CR-Z,0
2024-03-14,SURCO,11,RID LINE,0
2024-03-14,SURCO,38,ACEITE 5W30,0
2024-03-14,SURCO,39,FILTRO,0
2024-03-14,SURCO,40,AMORT DEL,0
2024-03-14,SURCO,41,AMORT POS,0
2024-03-14,SURCO,42,"LLANTAS 18""",0
2024-03-14,SURCO,43,BATERÍA 18 PLC,0
2024-03-14,LA MOLINA,1,ACCORD,4
2024-03-14,LA MOLINA,2,CIVIC,5
2024-03-14,LA MOLINA,3,ODISSEY,4
2024-03-14,LA MOLINA,4,CRV,3
2024-03-14,LA MOLINA,5,PILOT,0
2024-03-14,LA MOLINA,6,FIT,0
2024-03-14,LA MOLINA,7,CITY,0
2024-03-14,LA MOLINA,8,ELEMENT,0
2024-03-14,LA MOLINA,9,CROSSTOUR,0
2024-03-14,LA MOLINA,10,CR-Z,0
2024-03-14,LA MOLINA,11,RID LINE,0
2024-03-14,LA MOLINA,38,ACEITE 5W30,0
2024-03-14,LA MOLINA,39,FILTRO,0
2024-03-14,LA MOLINA,40,AMORT DEL,0
2024-03-14,LA MOLINA,41,AMORT POS,0
2024-03-14,LA MOLINA,42,"LLANTAS 18""",0
2024-03-14,LA MOLINA,43,BATERÍA 18 PLC,0
2024-03-31,SURCO,1,ACCORD,5
2024-03-31,SURCO,2,CIVIC,3
2024-03-31,SURCO,3,ODISSEY,4
2024-03-31,SURCO,4,CRV,2
2024-03-31,SURCO,5,PILOT,2
2024-03-31,SURCO,6,FIT,0
2024-03-31,SURCO,7,CITY,3
2024-03-31,SURCO,8,ELEMENT,0
2024-03-31,SURCO,9,CROSSTOUR,0
2024-03-31,SURCO,10,CR-Z,0
2024-03-31,SURCO,11,RID LINE,0
2024-03-31,SURCO,38,ACEITE 5W30,0
2024-03-31,SURCO,39,FILTRO,0
2024-03-31,SURCO,40,AMORT DEL,0
2024-03-31,SURCO,41,AMORT POS,0
2024-03-31,SURCO,42,"LLANTAS 18""",0
2024-03-31,SURCO,43,BATERÍA 18 PLC,0
2024-03-31,LA MOLINA,1,ACCORD,4
2024-03-31,LA MOLINA,2,CIVIC,5
2024-03-31,LA MOLINA,3,ODISSEY,4
2024-03-31,LA MOLINA,4,CRV,3
2024-03-31,LA MOLINA,5,PILOT,0
2024-03-31,LA MOLINA,6,FIT,0
2024-03-31,LA MOLINA,7,CITY,0
2024-03-31,LA MOLINA,8,ELEMENT,0
2024-03-31,LA MOLINA,9,CROSSTOUR,0
2024-03-31,LA MOLINA,10,CR-Z,0
2024-03-31,LA MOLINA,11,RID LINE,0
2024-03-31,LA MOLINA,38,ACEITE 5W30,0
2024-03-31,LA MOLINA,39,FILTRO,0
2024-03-31,LA MOLINA,40,AMORT DEL,0
2024-03-31,LA MOLINA,41,AMORT POS,0
2024-03-31,LA MOLINA,42,"LLANTAS 18""",0
2024-03-31,LA MOLINA,43,BATERÍA 18 PLC,0
2024-04-14,SURCO,1,ACCORD,1
2024-04-14,SURCO,2,CIVIC,5
2024-04-14,SURCO,3,ODISSEY,4
2024-04-14,SURCO,4,CRV,5
2024-04-14,SURCO,5,PILOT,0
2024-04-14,SURCO,6,FIT,4
2024-04-14,SURCO,7,CITY,5
2024-04-14,SURCO,8,ELEMENT,0
2024-04-14,SURCO,9,CROSSTOUR,0
2024-04-14,SURCO,10,CR-Z,0
2024-04-14,SURCO,11,RID LINE,0
2024-04-14,SURCO,38,ACEITE 5W30,0
2024-04-14,SURCO,39,FILTRO,0
2024-04-14,SURCO,40,AMORT DEL,0
2024-04-14,SURCO,41,AMORT POS,0
2024-04-14,SURCO,42,"LLANTAS 18""",0
2024-04-14,SURCO,43,BATERÍA 18 PLC,0
2024-04-14,LA MOLINA,1,ACCORD,4
2024-04-14,LA MOLINA,2,CIVIC,3
2024-04-14,LA MOLINA,3,ODISSEY,5
2024-04-14,LA MOLINA,4,CRV,5
2024-04-14,LA MOLINA,5,PILOT,0
2024-04-14,LA MOLINA,6,FIT,0
2024-04-14,LA MOLINA,7,CITY,0
2024-04-14,LA MOLINA,8,ELEMENT,0
2024-04-14,LA MOLINA,9,CROSSTOUR,0
2024-04-14,LA MOLINA,10,CR-Z,0
2024-04-14,LA MOLINA,11,RID LINE,0
2024-04-14,LA MOLINA,38,ACEITE 5W30,0
2024-04-14,LA MOLINA,39,FILTRO,0
2024-04-14,LA MOLINA,40,AMORT DEL,0
2024-04-14,LA MOLINA,41,AMORT POS,0
2024-04-14,LA MOLINA,42,"LLANTAS 18""",0
2024-04-14,LA MOLINA,43,BATERÍA 18 PLC,0
2024-04-30,SURCO,1,ACCORD,1
2024-04-30,SURCO,2,CIVIC,5
2024-04-30,SURCO,3,ODISSEY,4
2024-04-30,SURCO,4,CRV,5
2024-04-30,SURCO,5,PILOT,0
2024-04-30,SURCO,6,FIT,4
2024-04-30,SURCO,7,CITY,5
2024-04-30,SURCO,8,ELEMENT,0
2024-04-30,SURCO,9,CROSSTOUR,0
2024-04-30,SURCO,10,CR-Z,0
2024-04-30,SURCO,11,RID LINE,0
2024-04-30,SURCO,38,ACEITE 5W30,0
2024-04-30,SURCO,39,FILTRO,0
2024-04-30,SURCO,40,AMORT DEL,0
2024-04-30,SURCO,41,AMORT POS,0
2024-04-30,SURCO,42,"LLANTAS 18""",0
2024-04-30,SURCO,43,BATERÍA 18 PLC,0
2024-04-30,LA MOLINA,1,ACCORD,4
2024-04-30,LA MOLINA,2,CIVIC,3
2024-04-30,LA MOLINA,3,ODISSEY,5
2024-04-30,LA MOLINA,4,CRV,5
2024-04-30,LA MOLINA,5,PILOT,0
2024-04-30,LA MOLINA,6,FIT,0
2024-04-30,LA MOLINA,7,CITY,0
2024-04-30,LA MOLINA,8,ELEMENT,0
2024-04-30,LA MOLINA,9,CROSSTOUR,0
2024-04-30,LA MOLINA,10,CR-Z,0
2024-04-30,LA MOLINA,11,RID LINE,0
2024-04-30,LA MOLINA,38,ACEITE 5W30,0
2024-04-30,LA MOLINA,39,FILTRO,0
2024-04-30,LA MOLINA,40,AMORT DEL,0
2024-04-30,LA MOLINA,41,AMORT POS,0
2024-04-30,LA MOLINA,42,"LLANTAS 18""",0
2024-04-30,LA MOLINA,43,BATERÍA 18 PLC,0
2024-05-14,SURCO,1,ACCORD,3
2024-05-14,SURCO,2,CIVIC,2
2024-05-14,SURCO,3,ODISSEY,3
2024-05-14,SURCO,4,CRV,4
2024-05-14,SURCO,5,PILOT,2
2024-05-14,SURCO,6,FIT,3
2024-05-14,SURCO,7,CITY,2
2024-05-14,SURCO,8,ELEMENT,0
2024-05-14,SURCO,9,CROSSTOUR,0
2024-05-14,SURCO,10,CR-Z,0
2024-05-14,SURCO,11,RID LINE,0
2024-05-14,SURCO,38,ACEITE 5W30,0
2024-05-14,SURCO,39,FILTRO,0
2024-05-14,SURCO,40,AMORT DEL,0
2024-05-14,SURCO,41,AMORT POS,0
2024-05-14,SURCO,42,"LLANTAS 18""",0
2024-05-14,SURCO,43,BATERÍA 18 PLC,0
2024-05-14,LA MOLINA,1,ACCORD,1
2024-05-14,LA MOLINA,2,CIVIC,5
2024-05-14,LA MOLINA,3,ODISSEY,4
2024-05-14,LA MOLINA,4,CRV,4
2024-05-14,LA MOLINA,5,PILOT,0
2024-05-14,LA MOLINA,6,FIT,0
2024-05-14,LA MOLINA,7,CITY,0
2024-05-14,LA MOLINA,8,ELEMENT,0
2024-05-14,LA MOLINA,9,CROSSTOUR,0
2024-05-14,LA MOLINA,10,CR-Z,0
2024-05-14,LA MOLINA,11,RID LINE,0
2024-05-14,LA MOLINA,38,ACEITE 5W30,0
2024-05-14,LA MOLINA,39,FILTRO,0
2024-05-14,LA MOLINA,40,AMORT DEL,0
2024-05-14,LA MOLINA,41,AMORT POS,0
2024-05-14,LA MOLINA,42,"LLANTAS 18""",0
2024-05-14,LA MOLINA,43,BATERÍA 18 PLC,0
2024-05-31,SURCO,1,ACCORD,3
2024-05-31,SURCO,2,CIVIC,2
2024-05-31,SURCO,3,ODISSEY,3
2024-05-31,SURCO,4,CRV,4
2024-05-31,SURCO,5,PILOT,2
2024-05-31,SURCO,6,FIT,3
2024-05-31,SURCO,7,CITY,2
2024-05-31,SURCO,8,ELEMENT,0
2024-05-31,SURCO,9,CROSSTOUR,0
2024-05-31,SURCO,10,CR-Z,0
2024-05-31,SURCO,11,RID LINE,0
2024-05-31,SURCO,38,ACEITE 5W30,0
2024-05-31,SURCO,39,FILTRO,0
2024-05-31,SURCO,40,AMORT DEL,0
2024-05-31,SURCO,41,AMORT POS,0
2024-05-31,SURCO,42,"LLANTAS 18""",0
2024-05-31,SURCO,43,BATERÍA 18 PLC,0
2024-05-31,LA MOLINA,1,ACCORD,1
2024-05-31,LA MOLINA,2,CIVIC,5
2024-05-31,LA MOLINA,3,ODISSEY,4
2024-05-31,LA MOLINA,4,CRV,4
2024-05-31,LA MOLINA,5,PILOT,0
2024-05-31,LA MOLINA,6,FIT,0
2024-05-31,LA MOLINA,7,CITY,0
2024-05-31,LA MOLINA,8,ELEMENT,0
2024-05-31,LA MOLINA,9,CROSSTOUR,0
2024-05-31,LA MOLINA,10,CR-Z,0
2024-05-31,LA MOLINA,11,RID LINE,0
2024-05-31,LA MOLINA,38,ACEITE 5W30,0
2024-05-31,LA MOLINA,39,FILTRO,0
2024-05-31,LA MOLINA,40,AMORT DEL,0
2024-05-31,LA MOLINA,41,AMORT POS,0
2024-05-31,LA MOLINA,42,"LLANTAS 18""",0
2024-05-31,LA MOLINA,43,BATERÍA 18 PLC,0
2024-06-14,SURCO,1,ACCORD,0
2024-06-14,SURCO,2,CIVIC,3
2024-06-14,SURCO,3,ODISSEY,4
2024-06-14,SURCO,4,CRV,3
2024-06-14,SURCO,5,PILOT,3
2024-06-14,SURCO,6,FIT,3
2024-06-14,SURCO,7,CITY,0
2024-06-14,SURCO,8,ELEMENT,0
2024-06-14,SURCO,9,CROSSTOUR,0
2024-06-14,SURCO,10,CR-Z,0
2024-06-14,SURCO,11,RID LINE,0
2024-06-14,SURCO,38,ACEITE 5W30,0
2024-06-14,SURCO,39,FILTRO,0
2024-06-14,SURCO,40,AMORT DEL,0
2024-06-14,SURCO,41,AMORT POS,0
2024-06-14,SURCO,42,"LLANTAS 18""",0
2024-06-14,SURCO,43,BATERÍA 18 PLC,0
2024-06-14,LA MOLINA,1,ACCORD,4
2024-06-14,LA MOLINA,2,CIVIC,3
2024-06-14,LA MOLINA,3,ODISSEY,5
2024-06-14,LA MOLINA,4,CRV,3
2024-06-14,LA MOLINA,5,PILOT,0
2024-06-14,LA MOLINA,6,FIT,0
2024-06-14,LA MOLINA,7,CITY,0
2024-06-14,LA MOLINA,8,ELEMENT,0
2024-06-14,LA MOLINA,9,CROSSTOUR,0
2024-06-14,LA MOLINA,10,CR-Z,0
2024-06-14,LA MOLINA,11,RID LINE,0
2024-06-14,LA MOLINA,38,ACEITE 5W30,0
2024-06-14,LA MOLINA,39,FILTRO,0
2024-06-14,LA MOLINA,40,AMORT DEL,0
2024-06-14,LA MOLINA,41,AMORT POS,4
2024-06-14,LA MOLINA,42,"LLANTAS 18""",0
2024-06-14,LA MOLINA,43,BATERÍA 18 PLC,0
2024-06-30,SURCO,1,ACCORD,0
2024-06-30,SURCO,2,CIVIC,3
2024-06-30,SURCO,3,ODISSEY,4
2024-06-30,SURCO,4,CRV,3
2024-06-30,SURCO,5,PILOT,3
2024-06-30,SURCO,6,FIT,3
2024-06-30,SURCO,7,CITY,0
2024-06-30,SURCO,8,ELEMENT,0
2024-06-30,SURCO,9,CROSSTOUR,0
2024-06-30,SURCO,10,CR-Z,0
2024-06-30,SURCO,11,RID LINE,0
2024-06-30,SURCO,38,ACEITE 5W30,0
2024-06-30,SURCO,39,FILTRO,0
2024-06-30,SURCO,40,AMORT DEL,0
2024-06-30,SURCO,41,AMORT POS,0
2024-06-30,SURCO,42,"LLANTAS 18""",0
2024-06-30,SURCO,43,BATERÍA 18 PLC,0
2024-06-30,LA MOLINA,1,ACCORD,4
2024-06-30,LA MOLINA,2,CIVIC,3
2024-06-30,LA MOLINA,3,ODISSEY,5
2024-06-30,LA MOLINA,4,CRV,3
2024-06-30,LA MOLINA,5,PILOT,0
2024-06-30,LA MOLINA,6,FIT,0
2024-06-30,LA MOLINA,7,CITY,0
2024-06-30,LA MOLINA,8,ELEMENT,0
2024-06-30,LA MOLINA,9,CROSSTOUR,0
2024-06-30,LA MOLINA,10,CR-Z,0
2024-06-30,LA MOLINA,11,RID LINE,0
2024-06-30,LA MOLINA,38,ACEITE 5W30,0
2024-06-30,LA MOLINA,39,FILTRO,0
2024-06-30,LA MOLINA,40,AMORT DEL,0
2024-06-30,LA MOLINA,41,AMORT POS,0
2024-06-30,LA MOLINA,42,"LLANTAS 18""",0
2024-06-30,LA MOLINA,43,BATERÍA 18 PLC,0
2024-07-14,SURCO,1,ACCORD,5
2024-07-14,SURCO,2,CIVIC,3
2024-07-14,SURCO,3,ODISSEY,5
2024-07-14,SURCO,4,CRV,5
2024-07-14,SURCO,5,PILOT,2
2024-07-14,SURCO,6,FIT,2
2024-07-14,SURCO,7,CITY,1
2024-07-14,SURCO,8,ELEMENT,0
2024-07-14,SURCO,9,CROSSTOUR,0
2024-07-14,SURCO,10,CR-Z,0
2024-07-14,SURCO,11,RID LINE,0
2024-07-14,SURCO,38,ACEITE 5W30,0
2024-07-14,SURCO,39,FILTRO,0
2024-07-14,SURCO,40,AMORT DEL,2
2024-07-14,SURCO,41,AMORT POS,0
2024-07-14,SURCO,42,"LLANTAS 18""",0
2024-07-14,SURCO,43,BATERÍA 18 PLC,0
2024-07-14,LA MOLINA,1,ACCORD,4
2024-07-14,LA MOLINA,2,CIVIC,4
2024-07-14,LA MOLINA,3,ODISSEY,3
2024-07-14,LA MOLINA,4,CRV,5
2024-07-14,LA MOLINA,5,PILOT,0
2024-07-14,LA MOLINA,6,FIT,0
2024-07-14,LA MOLINA,7,CITY,0
2024-07-14,LA MOLINA,8,ELEMENT,0
2024-07-14,LA MOLINA,9,CROSSTOUR,0
2024-07-14,LA MOLINA,10,CR-Z,0
2024-07-14,LA MOLINA,11,RID LINE,0
2024-07-14,LA MOLINA,38,ACEITE 5W30,0
2024-07-14,LA MOLINA,39,FILTRO,0
2024-07-14,LA MOLINA,40,AMORT DEL,0
2024-07-14,LA MOLINA,41,AMORT POS,0
2024-07-14,LA MOLINA,42,"LLANTAS 18""",0
2024-07-14,LA MOLINA,43,BATERÍA 18 PLC,0
2024-07-31,SURCO,1,ACCORD,5
2024-07-31,SURCO,2,CIVIC,3
2024-07-31,SURCO,3,ODISSEY,5
2024-07-31,SURCO,4,CRV,5
2024-07-31,SURCO,5,PILOT,2
2024-07-31,SURCO,6,FIT,2
2024-07-31,SURCO,7,CITY,0
2024-07-31,SURCO,8,ELEMENT,0
2024-07-31,SURCO,9,CROSSTOUR,0
2024-07-31,SURCO,10,CR-Z,0
2024-07-31,SURCO,11,RID LINE,0
2024-07-31,SURCO,38,ACEITE 5W30,0
2024-07-31,SURCO,39,FILTRO,0
2024-07-31,SURCO,40,AMORT DEL,0
2024-07-31,SURCO,41,AMORT POS,0
2024-07-31,SURCO,42,"LLANTAS 18""",0
2024-07-31,SURCO,43,BATERÍA 18 PLC,0
2024-07-31,LA MOLINA,1,ACCORD,4
2024-07-31,LA MOLINA,2,CIVIC,4
2024-07-31,LA MOLINA,3,ODISSEY,3
2024-07-31,LA MOLINA,4,CRV,5
2024-07-31,LA MOLINA,5,PILOT,0
2024-07-31,LA MOLINA,6,FIT,0
2024-07-31,LA MOLINA,7,CITY,0
2024-07-31,LA MOLINA,8,ELEMENT,0
2024-07-31,LA MOLINA,9,CROSSTOUR,0
2024-07-31,LA MOLINA,10,CR-Z,0
2024-07-31,LA MOLINA,11,RID LINE,0
2024-07-31,LA MOLINA,38,ACEITE 5W30,0
2024-07-31,LA MOLINA,39,FILTRO,0
2024-07-31,LA MOLINA,40,AMORT DEL,0
2024-07-31,LA MOLINA,41,AMORT POS,0
2024-07-31,LA MOLINA,42,"LLANTAS 18""",0
2024-07-31,LA MOLINA,43,BATERÍA 18 PLC,0
2024-08-14,SURCO,1,ACCORD,4
2024-08-14,SURCO,2,CIVIC,3
2024-08-14,SURCO,3,ODISSEY,4
2024-08-14,SURCO,4,CRV,5
2024-08-14,SURCO,5,PILOT,5
2024-08-14,SURCO,6,FIT,1
2024-08-14,SURCO,7,CITY,0
2024-08-14,SURCO,8,ELEMENT,0
2024-08-14,SURCO,9,CROSSTOUR,0
2024-08-14,SURCO,10,CR-Z,0
2024-08-14,SURCO,11,RID LINE,0
2024-08-14,SURCO,38,ACEITE 5W30,0
2024-08-14,SURCO,39,FILTRO,0
2024-08-14,SURCO,40,AMORT DEL,0
2024-08-14,SURCO,41,AMORT POS,0
2024-08-14,SURCO,42,"LLANTAS 18""",3
2024-08-14,SURCO,43,BATERÍA 18 PLC,0
2024-08-14,LA MOLINA,1,ACCORD,3
2024-08-14,LA MOLINA,2,CIVIC,5
2024-08-14,LA MOLINA,3,ODISSEY,2
2024-08-14,LA MOLINA,4,CRV,4
2024-08-14,LA MOLINA,5,PILOT,0
2024-08-14,LA MOLINA,6,FIT,0
2024-08-14,LA MOLINA,7,CITY,0
2024-08-14,LA MOLINA,8,ELEMENT,0
2024-08-14,LA MOLINA,9,CROSSTOUR,0
2024-08-14,LA MOLINA,10,CR-Z,0
2024-08-14,LA MOLINA,11,RID LINE,0
2024-08-14,LA MOLINA,38,ACEITE 5W30,0
2024-08-14,LA MOLINA,39,FILTRO,0
2024-08-14,LA MOLINA,40,AMORT DEL,0
2024-08-14,LA MOLINA,41,AMORT POS,0
2024-08-14,LA MOLINA,42,"LLANTAS 18""",1
2024-08-14,LA MOLINA,43,BATERÍA 18 PLC,0
2024-08-31,SURCO,1,ACCORD,4
2024-08-31,SURCO,2,CIVIC,3
2024-08-31,SURCO,3,ODISSEY,4
2024-08-31,SURCO,4,CRV,5
2024-08-31,SURCO,5,PILOT,5
2024-08-31,SURCO,6,FIT,1
2024-08-31,SURCO,7,CITY,0
2024-08-31,SURCO,8,ELEMENT,0
2024-08-31,SURCO,9,CROSSTOUR,0
2024-08-31,SURCO,10,CR-Z,0
2024-08-31,SURCO,11,RID LINE,0
2024-08-31,SURCO,38,ACEITE 5W30,0
2024-08-31,SURCO,39,FILTRO,0
2024-08-31,SURCO,40,AMORT DEL,0
2024-08-31,SURCO,41,AMORT POS,0
2024-08-31,SURCO,42,"LLANTAS 18""",0
2024-08-31,SURCO,43,BATERÍA 18 PLC,0
2024-08-31,LA MOLINA,1,ACCORD,3
2024-08-31,LA MOLINA,2,CIVIC,5
2024-08-31,LA MOLINA,3,ODISSEY,2
2024-08-31,LA MOLINA,4,CRV,4
2024-08-31,LA MOLINA,5,PILOT,0
2024-08-31,LA MOLINA,6,FIT,0
2024-08-31,LA MOLINA,7,CITY,0
2024-08-31,LA MOLINA,8,ELEMENT,0
2024-08-31,LA MOLINA,9,CROSSTOUR,0
2024-08-31,LA MOLINA,10,CR-Z,0
2024-08-31,LA MOLINA,11,RID LINE,0
2024-08-31,LA MOLINA,38,ACEITE 5W30,0
2024-08-31,LA MOLINA,39,FILTRO,0
2024-08-31,LA MOLINA,40,AMORT DEL,0
2024-08-31,LA MOLINA,41,AMORT POS,0
2024-08-31,LA MOLINA,42,"LLANTAS 18""",0
2024-08-31,LA MOLINA,43,BATERÍA 18 PLC,0
2024-09-14,SURCO,1,ACCORD,1
2024-09-14,SURCO,2,CIVIC,2
2024-09-14,SURCO,3,ODISSEY,5
2024-09-14,SURCO,4,CRV,4
2024-09-14,SURCO,5,PILOT,0
2024-09-14,SURCO,6,FIT,2
2024-09-14,SURCO,7,CITY,3
2024-09-14,SURCO,8,ELEMENT,0
2024-09-14,SURCO,9,CROSSTOUR,0
2024-09-14,SURCO,10,CR-Z,0
2024-09-14,SURCO,11,RID LINE,0
2024-09-14,SURCO,38,ACEITE 5W30,0
2024-09-14,SURCO,39,FILTRO,0
2024-09-14,SURCO,40,AMORT DEL,0
2024-09-14,SURCO,41,AMORT POS,0
2024-09-14,SURCO,42,"LLANTAS 18""",0
2024-09-14,SURCO,43,BATERÍA 18 PLC,0
2024-09-14,LA MOLINA,1,ACCORD,3
2024-09-14,LA MOLINA,2,CIVIC,5
2024-09-14,LA MOLINA,3,ODISSEY,5
2024-09-14,LA MOLINA,4,CRV,4
2024-09-14,LA MOLINA,5,PILOT,0
2024-09-14,LA MOLINA,6,FIT,0
2024-09-14,LA MOLINA,7,CITY,0
2024-09-14,LA MOLINA,8,ELEMENT,0
2024-09-14,LA MOLINA,9,CROSSTOUR,0
2024-09-14,LA MOLINA,10,CR-Z,0
2024-09-14,LA MOLINA,11,RID LINE,0
2024-09-14,LA MOLINA,38,ACEITE 5W30,0
2024-09-14,LA MOLINA,39,FILTRO,0
2024-09-14,LA MOLINA,40,AMORT DEL,2
2024-09-14,LA MOLINA,41,AMORT POS,0
2024-09-14,LA MOLINA,42,"LLANTAS 18""",0
2024-09-14,LA MOLINA,43,BATERÍA 18 PLC,0
2024-09-30,SURCO,1,ACCORD,1
2024-09-30,SURCO,2,CIVIC,2
2024-09-30,SURCO,3,ODISSEY,5
2024-09-30,SURCO,4,CRV,4
2024-09-30,SURCO,5,PILOT,0
2024-09-30,SURCO,6,FIT,2
2024-09-30,SURCO,7,CITY,3
2024-09-30,SURCO,8,ELEMENT,0
2024-09-30,SURCO,9,CROSSTOUR,0
2024-09-30,SURCO,10,CR-Z,0
2024-09-30,SURCO,11,RID LINE,0
2024-09-30,SURCO,38,ACEITE 5W30,0
2024-09-30,SURCO,39,FILTRO,0
2024-09-30,SURCO,40,AMORT DEL,0
2024-09-30,SURCO,41,AMORT POS,0
2024-09-30,SURCO,42,"LLANTAS 18""",0
2024-09-30,SURCO,43,BATERÍA 18 PLC,0
2024-09-30,LA MOLINA,1,ACCORD,3
2024-09-30,LA MOLINA,2,CIVIC,5
2024-09-30,LA MOLINA,3,ODISSEY,5
2024-09-30,LA MOLINA,4,CRV,4
2024-09-30,LA MOLINA,5,PILOT,0
2024-09-30,LA MOLINA,6,FIT,0
2024-09-30,LA MOLINA,7,CITY,0
2024-09-30,LA MOLINA,8,ELEMENT,0
2024-09-30,LA MOLINA,9,CROSSTOUR,0
2024-09-30,LA MOLINA,10,CR-Z,0
2024-09-30,LA MOLINA,11,RID LINE,0
2024-09-30,LA MOLINA,38,ACEITE 5W30,0
2024-09-30,LA MOLINA,39,FILTRO,0
2024-09-30,LA MOLINA,40,AMORT DEL,0
2024-09-30,LA MOLINA,41,AMORT POS,0
2024-09-30,LA MOLINA,42,"LLANTAS 18""",0
2024-09-30,LA MOLINA,43,BATERÍA 18 PLC,0
2024-10-14,SURCO,1,ACCORD,4
2024-10-14,SURCO,2,CIVIC,3
2024-10-14,SURCO,3,ODISSEY,3
2024-10-14,SURCO,4,CRV,4
2024-10-14,SURCO,5,PILOT,1
2024-10-14,SURCO,6,FIT,0
2024-10-14,SURCO,7,CITY,0
2024-10-14,SURCO,8,ELEMENT,0
2024-10-14,SURCO,9,CROSSTOUR,0
2024-10-14,SURCO,10,CR-Z,0
2024-10-14,SURCO,11,RID LINE,0
2024-10-14,SURCO,38,ACEITE 5W30,0
2024-10-14,SURCO,39,FILTRO,1
2024-10-14,SURCO,40,AMORT DEL,0
2024-10-14,SURCO,41,AMORT POS,0
2024-10-14,SURCO,42,"LLANTAS 18""",0
2024-10-14,SURCO,43,BATERÍA 18 PLC,0
2024-10-14,LA MOLINA,1,ACCORD,3
2024-10-14,LA MOLINA,2,CIVIC,3
2024-10-14,LA MOLINA,3,ODISSEY,1
2024-10-14,LA MOLINA,4,CRV,4
2024-10-14,LA MOLINA,5,PILOT,0
2024-10-14,LA MOLINA,6,FIT,0
2024-10-14,LA MOLINA,7,CITY,0
2024-10-14,LA MOLINA,8,ELEMENT,0
2024-10-14,LA MOLINA,9,CROSSTOUR,0
2024-10-14,LA MOLINA,10,CR-Z,0
2024-10-14,LA MOLINA,11,RID LINE,0
2024-10-14,LA MOLINA,38,ACEITE 5W30,0
2024-10-14,LA MOLINA,39,FILTRO,1
2024-10-14,LA MOLINA,40,AMORT DEL,0
2024-10-14,LA MOLINA,41,AMORT POS,0
2024-10-14,LA MOLINA,42,"LLANTAS 18""",0
2024-10-14,LA MOLINA,43,BATERÍA 18 PLC,0
2024-10-31,SURCO,1,ACCORD,4
2024-10-31,SURCO,2,CIVIC,3
2024-10-31,SURCO,3,ODISSEY,3
2024-10-31,SURCO,4,CRV,4
2024-10-31,SURCO,5,PILOT,1
2024-10-31,SURCO,6,FIT,0
2024-10-31,SURCO,7,CITY,0
2024-10-31,SURCO,8,ELEMENT,0
2024-10-31,SURCO,9,CROSSTOUR,0
2024-10-31,SURCO,10,CR-Z,0
2024-10-31,SURCO,11,RID LINE,0
2024-10-31,SURCO,38,ACEITE 5W30,0
2024-10-31,SURCO,39,FILTRO,1
2024-10-31,SURCO,40,AMORT DEL,0
2024-10-31,SURCO,41,AMORT POS,0
2024-10-31,SURCO,42,"LLANTAS 18""",0
2024-10-31,SURCO,43,BATERÍA 18 PLC,0
2024-10-31,LA MOLINA,1,ACCORD,3
2024-10-31,LA MOLINA,2,CIVIC,3
2024-10-31,LA MOLINA,3,ODISSEY,1
2024-10-31,LA MOLINA,4,CRV,4
2024-10-31,LA MOLINA,5,PILOT,0
2024-10-31,LA MOLINA,6,FIT,0
2024-10-31,LA MOLINA,7,CITY,0
2024-10-31,LA MOLINA,8,ELEMENT,0
2024-10-31,LA MOLINA,9,CROSSTOUR,0
2024-10-31,LA MOLINA,10,CR-Z,0
2024-10-31,LA MOLINA,11,RID LINE,0
2024-10-31,LA MOLINA,38,ACEITE 5W30,0
2024-10-31,LA MOLINA,39,FILTRO,1
2024-10-31,LA MOLINA,40,AMORT DEL,0
2024-10-31,LA MOLINA,41,AMORT POS,0
2024-10-31,LA MOLINA,42,"LLANTAS 18""",0
2024-10-31,LA MOLINA,43,BATERÍA 18 PLC,0
2024-11-14,SURCO,1,ACCORD,4
2024-11-14,SURCO,2,CIVIC,2
2024-11-14,SURCO,3,ODISSEY,5
2024-11-14,SURCO,4,CRV,2
2024-11-14,SURCO,5,PILOT,2
2024-11-14,SURCO,6,FIT,1
2024-11-14,SURCO,7,CITY,0
2024-11-14,SURCO,8,ELEMENT,0
2024-11-14,SURCO,9,CROSSTOUR,0
2024-11-14,SURCO,10,CR-Z,0
2024-11-14,SURCO,11,RID LINE,0
2024-11-14,SURCO,38,ACEITE 5W30,0
2024-11-14,SURCO,39,FILTRO,0
2024-11-14,SURCO,40,AMORT DEL,1
2024-11-14,SURCO,41,AMORT POS,0
2024-11-14,SURCO,42,"LLANTAS 18""",0
2024-11-14,SURCO,43,BATERÍA 18 PLC,0
2024-11-14,LA MOLINA,1,ACCORD,2
2024-11-14,LA MOLINA,2,CIVIC,3
2024-11-14,LA MOLINA,3,ODISSEY,5
2024-11-14,LA MOLINA,4,CRV,3
2024-11-14,LA MOLINA,5,PILOT,0
2024-11-14,LA MOLINA,6,FIT,0
2024-11-14,LA MOLINA,7,CITY,0
2024-11-14,LA MOLINA,8,ELEMENT,0
2024-11-14,LA MOLINA,9,CROSSTOUR,0
2024-11-14,LA MOLINA,10,CR-Z,0
2024-11-14,LA MOLINA,11,RID LINE,0
2024-11-14,LA MOLINA,38,ACEITE 5W30,0
2024-11-14,LA MOLINA,39,FILTRO,0
2024-11-14,LA MOLINA,40,AMORT DEL,4
2024-11-14,LA MOLINA,41,AMORT POS,0
2024-11-14,LA MOLINA,42,"LLANTAS 18""",0
2024-11-14,LA MOLINA,43,BATERÍA 18 PLC,0
2024-11-30,SURCO,1,ACCORD,4
2024-11-30,SURCO,2,CIVIC,2
2024-11-30,SURCO,3,ODISSEY,5
2024-11-30,SURCO,4,CRV,2
2024-11-30,SURCO,5,PILOT,2
2024-11-30,SURCO,6,FIT,1
2024-11-30,SURCO,7,CITY,0
2024-11-30,SURCO,8,ELEMENT,0
2024-11-30,SURCO,9,CROSSTOUR,0
2024-11-30,SURCO,10,CR-Z,0
2024-11-30,SURCO,11,RID LINE,0
2024-11-30,SURCO,38,ACEITE 5W30,0
2024-11-30,SURCO,39,FILTRO,0
2024-11-30,SURCO,40,AMORT DEL,0
2024-11-30,SURCO,41,AMORT POS,0
2024-11-30,SURCO,42,"LLANTAS 18""",0
2024-11-30,SURCO,43,BATERÍA 18 PLC,0
2024-11-30,LA MOLINA,1,ACCORD,2
2024-11-30,LA MOLINA,2,CIVIC,3
2024-11-30,LA MOLINA,3,ODISSEY,5
2024-11-30,LA MOLINA,4,CRV,3
2024-11-30,LA MOLINA,5,PILOT,0
2024-11-30,LA MOLINA,6,FIT,0
2024-11-30,LA MOLINA,7,CITY,0
2024-11-30,LA MOLINA,8,ELEMENT,0
2024-11-30,LA MOLINA,9,CROSSTOUR,0
2024-11-30,LA MOLINA,10,CR-Z,0
2024-11-30,LA MOLINA,11,RID LINE,0
2024-11-30,LA MOLINA,38,ACEITE 5W30,0
2024-11-30,LA MOLINA,39,FILTRO,0
2024-11-30,LA MOLINA,40,AMORT DEL,0
2024-11-30,LA MOLINA,41,AMORT POS,0
2024-11-30,LA MOLINA,42,"LLANTAS 18""",0
2024-11-30,LA MOLINA,43,BATERÍA 18 PLC,0
2024-12-14,SURCO,1,ACCORD,3
2024-12-14,SURCO,2,CIVIC,5
2024-12-14,SURCO,3,ODISSEY,4
2024-12-14,SURCO,4,CRV,3
2024-12-14,SURCO,5,PILOT,2
2024-12-14,SURCO,6,FIT,2
2024-12-14,SURCO,7,CITY,1
2024-12-14,SURCO,8,ELEMENT,0
2024-12-14,SURCO,9,CROSSTOUR,0
2024-12-14,SURCO,10,CR-Z,0
2024-12-14,SURCO,11,RID LINE,0
2024-12-14,SURCO,38,ACEITE 5W30,0
2024-12-14,SURCO,39,FILTRO,0
2024-12-14,SURCO,40,AMORT DEL,0
2024-12-14,SURCO,41,AMORT POS,0
2024-12-14,SURCO,42,"LLANTAS 18""",4
2024-12-14,SURCO,43,BATERÍA 18 PLC,0
2024-12-14,LA MOLINA,1,ACCORD,3
2024-12-14,LA MOLINA,2,CIVIC,2
2024-12-14,LA MOLINA,3,ODISSEY,3
2024-12-14,LA MOLINA,4,CRV,4
2024-12-14,LA MOLINA,5,PILOT,0
2024-12-14,LA MOLINA,6,FIT,0
2024-12-14,LA MOLINA,7,CITY,0
2024-12-14,LA MOLINA,8,ELEMENT,0
2024-12-14,LA MOLINA,9,CROSSTOUR,0
2024-12-14,LA MOLINA,10,CR-Z,0
2024-12-14,LA MOLINA,11,RID LINE,0
2024-12-14,LA MOLINA,38,ACEITE 5W30,0
2024-12-14,LA MOLINA,39,FILTRO,0
2024-12-14,LA MOLINA,40,AMORT DEL,0
2024-12-14,LA MOLINA,41,AMORT POS,0
2024-12-14,LA MOLINA,42,"LLANTAS 18""",0
2024-12-14,LA MOLINA,43,BATERÍA 18 PLC,0
2024-12-31,SURCO,1,ACCORD,3
2024-12-31,SURCO,2,CIVIC,5
2024-12-31,SURCO,3,ODISSEY,4
2024-12-31,SURCO,4,CRV,3
2024-12-31,SURCO,5,PILOT,2
2024-12-31,SURCO,6,FIT,2
2024-12-31,SURCO,7,CITY,0
2024-12-31,SURCO,8,ELEMENT,0
2024-12-31,SURCO,9,CROSSTOUR,0
2024-12-31,SURCO,10,CR-Z,0
2024-12-31,SURCO,11,RID LINE,0
2024-12-31,SURCO,38,ACEITE 5W30,0
2024-12-31,SURCO,39,FILTRO,0
2024-12-31,SURCO,40,AMORT DEL,0
2024-12-31,SURCO,41,AMORT POS,0
2024-12-31,SURCO,42,"LLANTAS 18""",0
2024-12-31,SURCO,43,BATERÍA 18 PLC,0
2024-12-31,LA MOLINA,1,ACCORD,3
2024-12-31,LA MOLINA,2,CIVIC,2
2024-12-31,LA MOLINA,3,ODISSEY,3
2024-12-31,LA MOLINA,4,CRV,4
2024-12-31,LA MOLINA,5,PILOT,0
2024-12-31,LA MOLINA,6,FIT,0
2024-12-31,LA MOLINA,7,CITY,0
2024-12-31,LA MOLINA,8,ELEMENT,0
2024-12-31,LA MOLINA,9,CROSSTOUR,0
2024-12-31,LA MOLINA,10,CR-Z,0
2024-12-31,LA MOLINA,11,RID LINE,0
2024-12-31,LA MOLINA,38,ACEITE 5W30,0
2024-12-31,LA MOLINA,39,FILTRO,0
2024-12-31,LA MOLINA,40,AMORT DEL,0
2024-12-31,LA MOLINA,41,AMORT POS,0
2024-12-31,LA MOLINA,42,"LLANTAS 18""",0
2024-12-31,LA MOLINA,43,BATERÍA 18 PLC,0
2025-01-14,SURCO,1,ACCORD,2
2025-01-14,SURCO,2,CIVIC,1
2025-01-14,SURCO,3,ODISSEY,1
2025-01-14,SURCO,4,CRV,5
2025-01-14,SURCO,5,PILOT,0
2025-01-14,SURCO,6,FIT,1
2025-01-14,SURCO,7,CITY,2
2025-01-14,SURCO,8,ELEMENT,0
2025-01-14,SURCO,9,CROSSTOUR,0
2025-01-14,SURCO,10,CR-Z,0
2025-01-14,SURCO,11,RID LINE,0
2025-01-14,SURCO,38,ACEITE 5W30,0
2025-01-14,SURCO,39,FILTRO,0
2025-01-14,SURCO,40,AMORT DEL,4
2025-01-14,SURCO,41,AMORT POS,0
2025-01-14,SURCO,42,"LLANTAS 18""",0
2025-01-14,SURCO,43,BATERÍA 18 PLC,0
2025-01-14,LA MOLINA,1,ACCORD,5
2025-01-14,LA MOLINA,2,CIVIC,3
2025-01-14,LA MOLINA,3,ODISSEY,4
2025-01-14,LA MOLINA,4,CRV,5
2025-01-14,LA MOLINA,5,PILOT,0
2025-01-14,LA MOLINA,6,FIT,0
2025-01-14,LA MOLINA,7,CITY,0
2025-01-14,LA MOLINA,8,ELEMENT,0
2025-01-14,LA MOLINA,9,CROSSTOUR,0
2025-01-14,LA MOLINA,10,CR-Z,0
2025-01-14,LA MOLINA,11,RID LINE,0
2025-01-14,LA MOLINA,38,ACEITE 5W30,0
2025-01-14,LA MOLINA,39,FILTRO,0
2025-01-14,LA MOLINA,40,AMORT DEL,0
2025-01-14,LA MOLINA,41,AMORT POS,0
2025-01-14,LA MOLINA,42,"LLANTAS 18""",0
2025-01-14,LA MOLINA,43,BATERÍA 18 PLC,0
2025-01-31,SURCO,1,ACCORD,2
2025-01-31,SURCO,2,CIVIC,1
2025-01-31,SURCO,3,ODISSEY,1
2025-01-31,SURCO,4,CRV,5
2025-01-31,SURCO,5,PILOT,0
2025-01-31,SURCO,6,FIT,1
2025-01-31,SURCO,7,CITY,2
2025-01-31,SURCO,8,ELEMENT,0
2025-01-31,SURCO,9,CROSSTOUR,0
2025-01-31,SURCO,10,CR-Z,0
2025-01-31,SURCO,11,RID LINE,0
2025-01-31,SURCO,38,ACEITE 5W30,0
2025-01-31,SURCO,39,FILTRO,0
2025-01-31,SURCO,40,AMORT DEL,0
2025-01-31,SURCO,41,AMORT POS,0
2025-01-31,SURCO,42,"LLANTAS 18""",0
2025-01-31,SURCO,43,BATERÍA 18 PLC,0
2025-01-31,LA MOLINA,1,ACCORD,5
2025-01-31,LA MOLINA,2,CIVIC,3
2025-01-31,LA MOLINA,3,ODISSEY,4
2025-01-31,LA MOLINA,4,CRV,5
2025-01-31,LA MOLINA,5,PILOT,0
2025-01-31,LA MOLINA,6,FIT,0
2025-01-31,LA MOLINA,7,CITY,0
2025-01-31,LA MOLINA,8,ELEMENT,0
2025-01-31,LA MOLINA,9,CROSSTOUR,0
2025-01-31,LA MOLINA,10,CR-Z,0
2025-01-31,LA MOLINA,11,RID LINE,0
2025-01-31,LA MOLINA,38,ACEITE 5W30,0
2025-01-31,LA MOLINA,39,FILTRO,0
2025-01-31,LA MOLINA,40,AMORT DEL,0
2025-01-31,LA MOLINA,41,AMORT POS,0
2025-01-31,LA MOLINA,42,"LLANTAS 18""",0
2025-01-31,LA MOLINA,43,BATERÍA 18 PLC,0
2025-02-14,SURCO,1,ACCORD,3
2025-02-14,SURCO,2,CIVIC,4
2025-02-14,SURCO,3,ODISSEY,4
2025-02-14,SURCO,4,CRV,3
2025-02-14,SURCO,5,PILOT,1
2025-02-14,SURCO,6,FIT,0
2025-02-14,SURCO,7,CITY,3
2025-02-14,SURCO,8,ELEMENT,0
2025-02-14,SURCO,9,CROSSTOUR,0
2025-02-14,SURCO,10,CR-Z,0
2025-02-14,SURCO,11,RID LINE,0
2025-02-14,SURCO,38,ACEITE 5W30,0
2025-02-14,SURCO,39,FILTRO,0
2025-02-14,SURCO,40,AMORT DEL,0
2025-02-14,SURCO,41,AMORT POS,0
2025-02-14,SURCO,42,"LLANTAS 18""",0
2025-02-14,SURCO,43,BATERÍA 18 PLC,0
2025-02-14,LA MOLINA,1,ACCORD,1
2025-02-14,LA MOLINA,2,CIVIC,2
2025-02-14,LA MOLINA,3,ODISSEY,3
2025-02-14,LA MOLINA,4,CRV,4
2025-02-14,LA MOLINA,5,PILOT,0
2025-02-14,LA MOLINA,6,FIT,0
2025-02-14,LA MOLINA,7,CITY,0
2025-02-14,LA MOLINA,8,ELEMENT,0
2025-02-14,LA MOLINA,9,CROSSTOUR,0
2025-02-14,LA MOLINA,10,CR-Z,0
2025-02-14,LA MOLINA,11,RID LINE,0
2025-02-14,LA MOLINA,38,ACEITE 5W30,0
2025-02-14,LA MOLINA,39,FILTRO,0
2025-02-14,LA MOLINA,40,AMORT DEL,0
2025-02-14,LA MOLINA,41,AMORT POS,0
2025-02-14,LA MOLINA,42,"LLANTAS 18""",0
2025-02-14,LA MOLINA,43,BATERÍA 18 PLC,0
2025-02-28,SURCO,1,ACCORD,3
2025-02-28,SURCO,2,CIVIC,4
2025-02-28,SURCO,3,ODISSEY,4
2025-02-28,SURCO,4,CRV,3
2025-02-28,SURCO,5,PILOT,1
2025-02-28,SURCO,6,FIT,0
2025-02-28,SURCO,7,CITY,3
2025-02-28,SURCO,8,ELEMENT,0
2025-02-28,SURCO,9,CROSSTOUR,0
2025-02-28,SURCO,10,CR-Z,0
2025-02-28,SURCO,11,RID LINE,0
2025-02-28,SURCO,38,ACEITE 5W30,0
2025-02-28,SURCO,39,FILTRO,0
2025-02-28,SURCO,40,AMORT DEL,0
2025-02-28,SURCO,41,AMORT POS,0
2025-02-28,SURCO,42,"LLANTAS 18""",0
2025-02-28,SURCO,43,BATERÍA 18 PLC,0
2025-02-28,LA MOLINA,1,ACCORD,1
2025-02-28,LA MOLINA,2,CIVIC,2
2025-02-28,LA MOLINA,3,ODISSEY,3
2025-02-28,LA MOLINA,4,CRV,4
2025-02-28,LA MOLINA,5,PILOT,0
2025-02-28,LA MOLINA,6,FIT,0
2025-02-28,LA MOLINA,7,CITY,0
2025-02-28,LA MOLINA,8,ELEMENT,0
2025-02-28,LA MOLINA,9,CROSSTOUR,0
2025-02-28,LA MOLINA,10,CR-Z,0
2025-02-28,LA MOLINA,11,RID LINE,0
2025-02-28,LA MOLINA,38,ACEITE 5W30,0
2025-02-28,LA MOLINA,39,FILTRO,0
2025-02-28,LA MOLINA,40,AMORT DEL,0
2025-02-28,LA MOLINA,41,AMORT POS,0
2025-02-28,LA MOLINA,42,"LLANTAS 18""",0
2025-02-28,LA MOLINA,43,BATERÍA 18 PLC,0
2025-03-14,SURCO,1,ACCORD,5
2025-03-14,SURCO,2,CIVIC,3
2025-03-14,SURCO,3,ODISSEY,1
2025-03-14,SURCO,4,CRV,3
2025-03-14,SURCO,5,PILOT,2
2025-03-14,SURCO,6,FIT,3
2025-03-14,SURCO,7,CITY,1
2025-03-14,SURCO,8,ELEMENT,0
2025-03-14,SURCO,9,CROSSTOUR,0
2025-03-14,SURCO,10,CR-Z,0
2025-03-14,SURCO,11,RID LINE,0
2025-03-14,SURCO,38,ACEITE 5W30,0
2025-03-14,SURCO,39,FILTRO,0
2025-03-14,SURCO,40,AMORT DEL,0
2025-03-14,SURCO,41,AMORT POS,1
2025-03-14,SURCO,42,"LLANTAS 18""",0
2025-03-14,SURCO,43,BATERÍA 18 PLC,0
2025-03-14,LA MOLINA,1,ACCORD,5
2025-03-14,LA MOLINA,2,CIVIC,4
2025-03-14,LA MOLINA,3,ODISSEY,1
2025-03-14,LA MOLINA,4,CRV,2
2025-03-14,LA MOLINA,5,PILOT,0
2025-03-14,LA MOLINA,6,FIT,0
2025-03-14,LA MOLINA,7,CITY,0
2025-03-14,LA MOLINA,8,ELEMENT,0
2025-03-14,LA MOLINA,9,CROSSTOUR,0
2025-03-14,LA MOLINA,10,CR-Z,0
2025-03-14,LA MOLINA,11,RID LINE,0
2025-03-14,LA MOLINA,38,ACEITE 5W30,0
2025-03-14,LA MOLINA,39,FILTRO,0
2025-03-14,LA MOLINA,40,AMORT DEL,0
2025-03-14,LA MOLINA,41,AMORT POS,2
2025-03-14,LA MOLINA,42,"LLANTAS 18""",0
2025-03-14,LA MOLINA,43,BATERÍA 18 PLC,0
2025-03-31,SURCO,1,ACCORD,5
2025-03-31,SURCO,2,CIVIC,3
2025-03-31,SURCO,3,ODISSEY,1
2025-03-31,SURCO,4,CRV,3
2025-03-31,SURCO,5,PILOT,2
2025-03-31,SURCO,6,FIT,2
2025-03-31,SURCO,7,CITY,1
2025-03-31,SURCO,8,ELEMENT,0
2025-03-31,SURCO,9,CROSSTOUR,0
2025-03-31,SURCO,10,CR-Z,0
2025-03-31,SURCO,11,RID LINE,0
2025-03-31,SURCO,38,ACEITE 5W30,0
2025-03-31,SURCO,39,FILTRO,0
2025-03-31,SURCO,40,AMORT DEL,0
2025-03-31,SURCO,41,AMORT POS,0
2025-03-31,SURCO,42,"LLANTAS 18""",0
2025-03-31,SURCO,43,BATERÍA 18 PLC,0
2025-03-31,LA MOLINA,1,ACCORD,5
2025-03-31,LA MOLINA,2,CIVIC,4
2025-03-31,LA MOLINA,3,ODISSEY,1
2025-03-31,LA MOLINA,4,CRV,2
2025-03-31,LA MOLINA,5,PILOT,0
2025-03-31,LA MOLINA,6,FIT,0
2025-03-31,LA MOLINA,7,CITY,0
2025-03-31,LA MOLINA,8,ELEMENT,0
2025-03-31,LA MOLINA,9,CROSSTOUR,0
2025-03-31,LA MOLINA,10,CR-Z,0
2025-03-31,LA MOLINA,11,RID LINE,0
2025-03-31,LA MOLINA,38,ACEITE 5W30,0
2025-03-31,LA MOLINA,39,FILTRO,0
2025-03-31,LA MOLINA,40,AMORT DEL,0
2025-03-31,LA MOLINA,41,AMORT POS,0
2025-03-31,LA MOLINA,42,"LLANTAS 18""",0
2025-03-31,LA MOLINA,43,BATERÍA 18 PLC,0
2025-04-14,SURCO,1,ACCORD,3
2025-04-14,SURCO,2,CIVIC,2
2025-04-14,SURCO,3,ODISSEY,4
2025-04-14,SURCO,4,CRV,2
2025-04-14,SURCO,5,PILOT,4
2025-04-14,SURCO,6,FIT,3
2025-04-14,SURCO,7,CITY,1
2025-04-14,SURCO,8,ELEMENT,0
2025-04-14,SURCO,9,CROSSTOUR,0
2025-04-14,SURCO,10,CR-Z,0
2025-04-14,SURCO,11,RID LINE,0
2025-04-14,SURCO,38,ACEITE 5W30,2
2025-04-14,SURCO,39,FILTRO,0
2025-04-14,SURCO,40,AMORT DEL,0
2025-04-14,SURCO,41,AMORT POS,0
2025-04-14,SURCO,42,"LLANTAS 18""",0
2025-04-14,SURCO,43,BATERÍA 18 PLC,0
2025-04-14,LA MOLINA,1,ACCORD,3
2025-04-14,LA MOLINA,2,CIVIC,1
2025-04-14,LA MOLINA,3,ODISSEY,3
2025-04-14,LA MOLINA,4,CRV,3
2025-04-14,LA MOLINA,5,PILOT,0
2025-04-14,LA MOLINA,6,FIT,0
2025-04-14,LA MOLINA,7,CITY,0
2025-04-14,LA MOLINA,8,ELEMENT,0
2025-04-14,LA MOLINA,9,CROSSTOUR,0
2025-04-14,LA MOLINA,10,CR-Z,0
2025-04-14,LA MOLINA,11,RID LINE,0
2025-04-14,LA MOLINA,38,ACEITE 5W30,0
2025-04-14,LA MOLINA,39,FILTRO,0
2025-04-14,LA MOLINA,40,AMORT DEL,0
2025-04-14,LA MOLINA,41,AMORT POS,0
2025-04-14,LA MOLINA,42,"LLANTAS 18""",0
2025-04-14,LA MOLINA,43,BATERÍA 18 PLC,0
2025-04-30,SURCO,1,ACCORD,3
2025-04-30,SURCO,2,CIVIC,2
2025-04-30,SURCO,3,ODISSEY,4
2025-04-30,SURCO,4,CRV,2
2025-04-30,SURCO,5,PILOT,4
2025-04-30,SURCO,6,FIT,3
2025-04-30,SURCO,7,CITY,1
2025-04-30,SURCO,8,ELEMENT,0
2025-04-30,SURCO,9,CROSSTOUR,0
2025-04-30,SURCO,10,CR-Z,0
2025-04-30,SURCO,11,RID LINE,0
2025-04-30,SURCO,38,ACEITE 5W30,0
2025-04-30,SURCO,39,FILTRO,0
2025-04-30,SURCO,40,AMORT DEL,0
2025-04-30,SURCO,41,AMORT POS,0
2025-04-30,SURCO,42,"LLANTAS 18""",0
2025-04-30,SURCO,43,BATERÍA 18 PLC,0
2025-04-30,LA MOLINA,1,ACCORD,3
2025-04-30,LA MOLINA,2,CIVIC,1
2025-04-30,LA MOLINA,3,ODISSEY,3
2025-04-30,LA MOLINA,4,CRV,3
2025-04-30,LA MOLINA,5,PILOT,0
2025-04-30,LA MOLINA,6,FIT,0
2025-04-30,LA MOLINA,7,CITY,0
2025-04-30,LA MOLINA,8,ELEMENT,0
2025-04-30,LA MOLINA,9,CROSSTOUR,0
2025-04-30,LA MOLINA,10,CR-Z,0
2025-04-30,LA MOLINA,11,RID LINE,0
2025-04-30,LA MOLINA,38,ACEITE 5W30,0
2025-04-30,LA MOLINA,39,FILTRO,0
2025-04-30,LA MOLINA,40,AMORT DEL,0
2025-04-30,LA MOLINA,41,AMORT POS,0
2025-04-30,LA MOLINA,42,"LLANTAS 18""",0
2025-04-30,LA MOLINA,43,BATERÍA 18 PLC,0
2025-05-14,SURCO,1,ACCORD,5
2025-05-14,SURCO,2,CIVIC,4
2025-05-14,SURCO,3,ODISSEY,1
2025-05-14,SURCO,4,CRV,4
2025-05-14,SURCO,5,PILOT,2
2025-05-14,SURCO,6,FIT,1
2025-05-14,SURCO,7,CITY,0
2025-05-14,SURCO,8,ELEMENT,0
2025-05-14,SURCO,9,CROSSTOUR,0
2025-05-14,SURCO,10,CR-Z,0
2025-05-14,SURCO,11,RID LINE,0
2025-05-14,SURCO,38,ACEITE 5W30,0
2025-05-14,SURCO,39,FILTRO,0
2025-05-14,SURCO,40,AMORT DEL,1
2025-05-14,SURCO,41,AMORT POS,1
2025-05-14,SURCO,42,"LLANTAS 18""",0
2025-05-14,SURCO,43,BATERÍA 18 PLC,0
2025-05-14,LA MOLINA,1,ACCORD,5
2025-05-14,LA MOLINA,2,CIVIC,4
2025-05-14,LA MOLINA,3,ODISSEY,3
2025-05-14,LA MOLINA,4,CRV,4
2025-05-14,LA MOLINA,5,PILOT,0
2025-05-14,LA MOLINA,6,FIT,0
2025-05-14,LA MOLINA,7,CITY,0
2025-05-14,LA MOLINA,8,ELEMENT,0
2025-05-14,LA MOLINA,9,CROSSTOUR,0
2025-05-14,LA MOLINA,10,CR-Z,0
2025-05-14,LA MOLINA,11,RID LINE,0
2025-05-14,LA MOLINA,38,ACEITE 5W30,0
2025-05-14,LA MOLINA,39,FILTRO,0
2025-05-14,LA MOLINA,40,AMORT DEL,0
2025-05-14,LA MOLINA,41,AMORT POS,0
2025-05-14,LA MOLINA,42,"LLANTAS 18""",0
2025-05-14,LA MOLINA,43,BATERÍA 18 PLC,0
2025-05-31,SURCO,1,ACCORD,5
2025-05-31,SURCO,2,CIVIC,4
2025-05-31,SURCO,3,ODISSEY,1
2025-05-31,SURCO,4,CRV,4
2025-05-31,SURCO,5,PILOT,2
2025-05-31,SURCO,6,FIT,1
2025-05-31,SURCO,7,CITY,0
2025-05-31,SURCO,8,ELEMENT,0
2025-05-31,SURCO,9,CROSSTOUR,0
2025-05-31,SURCO,10,CR-Z,0
2025-05-31,SURCO,11,RID LINE,0
2025-05-31,SURCO,38,ACEITE 5W30,0
2025-05-31,SURCO,39,FILTRO,0
2025-05-31,SURCO,40,AMORT DEL,0
2025-05-31,SURCO,41,AMORT POS,0
2025-05-31,SURCO,42,"LLANTAS 18""",0
2025-05-31,SURCO,43,BATERÍA 18 PLC,0
2025-05-31,LA MOLINA,1,ACCORD,5
2025-05-31,LA MOLINA,2,CIVIC,4
2025-05-31,LA MOLINA,3,ODISSEY,3
2025-05-31,LA MOLINA,4,CRV,4
2025-05-31,LA MOLINA,5,PILOT,0
2025-05-31,LA MOLINA,6,FIT,0
2025-05-31,LA MOLINA,7,CITY,0
2025-05-31,LA MOLINA,8,ELEMENT,0
2025-05-31,LA MOLINA,9,CROSSTOUR,0
2025-05-31,LA MOLINA,10,CR-Z,0
2025-05-31,LA MOLINA,11,RID LINE,0
2025-05-31,LA MOLINA,38,ACEITE 5W30,0
2025-05-31,LA MOLINA,39,FILTRO,0
2025-05-31,LA MOLINA,40,AMORT DEL,0
2025-05-31,LA MOLINA,41,AMORT POS,0
2025-05-31,LA MOLINA,42,"LLANTAS 18""",0
2025-05-31,LA MOLINA,43,BATERÍA 18 PLC,0
2025-06-14,SURCO,1,ACCORD,5
2025-06-14,SURCO,2,CIVIC,5
2025-06-14,SURCO,3,ODISSEY,3
2025-06-14,SURCO,4,CRV,5
2025-06-14,SURCO,5,PILOT,0
2025-06-14,SURCO,6,FIT,3
2025-06-14,SURCO,7,CITY,5
2025-06-14,SURCO,8,ELEMENT,0
2025-06-14,SURCO,9,CROSSTOUR,0
2025-06-14,SURCO,10,CR-Z,0
2025-06-14,SURCO,11,RID LINE,0
2025-06-14,SURCO,38,ACEITE 5W30,0
2025-06-14,SURCO,39,FILTRO,0
2025-06-14,SURCO,40,AMORT DEL,0
2025-06-14,SURCO,41,AMORT POS,0
2025-06-14,SURCO,42,"LLANTAS 18""",0
2025-06-14,SURCO,43,BATERÍA 18 PLC,0
2025-06-14,LA MOLINA,1,ACCORD,4
2025-06-14,LA MOLINA,2,CIVIC,5
2025-06-14,LA MOLINA,3,ODISSEY,1
2025-06-14,LA MOLINA,4,CRV,3
2025-06-14,LA MOLINA,5,PILOT,0
2025-06-14,LA MOLINA,6,FIT,0
2025-06-14,LA MOLINA,7,CITY,0
2025-06-14,LA MOLINA,8,ELEMENT,0
2025-06-14,LA MOLINA,9,CROSSTOUR,0
2025-06-14,LA MOLINA,10,CR-Z,0
2025-06-14,LA MOLINA,11,RID LINE,0
2025-06-14,LA MOLINA,38,ACEITE 5W30,0
2025-06-14,LA MOLINA,39,FILTRO,0
2025-06-14,LA MOLINA,40,AMORT DEL,0
2025-06-14,LA MOLINA,41,AMORT POS,0
2025-06-14,LA MOLINA,42,"LLANTAS 18""",0
2025-06-14,LA MOLINA,43,BATERÍA 18 PLC,0
2025-06-30,SURCO,1,ACCORD,5
2025-06-30,SURCO,2,CIVIC,5
2025-06-30,SURCO,3,ODISSEY,3
2025-06-30,SURCO,4,CRV,5
2025-06-30,SURCO,5,PILOT,0
2025-06-30,SURCO,6,FIT,3
2025-06-30,SURCO,7,CITY,5
2025-06-30,SURCO,8,ELEMENT,0
2025-06-30,SURCO,9,CROSSTOUR,0
2025-06-30,SURCO,10,CR-Z,0
2025-06-30,SURCO,11,RID LINE,0
2025-06-30,SURCO,38,ACEITE 5W30,0
2025-06-30,SURCO,39,FILTRO,0
2025-06-30,SURCO,40,AMORT DEL,0
2025-06-30,SURCO,41,AMORT POS,0
2025-06-30,SURCO,42,"LLANTAS 18""",0
2025-06-30,SURCO,43,BATERÍA 18 PLC,0
2025-06-30,LA MOLINA,1,ACCORD,4
2025-06-30,LA MOLINA,2,CIVIC,5
2025-06-30,LA MOLINA,3,ODISSEY,1
2025-06-30,LA MOLINA,4,CRV,3
2025-06-30,LA MOLINA,5,PILOT,0
2025-06-30,LA MOLINA,6,FIT,0
2025-06-30,LA MOLINA,7,CITY,0
2025-06-30,LA MOLINA,8,ELEMENT,0
2025-06-30,LA MOLINA,9,CROSSTOUR,0
2025-06-30,LA MOLINA,10,CR-Z,0
2025-06-30,LA MOLINA,11,RID LINE,0
2025-06-30,LA MOLINA,38,ACEITE 5W30,0
2025-06-30,LA MOLINA,39,FILTRO,0
2025-06-30,LA MOLINA,40,AMORT DEL,0
2025-06-30,LA MOLINA,41,AMORT POS,0
2025-06-30,LA MOLINA,42,"LLANTAS 18""",0
2025-06-30,LA MOLINA,43,BATERÍA 18 PLC,0
2025-07-14,SURCO,1,ACCORD,3
2025-07-14,SURCO,2,CIVIC,5
2025-07-14,SURCO,3,ODISSEY,3
2025-07-14,SURCO,4,CRV,3
2025-07-14,SURCO,5,PILOT,2
2025-07-14,SURCO,6,FIT,5
2025-07-14,SURCO,7,CITY,0
2025-07-14,SURCO,8,ELEMENT,0
2025-07-14,SURCO,9,CROSSTOUR,0
2025-07-14,SURCO,10,CR-Z,0
2025-07-14,SURCO,11,RID LINE,0
2025-07-14,SURCO,38,ACEITE 5W30,0
2025-07-14,SURCO,39,FILTRO,0
2025-07-14,SURCO,40,AMORT DEL,0
2025-07-14,SURCO,41,AMORT POS,0
2025-07-14,SURCO,42,"LLANTAS 18""",1
2025-07-14,SURCO,43,BATERÍA 18 PLC,0
2025-07-14,LA MOLINA,1,ACCORD,3
2025-07-14,LA MOLINA,2,CIVIC,2
2025-07-14,LA MOLINA,3,ODISSEY,4
2025-07-14,LA MOLINA,4,CRV,2
2025-07-14,LA MOLINA,5,PILOT,0
2025-07-14,LA MOLINA,6,FIT,0
2025-07-14,LA MOLINA,7,CITY,0
2025-07-14,LA MOLINA,8,ELEMENT,0
2025-07-14,LA MOLINA,9,CROSSTOUR,0
2025-07-14,LA MOLINA,10,CR-Z,0
2025-07-14,LA MOLINA,11,RID LINE,0
2025-07-14,LA MOLINA,38,ACEITE 5W30,0
2025-07-14,LA MOLINA,39,FILTRO,0
2025-07-14,LA MOLINA,40,AMORT DEL,0
2025-07-14,LA MOLINA,41,AMORT POS,2
2025-07-14,LA MOLINA,42,"LLANTAS 18""",0
2025-07-14,LA MOLINA,43,BATERÍA 18 PLC,0
2025-07-31,SURCO,1,ACCORD,3
2025-07-31,SURCO,2,CIVIC,5
2025-07-31,SURCO,3,ODISSEY,3
2025-07-31,SURCO,4,CRV,3
2025-07-31,SURCO,5,PILOT,2
2025-07-31,SURCO,6,FIT,5
2025-07-31,SURCO,7,CITY,0
2025-07-31,SURCO,8,ELEMENT,0
2025-07-31,SURCO,9,CROSSTOUR,0
2025-07-31,SURCO,10,CR-Z,0
2025-07-31,SURCO,11,RID LINE,0
2025-07-31,SURCO,38,ACEITE 5W30,0
2025-07-31,SURCO,39,FILTRO,0
2025-07-31,SURCO,40,AMORT DEL,0
2025-07-31,SURCO,41,AMORT POS,0
2025-07-31,SURCO,42,"LLANTAS 18""",0
2025-07-31,SURCO,43,BATERÍA 18 PLC,0
2025-07-31,LA MOLINA,1,ACCORD,3
2025-07-31,LA MOLINA,2,CIVIC,2
2025-07-31,LA MOLINA,3,ODISSEY,4
2025-07-31,LA MOLINA,4,CRV,2
2025-07-31,LA MOLINA,5,PILOT,0
2025-07-31,LA MOLINA,6,FIT,0
2025-07-31,LA MOLINA,7,CITY,0
2025-07-31,LA MOLINA,8,ELEMENT,0
2025-07-31,LA MOLINA,9,CROSSTOUR,0
2025-07-31,LA MOLINA,10,CR-Z,0
2025-07-31,LA MOLINA,11,RID LINE,0
2025-07-31,LA MOLINA,38,ACEITE 5W30,0
2025-07-31,LA MOLINA,39,FILTRO,0
2025-07-31,LA MOLINA,40,AMORT DEL,0
2025-07-31,LA MOLINA,41,AMORT POS,0
2025-07-31,LA MOLINA,42,"LLANTAS 18""",0
2025-07-31,LA MOLINA,43,BATERÍA 18 PLC,0
2025-08-14,SURCO,1,ACCORD,2
2025-08-14,SURCO,2,CIVIC,3
2025-08-14,SURCO,3,ODISSEY,5
2025-08-14,SURCO,4,CRV,4
2025-08-14,SURCO,5,PILOT,3
2025-08-14,SURCO,6,FIT,1
2025-08-14,SURCO,7,CITY,0
2025-08-14,SURCO,8,ELEMENT,0
2025-08-14,SURCO,9,CROSSTOUR,0
2025-08-14,SURCO,10,CR-Z,0
2025-08-14,SURCO,11,RID LINE,0
2025-08-14,SURCO,38,ACEITE 5W30,0
2025-08-14,SURCO,39,FILTRO,0
2025-08-14,SURCO,40,AMORT DEL,0
2025-08-14,SURCO,41,AMORT POS,0
2025-08-14,SURCO,42,"LLANTAS 18""",0
2025-08-14,SURCO,43,BATERÍA 18 PLC,0
2025-08-14,LA MOLINA,1,ACCORD,4
2025-08-14,LA MOLINA,2,CIVIC,3
2025-08-14,LA MOLINA,3,ODISSEY,5
2025-08-14,LA MOLINA,4,CRV,3
2025-08-14,LA MOLINA,5,PILOT,0
2025-08-14,LA MOLINA,6,FIT,0
2025-08-14,LA MOLINA,7,CITY,0
2025-08-14,LA MOLINA,8,ELEMENT,0
2025-08-14,LA MOLINA,9,CROSSTOUR,0
2025-08-14,LA MOLINA,10,CR-Z,0
2025-08-14,LA MOLINA,11,RID LINE,0
2025-08-14,LA MOLINA,38,ACEITE 5W30,0
2025-08-14,LA MOLINA,39,FILTRO,0
2025-08-14,LA MOLINA,40,AMORT DEL,0
2025-08-14,LA MOLINA,41,AMORT POS,4
2025-08-14,LA MOLINA,42,"LLANTAS 18""",0
2025-08-14,LA MOLINA,43,BATERÍA 18 PLC,0
2025-08-31,SURCO,1,ACCORD,2
2025-08-31,SURCO,2,CIVIC,3
2025-08-31,SURCO,3,ODISSEY,5
2025-08-31,SURCO,4,CRV,4
2025-08-31,SURCO,5,PILOT,3
2025-08-31,SURCO,6,FIT,1
2025-08-31,SURCO,7,CITY,0
2025-08-31,SURCO,8,ELEMENT,0
2025-08-31,SURCO,9,CROSSTOUR,0
2025-08-31,SURCO,10,CR-Z,0
2025-08-31,SURCO,11,RID LINE,0
2025-08-31,SURCO,38,ACEITE 5W30,0
2025-08-31,SURCO,39,FILTRO,0
2025-08-31,SURCO,40,AMORT DEL,0
2025-08-31,SURCO,41,AMORT POS,0
2025-08-31,SURCO,42,"LLANTAS 18""",0
2025-08-31,SURCO,43,BATERÍA 18 PLC,0
2025-08-31,LA MOLINA,1,ACCORD,4
2025-08-31,LA MOLINA,2,CIVIC,3
2025-08-31,LA MOLINA,3,ODISSEY,5
2025-08-31,LA MOLINA,4,CRV,3
2025-08-31,LA MOLINA,5,PILOT,0
2025-08-31,LA MOLINA,6,FIT,0
2025-08-31,LA MOLINA,7,CITY,0
2025-08-31,LA MOLINA,8,ELEMENT,0
2025-08-31,LA MOLINA,9,CROSSTOUR,0
2025-08-31,LA MOLINA,10,CR-Z,0
2025-08-31,LA MOLINA,11,RID LINE,0
2025-08-31,LA MOLINA,38,ACEITE 5W30,0
2025-08-31,LA MOLINA,39,FILTRO,0
2025-08-31,LA MOLINA,40,AMORT DEL,0
2025-08-31,LA MOLINA,41,AMORT POS,0
2025-08-31,LA MOLINA,42,"LLANTAS 18""",0
2025-08-31,LA MOLINA,43,BATERÍA 18 PLC,0
2025-09-14,SURCO,1,ACCORD,4
2025-09-14,SURCO,2,CIVIC,2
2025-09-14,SURCO,3,ODISSEY,1
2025-09-14,SURCO,4,CRV,2
2025-09-14,SURCO,5,PILOT,2
2025-09-14,SURCO,6,FIT,1
2025-09-14,SURCO,7,CITY,0
2025-09-14,SURCO,8,ELEMENT,0
2025-09-14,SURCO,9,CROSSTOUR,0
2025-09-14,SURCO,10,CR-Z,0
2025-09-14,SURCO,11,RID LINE,0
2025-09-14,SURCO,38,ACEITE 5W30,0
2025-09-14,SURCO,39,FILTRO,1
2025-09-14,SURCO,40,AMORT DEL,0
2025-09-14,SURCO,41,AMORT POS,0
2025-09-14,SURCO,42,"LLANTAS 18""",0
2025-09-14,SURCO,43,BATERÍA 18 PLC,0
2025-09-14,LA MOLINA,1,ACCORD,4
2025-09-14,LA MOLINA,2,CIVIC,5
2025-09-14,LA MOLINA,3,ODISSEY,3
2025-09-14,LA MOLINA,4,CRV,5
2025-09-14,LA MOLINA,5,PILOT,0
2025-09-14,LA MOLINA,6,FIT,0
2025-09-14,LA MOLINA,7,CITY,0
2025-09-14,LA MOLINA,8,ELEMENT,0
2025-09-14,LA MOLINA,9,CROSSTOUR,0
2025-09-14,LA MOLINA,10,CR-Z,0
2025-09-14,LA MOLINA,11,RID LINE,0
2025-09-14,LA MOLINA,38,ACEITE 5W30,0
2025-09-14,LA MOLINA,39,FILTRO,1
2025-09-14,LA MOLINA,40,AMORT DEL,0
2025-09-14,LA MOLINA,41,AMORT POS,0
2025-09-14,LA MOLINA,42,"LLANTAS 18""",3
2025-09-14,LA MOLINA,43,BATERÍA 18 PLC,0
2025-09-30,SURCO,1,ACCORD,4
2025-09-30,SURCO,2,CIVIC,2
2025-09-30,SURCO,3,ODISSEY,1
2025-09-30,SURCO,4,CRV,2
2025-09-30,SURCO,5,PILOT,2
2025-09-30,SURCO,6,FIT,1
2025-09-30,SURCO,7,CITY,0
2025-09-30,SURCO,8,ELEMENT,0
2025-09-30,SURCO,9,CROSSTOUR,0
2025-09-30,SURCO,10,CR-Z,0
2025-09-30,SURCO,11,RID LINE,0
2025-09-30,SURCO,38,ACEITE 5W30,0
2025-09-30,SURCO,39,FILTRO,1
2025-09-30,SURCO,40,AMORT DEL,0
2025-09-30,SURCO,41,AMORT POS,0
2025-09-30,SURCO,42,"LLANTAS 18""",0
2025-09-30,SURCO,43,BATERÍA 18 PLC,0
2025-09-30,LA MOLINA,1,ACCORD,4
2025-09-30,LA MOLINA,2,CIVIC,5
2025-09-30,LA MOLINA,3,ODISSEY,3
2025-09-30,LA MOLINA,4,CRV,5
2025-09-30,LA MOLINA,5,PILOT,0
2025-09-30,LA MOLINA,6,FIT,0
2025-09-30,LA MOLINA,7,CITY,0
2025-09-30,LA MOLINA,8,ELEMENT,0
2025-09-30,LA MOLINA,9,CROSSTOUR,0
2025-09-30,LA MOLINA,10,CR-Z,0
2025-09-30,LA MOLINA,11,RID LINE,0
2025-09-30,LA MOLINA,38,ACEITE 5W30,0
2025-09-30,LA MOLINA,39,FILTRO,1
2025-09-30,LA MOLINA,40,AMORT DEL,0
2025-09-30,LA MOLINA,41,AMORT POS,0
2025-09-30,LA MOLINA,42,"LLANTAS 18""",0
2025-09-30,LA MOLINA,43,BATERÍA 18 PLC,0
2025-10-14,SURCO,1,ACCORD,4
2025-10-14,SURCO,2,CIVIC,3
2025-10-14,SURCO,3,ODISSEY,4
2025-10-14,SURCO,4,CRV,3
2025-10-14,SURCO,5,PILOT,0
2025-10-14,SURCO,6,FIT,3
2025-10-14,SURCO,7,CITY,1
2025-10-14,SURCO,8,ELEMENT,0
2025-10-14,SURCO,9,CROSSTOUR,0
2025-10-14,SURCO,10,CR-Z,0
2025-10-14,SURCO,11,RID LINE,0
2025-10-14,SURCO,38,ACEITE 5W30,0
2025-10-14,SURCO,39,FILTRO,0
2025-10-14,SURCO,40,AMORT DEL,0
2025-10-14,SURCO,41,AMORT POS,0
2025-10-14,SURCO,42,"LLANTAS 18""",0
2025-10-14,SURCO,43,BATERÍA 18 PLC,0
2025-10-14,LA MOLINA,1,ACCORD,5
2025-10-14,LA MOLINA,2,CIVIC,2
2025-10-14,LA MOLINA,3,ODISSEY,5
2025-10-14,LA MOLINA,4,CRV,2
2025-10-14,LA MOLINA,5,PILOT,0
2025-10-14,LA MOLINA,6,FIT,0
2025-10-14,LA MOLINA,7,CITY,0
2025-10-14,LA MOLINA,8,ELEMENT,0
2025-10-14,LA MOLINA,9,CROSSTOUR,0
2025-10-14,LA MOLINA,10,CR-Z,0
2025-10-14,LA MOLINA,11,RID LINE,0
2025-10-14,LA MOLINA,38,ACEITE 5W30,0
2025-10-14,LA MOLINA,39,FILTRO,0
2025-10-14,LA MOLINA,40,AMORT DEL,0
2025-10-14,LA MOLINA,41,AMORT POS,0
2025-10-14,LA MOLINA,42,"LLANTAS 18""",0
2025-10-14,LA MOLINA,43,BATERÍA 18 PLC,0
2025-10-31,SURCO,1,ACCORD,4
2025-10-31,SURCO,2,CIVIC,3
2025-10-31,SURCO,3,ODISSEY,4
2025-10-31,SURCO,4,CRV,3
2025-10-31,SURCO,5,PILOT,0
2025-10-31,SURCO,6,FIT,3
2025-10-31,SURCO,7,CITY,0
2025-10-31,SURCO,8,ELEMENT,0
2025-10-31,SURCO,9,CROSSTOUR,0
2025-10-31,SURCO,10,CR-Z,0
2025-10-31,SURCO,11,RID LINE,0
2025-10-31,SURCO,38,ACEITE 5W30,0
2025-10-31,SURCO,39,FILTRO,1
2025-10-31,SURCO,40,AMORT DEL,0
2025-10-31,SURCO,41,AMORT POS,0
2025-10-31,SURCO,42,"LLANTAS 18""",0
2025-10-31,SURCO,43,BATERÍA 18 PLC,0
2025-10-31,LA MOLINA,1,ACCORD,5
2025-10-31,LA MOLINA,2,CIVIC,2
2025-10-31,LA MOLINA,3,ODISSEY,5
2025-10-31,LA MOLINA,4,CRV,2
2025-10-31,LA MOLINA,5,PILOT,0
2025-10-31,LA MOLINA,6,FIT,0
2025-10-31,LA MOLINA,7,CITY,0
2025-10-31,LA MOLINA,8,ELEMENT,0
2025-10-31,LA MOLINA,9,CROSSTOUR,0
2025-10-31,LA MOLINA,10,CR-Z,0
2025-10-31,LA MOLINA,11,RID LINE,0
2025-10-31,LA MOLINA,38,ACEITE 5W30,0
2025-10-31,LA MOLINA,39,FILTRO,1
2025-10-31,LA MOLINA,40,AMORT DEL,0
2025-10-31,LA MOLINA,41,AMORT POS,0
2025-10-31,LA MOLINA,42,"LLANTAS 18""",0
2025-10-31,LA MOLINA,43,BATERÍA 18 PLC,0
2025-11-14,SURCO,1,ACCORD,3
2025-11-14,SURCO,2,CIVIC,2
2025-11-14,SURCO,3,ODISSEY,4
2025-11-14,SURCO,4,CRV,3
2025-11-14,SURCO,5,PILOT,1
2025-11-14,SURCO,6,FIT,0
2025-11-14,SURCO,7,CITY,5
2025-11-14,SURCO,8,ELEMENT,0
2025-11-14,SURCO,9,CROSSTOUR,0
2025-11-14,SURCO,10,CR-Z,0
2025-11-14,SURCO,11,RID LINE,0
2025-11-14,SURCO,38,ACEITE 5W30,2
2025-11-14,SURCO,39,FILTRO,0
2025-11-14,SURCO,40,AMORT DEL,0
2025-11-14,SURCO,41,AMORT POS,0
2025-11-14,SURCO,42,"LLANTAS 18""",0
2025-11-14,SURCO,43,BATERÍA 18 PLC,0
2025-11-14,LA MOLINA,1,ACCORD,0
2025-11-14,LA MOLINA,2,CIVIC,3
2025-11-14,LA MOLINA,3,ODISSEY,2
2025-11-14,LA MOLINA,4,CRV,3
2025-11-14,LA MOLINA,5,PILOT,0
2025-11-14,LA MOLINA,6,FIT,0
2025-11-14,LA MOLINA,7,CITY,0
2025-11-14,LA MOLINA,8,ELEMENT,0
2025-11-14,LA MOLINA,9,CROSSTOUR,0
2025-11-14,LA MOLINA,10,CR-Z,0
2025-11-14,LA MOLINA,11,RID LINE,0
2025-11-14,LA MOLINA,38,ACEITE 5W30,1
2025-11-14,LA MOLINA,39,FILTRO,0
2025-11-14,LA MOLINA,40,AMORT DEL,0
2025-11-14,LA MOLINA,41,AMORT POS,0
2025-11-14,LA MOLINA,42,"LLANTAS 18""",1
2025-11-14,LA MOLINA,43,BATERÍA 18 PLC,0
2025-11-30,SURCO,1,ACCORD,3
2025-11-30,SURCO,2,CIVIC,2
2025-11-30,SURCO,3,ODISSEY,4
2025-11-30,SURCO,4,CRV,3
2025-11-30,SURCO,5,PILOT,1
2025-11-30,SURCO,6,FIT,0
2025-11-30,SURCO,7,CITY,5
2025-11-30,SURCO,8,ELEMENT,0
2025-11-30,SURCO,9,CROSSTOUR,0
2025-11-30,SURCO,10,CR-Z,0
2025-11-30,SURCO,11,RID LINE,0
2025-11-30,SURCO,38,ACEITE 5W30,0
2025-11-30,SURCO,39,FILTRO,0
2025-11-30,SURCO,40,AMORT DEL,0
2025-11-30,SURCO,41,AMORT POS,0
2025-11-30,SURCO,42,"LLANTAS 18""",0
2025-11-30,SURCO,43,BATERÍA 18 PLC,0
2025-11-30,LA MOLINA,1,ACCORD,0
2025-11-30,LA MOLINA,2,CIVIC,3
2025-11-30,LA MOLINA,3,ODISSEY,2
2025-11-30,LA MOLINA,4,CRV,3
2025-11-30,LA MOLINA,5,PILOT,0
2025-11-30,LA MOLINA,6,FIT,0
2025-11-30,LA MOLINA,7,CITY,0
2025-11-30,LA MOLINA,8,ELEMENT,0
2025-11-30,LA MOLINA,9,CROSSTOUR,0
2025-11-30,LA MOLINA,10,CR-Z,0
2025-11-30,LA MOLINA,11,RID LINE,0
2025-11-30,LA MOLINA,38,ACEITE 5W30,0
2025-11-30,LA MOLINA,39,FILTRO,0
2025-11-30,LA MOLINA,40,AMORT DEL,0
2025-11-30,LA MOLINA,41,AMORT POS,0
2025-11-30,LA MOLINA,42,"LLANTAS 18""",0
2025-11-30,LA MOLINA,43,BATERÍA 18 PLC,0
2025-12-14,SURCO,1,ACCORD,1
2025-12-14,SURCO,2,CIVIC,3
2025-12-14,SURCO,3,ODISSEY,3
2025-12-14,SURCO,4,CRV,2
2025-12-14,SURCO,5,PILOT,5
2025-12-14,SURCO,6,FIT,2
2025-12-14,SURCO,7,CITY,0
2025-12-14,SURCO,8,ELEMENT,0
2025-12-14,SURCO,9,CROSSTOUR,0
2025-12-14,SURCO,10,CR-Z,0
2025-12-14,SURCO,11,RID LINE,0
2025-12-14,SURCO,38,ACEITE 5W30,0
2025-12-14,SURCO,39,FILTRO,0
2025-12-14,SURCO,40,AMORT DEL,0
2025-12-14,SURCO,41,AMORT POS,0
2025-12-14,SURCO,42,"LLANTAS 18""",1
2025-12-14,SURCO,43,BATERÍA 18 PLC,0
2025-12-14,LA MOLINA,1,ACCORD,4
2025-12-14,LA MOLINA,2,CIVIC,3
2025-12-14,LA MOLINA,3,ODISSEY,3
2025-12-14,LA MOLINA,4,CRV,4
2025-12-14,LA MOLINA,5,PILOT,0
2025-12-14,LA MOLINA,6,FIT,0
2025-12-14,LA MOLINA,7,CITY,0
2025-12-14,LA MOLINA,8,ELEMENT,0
2025-12-14,LA MOLINA,9,CROSSTOUR,0
2025-12-14,LA MOLINA,10,CR-Z,0
2025-12-14,LA MOLINA,11,RID LINE,0
2025-12-14,LA MOLINA,38,ACEITE 5W30,0
2025-12-14,LA MOLINA,39,FILTRO,0
2025-12-14,LA MOLINA,40,AMORT DEL,0
2025-12-14,LA MOLINA,41,AMORT POS,0
2025-12-14,LA MOLINA,42,"LLANTAS 18""",5
2025-12-14,LA MOLINA,43,BATERÍA 18 PLC,0
2025-12-31,SURCO,1,ACCORD,1
2025-12-31,SURCO,2,CIVIC,3
2025-12-31,SURCO,3,ODISSEY,3
2025-12-31,SURCO,4,CRV,2
2025-12-31,SURCO,5,PILOT,5
2025-12-31,SURCO,6,FIT,2
2025-12-31,SURCO,7,CITY,0
2025-12-31,SURCO,8,ELEMENT,0
2025-12-31,SURCO,9,CROSSTOUR,0
2025-12-31,SURCO,10,CR-Z,0
2025-12-31,SURCO,11,RID LINE,0
2025-12-31,SURCO,38,ACEITE 5W30,0
2025-12-31,SURCO,39,FILTRO,0
2025-12-31,SURCO,40,AMORT DEL,0
2025-12-31,SURCO,41,AMORT POS,0
2025-12-31,SURCO,42,"LLANTAS 18""",0
2025-12-31,SURCO,43,BATERÍA 18 PLC,0
2025-12-31,LA MOLINA,1,ACCORD,4
2025-12-31,LA MOLINA,2,CIVIC,3
2025-12-31,LA MOLINA,3,ODISSEY,3
2025-12-31,LA MOLINA,4,CRV,4
2025-12-31,LA MOLINA,5,PILOT,0
2025-12-31,LA MOLINA,6,FIT,0
2025-12-31,LA MOLINA,7,CITY,0
2025-12-31,LA MOLINA,8,ELEMENT,0
2025-12-31,LA MOLINA,9,CROSSTOUR,0
2025-12-31,LA MOLINA,10,CR-Z,0
2025-12-31,LA MOLINA,11,RID LINE,0
2025-12-31,LA MOLINA,38,ACEITE 5W30,0
2025-12-31,LA MOLINA,39,FILTRO,0
2025-12-31,LA MOLINA,40,AMORT DEL,0
2025-12-31,LA MOLINA,41,AMORT POS,0
2025-12-31,LA MOLINA,42,"LLANTAS 18""",0
2025-12-31,LA MOLINA,43,BATERÍA 18 PLC,0
